Deletion size,Max growth rate,Min production rate,Deleted genes,
1,0.211662949735311,17.8046742179353,b2281,
2,0.211662949735311,17.8046742179353,b0733,b0979
