Deletion size,Max growth rate,Min production rate,Deleted genes,,,,,,
5,0.572359610642004,0.0344846665411822,b3236,b0767,b1676,b1854,b0721,,
6,0.484381255761315,0.02918397065962,b0727,b4015,b3236,b0767,b1676,b1854,
7,0.484381255761315,0.02918397065962,b0727,b4014,b2976,b3236,b0767,b1676,b1854
