Deletion size,Max growth rate,Min production rate,Deleted genes,,,,
5,0.571877670007777,0.0344556296179697,b3236,b0767,b1676,b1854,b0721
5,0.571877670007777,0.0344556296179697,b2029,b3236,b1676,b1854,b0721
5,0.571877670007777,0.0344556296179697,b1852,b3236,b1676,b1854,b0721
