Deletion size,Max growth rate,Min production rate,Deleted genes,
2,0.211140652572117,8.47232347941235,b0733,b0979
1,0.211662949735311,8.27945538048654,s0001,
1,0.211662949735311,8.27945538048655,b2281,
