Deletion size,Max growth rate,Min production rate,Deleted genes,,,
2,0.196462222854974,9.50531439808078,s0001,b3734,,
4,0.189173104637489,14.8247850706621,s0001,b1849,b3115,b2296
