Deletion size,Max growth rate,Min production rate,Deleted genes,,,,,,
5,0.404116328926445,6.92901898740571,b2587,b1852,b2463,b1603,b0721,,
5,0.574434304340685,5.63473011273905,b1849,b3115,b2296,b2029,b0721,,
7,0.404116328926445,6.92901898740572,b2587,b1611,b4122,b1612,b2029,b2463,b1603
