Deletion size,Max growth rate,Min production rate,Deleted genes,,,,,,,,
8,0.649275882916097,1.08968578241689,b0727,b2587,b4077,b4015,b3236,b4025,b1676,b1854,
9,0.649275882916097,1.08968578241689,b2587,b4077,b4014,b2976,b3236,b4025,b1676,b1854,b0729
8,0.649275882916097,1.08968578241689,b2587,b4077,b4015,b3236,b4025,b1676,b1854,b0729,
