Deletion size,Max growth rate,Min production rate,Deleted genes,,,,
2,0.734669224135887,1.58424071492663,b2914,b4090,,,
5,0.593581938869041,3.31499145771978,b1852,b1479,b2463,b1676,b1854
