Deletion size,Max growth rate,Min production rate,Deleted genes,
1,0.211662949735311,17.8046742179353,s0001,
2,0.211140652572117,17.4328463757019,b0733,b0979
1,0.211662949735311,17.8046742179353,b2281,
