Deletion size,Max growth rate,Min production rate,Deleted genes,,,,
5,0.652621170543497,5.07988899527258,b1479,b2463,b0767,b1676,b1854
5,0.652621170543497,5.07988899527258,b2029,b1479,b2463,b1676,b1854
