Deletion size,Max growth rate,Min production rate,Deleted genes,,,,,
5,0.652621170543497,5.07988899527258,b2029,b3236,b1676,b1854,b0721,
5,0.572635370169863,0.0690025621054753,b2029,b1479,b2463,b1676,b1854,
6,0.753123272968211,2.87525786843595,b1479,b2463,b1603,b3962,b1676,b1854
