Deletion size,Max growth rate,Min production rate,Deleted genes,,,,,,,
6,0.404116328926445,6.92901898740572,b2587,b2029,b4015,b3236,b1603,b0729,,
8,0.471482330489381,6.41708790002857,b1849,b3115,b2296,b2587,b4014,b2976,b0767,b0729
8,0.501130765872061,5.74788254236483,b0727,b2587,b4014,b2976,b1603,b3962,b2297,b2458
