Deletion size,Max growth rate,Min production rate,Deleted genes,,,,,,
6,0.724856030764145,4.44796523236202,b1849,b3115,b2296,b0474,b0727,b4015,
7,0.499810617598525,12.4036283284288,b1849,b3115,b2296,b0727,b4014,b2976,b0767
7,0.499810617598525,12.4036283284288,b1849,b3115,b2296,b0727,b2029,b4014,b2976
