Deletion size,Max growth rate,Min production rate,Deleted genes,,,
4,0.097773097008113,0.860677018343018,s0001,b0875,b3236,b1603
