Deletion size,Max growth rate,Min production rate,Deleted genes,,,,,
5,0.572635370169863,0.0690025621054708,b3236,b0767,b1676,b1854,b0721,
5,0.572635370169863,0.0690025621054708,b2029,b3236,b1676,b1854,b0721,
6,0.484642645462767,0.0583994387782703,b0727,b4015,b3236,b0767,b1676,b1854
