Deletion size,Max growth rate,Min production rate,Deleted genes,,,,
5,0.652621170543497,5.07988899527258,b1852,b1479,b2463,b1676,b1854
5,0.572635370169863,0.0690025621054708,b1852,b3236,b1676,b1854,b0721
