Deletion size,Max growth rate,Min production rate,Deleted genes,,,,,,
3,0.108370589073641,0.108780067336778,CLJU_RS11880,CLJU_RS06260,CLJU_RS01595,,,,
4,0.215204299922814,0.0457841767978794,CLJU_RS11895,CLJU_RS07210,CLJU_RS03475,CLJU_RS18530,,,
4,0.215204299922814,0.0457841767978794,CLJU_RS11880,CLJU_RS07210,CLJU_RS03475,CLJU_RS18530,,,
7,0.125536935882621,0.617660806156513,CLJU_RS11880,CLJU_RS00610,CLJU_RS01155,CLJU_RS08715,CLJU_RS06095,CLJU_RS18530,CLJU_RS05590
7,0.125536935882621,0.617660806156513,CLJU_RS11880,CLJU_RS00965,CLJU_RS01155,CLJU_RS08715,CLJU_RS06095,CLJU_RS18530,CLJU_RS05590
7,0.125536935882621,0.617660806156513,CLJU_RS11895,CLJU_RS00610,CLJU_RS01155,CLJU_RS08715,CLJU_RS06095,CLJU_RS18530,CLJU_RS05590
7,0.125536935882621,0.617660806156513,CLJU_RS11895,CLJU_RS00965,CLJU_RS01155,CLJU_RS08715,CLJU_RS06095,CLJU_RS18530,CLJU_RS05590
