Deletion size,Max growth rate,Min production rate,Deleted genes,,
1,0.196675517046874,0.16926622696467,CLJU_RS10470,,
2,0.210113645991675,0.0873835338903184,CLJU_RS19990,CLJU_RS14130,
3,0.210113645991675,0.0873835338903072,CLJU_RS19990,CLJU_RS07210,CLJU_RS03475
