Deletion size,Max growth rate,Min production rate,Deleted genes,,,,,,,,,,,,
5,0.14494665854802,9.03181944711025,CLJU_RS05830,CLJU_RS12245,CLJU_RS08100,CLJU_RS08095,CLJU_RS06260,,,,,,,,
5,0.14494665854802,9.03181944711025,CLJU_RS05830,CLJU_RS12245,CLJU_RS08100,CLJU_RS08095,CLJU_RS06265,,,,,,,,
13,0.143530926115822,0.0419726769772964,CLJU_RS05830,CLJU_RS08100,CLJU_RS08095,CLJU_RS03525,CLJU_RS11990,CLJU_RS02910,CLJU_RS15045,CLJU_RS12495,CLJU_RS02030,CLJU_RS18940,CLJU_RS18495,CLJU_RS06260,CLJU_RS18530
