Deletion size,Max growth rate,Min production rate,Deleted genes,
1,0.211484445514808,0.641713703316559,CLJU_RS18495,
2,0.134858673264703,0.409205785486357,CLJU_RS06265,CLJU_RS01155
