Deletion size,Max growth rate,Min production rate,Deleted genes,,,,,,,
5,0.212494171423461,0.0653682538673095,CLJU_RS11895,CLJU_RS07210,CLJU_RS03475,CLJU_RS08715,CLJU_RS18530,,,
8,0.164781752797284,0.0139735338404632,CLJU_RS09865,CLJU_RS09915,CLJU_RS03525,CLJU_RS07210,CLJU_RS03475,CLJU_RS18510,CLJU_RS06260,CLJU_RS18530
