Deletion size,Max growth rate,Min production rate,Deleted genes,,,,,,,,,
5,0.213827203663683,0.0227456015056225,CLJU_RS11895,CLJU_RS07210,CLJU_RS03475,CLJU_RS08715,CLJU_RS18530,,,,,
5,0.213827203663683,0.0227456015056225,CLJU_RS11880,CLJU_RS07210,CLJU_RS03475,CLJU_RS08715,CLJU_RS18530,,,,,
5,0.207952856778899,0.0221207252002588,CLJU_RS11880,CLJU_RS07210,CLJU_RS03475,CLJU_RS18510,CLJU_RS18530,,,,,
7,0.131782207320797,0.6483884909139,CLJU_RS11895,CLJU_RS00610,CLJU_RS01155,CLJU_RS08715,CLJU_RS06095,CLJU_RS18530,CLJU_RS05590,,,
7,0.131782207320797,0.6483884909139,CLJU_RS11895,CLJU_RS00965,CLJU_RS01155,CLJU_RS08715,CLJU_RS06095,CLJU_RS18530,CLJU_RS05590,,,
7,0.131782207320797,0.6483884909139,CLJU_RS11880,CLJU_RS00610,CLJU_RS01155,CLJU_RS08715,CLJU_RS06095,CLJU_RS18530,CLJU_RS05590,,,
7,0.131782207320797,0.6483884909139,CLJU_RS11880,CLJU_RS00965,CLJU_RS01155,CLJU_RS08715,CLJU_RS06095,CLJU_RS18530,CLJU_RS05590,,,
10,0.164781752797288,0.00698676692236308,CLJU_RS09865,CLJU_RS09915,CLJU_RS03525,CLJU_RS07210,CLJU_RS03475,CLJU_RS18510,CLJU_RS11985,CLJU_RS10705,CLJU_RS06260,CLJU_RS18530
