Deletion size,Max growth rate,Min production rate,Deleted genes,,,,,,,,,,,,,,,,,
7,0.134004378594782,0.659321911351456,CLJU_RS11895,CLJU_RS00965,CLJU_RS01155,CLJU_RS08715,CLJU_RS06095,CLJU_RS18530,CLJU_RS05590,,,,,,,,,,,
7,0.134004378594782,0.659321911351456,CLJU_RS11880,CLJU_RS00965,CLJU_RS01155,CLJU_RS08715,CLJU_RS06095,CLJU_RS18530,CLJU_RS05590,,,,,,,,,,,
7,0.134004378594782,0.659321911351456,CLJU_RS11895,CLJU_RS00610,CLJU_RS01155,CLJU_RS08715,CLJU_RS06095,CLJU_RS18530,CLJU_RS05590,,,,,,,,,,,
7,0.134004378594782,0.659321911351456,CLJU_RS11880,CLJU_RS00610,CLJU_RS01155,CLJU_RS08715,CLJU_RS06095,CLJU_RS18530,CLJU_RS05590,,,,,,,,,,,
7,0.212257600090336,0.043530319271024,CLJU_RS11895,CLJU_RS07210,CLJU_RS03475,CLJU_RS08715,CLJU_RS11985,CLJU_RS10705,CLJU_RS18530,,,,,,,,,,,
7,0.212257600090336,0.043530319271024,CLJU_RS11880,CLJU_RS07210,CLJU_RS03475,CLJU_RS08715,CLJU_RS11985,CLJU_RS10705,CLJU_RS18530,,,,,,,,,,,
18,0.0510061068124603,0.318792602121395,CLJU_RS05830,CLJU_RS08100,CLJU_RS08095,CLJU_RS06265,CLJU_RS04120,CLJU_RS20875,CLJU_RS02035,CLJU_RS19980,CLJU_RS15035,CLJU_RS12480,CLJU_RS07210,CLJU_RS03475,CLJU_RS08715,CLJU_RS11995,CLJU_RS15865,CLJU_RS18495,CLJU_RS01595,CLJU_RS05590
