Deletion size,Max growth rate,Min production rate,Deleted genes,,,,,,,,,,,,,,,,
8,0.164860917388583,0.013980247001955,CLJU_RS09865,CLJU_RS09915,CLJU_RS03525,CLJU_RS07210,CLJU_RS03475,CLJU_RS18495,CLJU_RS06260,CLJU_RS18530,,,,,,,,,
9,0.164860917388583,0.0139802470021282,CLJU_RS19875,CLJU_RS16355,CLJU_RS09865,CLJU_RS09915,CLJU_RS07210,CLJU_RS03475,CLJU_RS18510,CLJU_RS06260,CLJU_RS18530,,,,,,,,
17,0.10296906360749,0.902790837638972,CLJU_RS05830,CLJU_RS08100,CLJU_RS08095,CLJU_RS06265,CLJU_RS04120,CLJU_RS09865,CLJU_RS09915,CLJU_RS20875,CLJU_RS02035,CLJU_RS01155,CLJU_RS07210,CLJU_RS03475,CLJU_RS18510,CLJU_RS08715,CLJU_RS11985,CLJU_RS10610,CLJU_RS10705
