Deletion size,Max growth rate,Min production rate,Deleted genes,,,,,
3,0.184148605374269,0.0765850110435106,CLJU_RS19990,CLJU_RS07210,CLJU_RS03475,,,
6,0.184148605374269,0.0765850110434577,CLJU_RS14130,CLJU_RS02910,CLJU_RS15045,CLJU_RS12495,CLJU_RS02030,CLJU_RS18940
