Deletion size,Max growth rate,Min production rate,Deleted genes,
1,0.206538792368003,0.167771254501736,CLJU_RS03260,
1,0.206538792368003,0.167771254501736,CLJU_RS03250,
2,0.206538792368003,0.167771254501736,CLJU_RS15025,CLJU_RS03255
