Deletion size,Max growth rate,Min production rate,Deleted genes,,,,,,,,
7,0.0747246492231679,0.278954139667536,CLJU_RS18515,CLJU_RS00610,CLJU_RS01155,CLJU_RS08715,CLJU_RS06110,CLJU_RS18530,CLJU_RS05590,,
7,0.0747246492231679,0.278954139667536,CLJU_RS11895,CLJU_RS00965,CLJU_RS01155,CLJU_RS08715,CLJU_RS06110,CLJU_RS18530,CLJU_RS05590,,
7,0.0747246492231679,0.278954139667536,CLJU_RS18515,CLJU_RS00965,CLJU_RS01155,CLJU_RS08715,CLJU_RS06110,CLJU_RS18530,CLJU_RS05590,,
7,0.0747246492231679,0.278954139667536,CLJU_RS11895,CLJU_RS00610,CLJU_RS01155,CLJU_RS08715,CLJU_RS06110,CLJU_RS18530,CLJU_RS05590,,
9,0.157159657455416,0.00328647277043514,CLJU_RS05830,CLJU_RS08100,CLJU_RS08095,CLJU_RS00610,CLJU_RS01155,CLJU_RS06110,CLJU_RS02910,CLJU_RS01595,CLJU_RS05590
9,0.157159657455416,0.00328647277043514,CLJU_RS05830,CLJU_RS08100,CLJU_RS08095,CLJU_RS00965,CLJU_RS01155,CLJU_RS06110,CLJU_RS02910,CLJU_RS01595,CLJU_RS05590
