Deletion size,Max growth rate,Min production rate,Deleted genes,,
2,0.207989966617205,0.0554888112338302,CLJU_RS03525,CLJU_RS18510,
2,0.207989966617205,0.0554888112338302,CLJU_RS03525,CLJU_RS18495,
3,0.207989966617205,0.0554888112338302,CLJU_RS19875,CLJU_RS16355,CLJU_RS18510
