Deletion size,Max growth rate,Min production rate,Deleted genes,,,,,,,,,,,,,,,,,
16,0.0776502475332032,1.79612171110032,CLJU_RS05830,CLJU_RS08100,CLJU_RS08095,CLJU_RS11895,CLJU_RS09865,CLJU_RS09915,CLJU_RS20875,CLJU_RS02035,CLJU_RS01155,CLJU_RS07210,CLJU_RS03475,CLJU_RS08715,CLJU_RS11985,CLJU_RS10610,CLJU_RS10705,CLJU_RS18530,,
18,0.0464183385486405,1.27645144773088,CLJU_RS05830,CLJU_RS08100,CLJU_RS08095,CLJU_RS04120,CLJU_RS09865,CLJU_RS09915,CLJU_RS20875,CLJU_RS02035,CLJU_RS01155,CLJU_RS03525,CLJU_RS07210,CLJU_RS03475,CLJU_RS18510,CLJU_RS08715,CLJU_RS11985,CLJU_RS10610,CLJU_RS10705,CLJU_RS01595
18,0.0466363082181907,1.27541412207623,CLJU_RS05830,CLJU_RS08100,CLJU_RS08095,CLJU_RS04120,CLJU_RS09865,CLJU_RS09915,CLJU_RS20875,CLJU_RS02035,CLJU_RS01155,CLJU_RS07210,CLJU_RS03475,CLJU_RS18510,CLJU_RS08715,CLJU_RS11985,CLJU_RS10610,CLJU_RS10705,CLJU_RS01595,CLJU_RS18530
