Deletion size,Max growth rate,Min production rate,Deleted genes,,,,,,
2,0.202458647493501,0.0841999195303545,CLJU_RS19990,CLJU_RS14130,,,,,
3,0.202458647493504,0.0841999195300821,CLJU_RS19990,CLJU_RS07210,CLJU_RS03475,,,,
6,0.202458647493504,0.0841999195300458,CLJU_RS14130,CLJU_RS02910,CLJU_RS15045,CLJU_RS12495,CLJU_RS02030,CLJU_RS18940,
7,0.202458647493504,0.0841999195300848,CLJU_RS07210,CLJU_RS03475,CLJU_RS02910,CLJU_RS15045,CLJU_RS12495,CLJU_RS02030,CLJU_RS18940
