Deletion size,Max growth rate,Min production rate,Deleted genes,,,,,,,,,,,,,,,
15,0.0641717864462772,1.3440118525128,CLJU_RS05830,CLJU_RS08100,CLJU_RS08095,CLJU_RS11880,CLJU_RS06265,CLJU_RS04120,CLJU_RS09865,CLJU_RS09915,CLJU_RS01155,CLJU_RS07210,CLJU_RS03475,CLJU_RS08715,CLJU_RS15865,CLJU_RS02910,CLJU_RS01595,
16,0.0645785085490831,1.34064643872989,CLJU_RS05830,CLJU_RS08100,CLJU_RS08095,CLJU_RS11895,CLJU_RS09865,CLJU_RS09915,CLJU_RS20875,CLJU_RS02035,CLJU_RS01155,CLJU_RS11425,CLJU_RS07210,CLJU_RS03475,CLJU_RS08715,CLJU_RS10610,CLJU_RS06260,CLJU_RS01595
16,0.0546849886223851,0.648371569439408,CLJU_RS05830,CLJU_RS08100,CLJU_RS08095,CLJU_RS04120,CLJU_RS09865,CLJU_RS09915,CLJU_RS20875,CLJU_RS02035,CLJU_RS01155,CLJU_RS07210,CLJU_RS03475,CLJU_RS08715,CLJU_RS10610,CLJU_RS18495,CLJU_RS06260,CLJU_RS01595
