Deletion size,Max growth rate,Min production rate,Deleted genes,,,,,,
2,0.20509137278348,4.10141129201119,CLJU_RS11895,CLJU_RS01595,,,,,
2,0.213870889262155,0.181651315497913,CLJU_RS01155,CLJU_RS01595,,,,,
2,0.20509137278348,4.10141129201119,CLJU_RS11880,CLJU_RS01595,,,,,
4,0.21545658899098,0.137513552006153,CLJU_RS11880,CLJU_RS07210,CLJU_RS03475,CLJU_RS18530,,,
7,0.140109365034483,0.523041429953716,CLJU_RS11895,CLJU_RS00610,CLJU_RS01155,CLJU_RS08715,CLJU_RS06110,CLJU_RS18530,CLJU_RS05590
7,0.140109365034483,0.523041429953716,CLJU_RS11880,CLJU_RS00965,CLJU_RS01155,CLJU_RS08715,CLJU_RS06110,CLJU_RS18530,CLJU_RS05590
7,0.140109365034483,0.523041429953716,CLJU_RS11895,CLJU_RS00965,CLJU_RS01155,CLJU_RS08715,CLJU_RS06110,CLJU_RS18530,CLJU_RS05590
7,0.140109365034483,0.523041429953716,CLJU_RS11880,CLJU_RS00610,CLJU_RS01155,CLJU_RS08715,CLJU_RS06110,CLJU_RS18530,CLJU_RS05590
