Deletion size,Max growth rate,Min production rate,Deleted genes,,,,,,,,,,,,
5,0.0982300863128166,9.98846944928632,CLJU_RS05830,CLJU_RS08100,CLJU_RS08095,CLJU_RS06260,CLJU_RS01595,,,,,,,,
5,0.0982300863128166,9.98846944928632,CLJU_RS05830,CLJU_RS08100,CLJU_RS08095,CLJU_RS06265,CLJU_RS01595,,,,,,,,
5,0.14494665854802,9.03181944711025,CLJU_RS05830,CLJU_RS12245,CLJU_RS08100,CLJU_RS08095,CLJU_RS06260,,,,,,,,
5,0.14494665854802,9.03181944711025,CLJU_RS05830,CLJU_RS12245,CLJU_RS08100,CLJU_RS08095,CLJU_RS06265,,,,,,,,
5,0.193553153922237,0.014823655399457,CLJU_RS05830,CLJU_RS12245,CLJU_RS08100,CLJU_RS08095,CLJU_RS18510,,,,,,,,
5,0.193553153922237,0.014823655399457,CLJU_RS05830,CLJU_RS12245,CLJU_RS08100,CLJU_RS08095,CLJU_RS18495,,,,,,,,
7,0.159732922805991,5.14747272347134,CLJU_RS05830,CLJU_RS12245,CLJU_RS08100,CLJU_RS08095,CLJU_RS11895,CLJU_RS18530,CLJU_RS05590,,,,,,
9,0.143530926115822,0.0419726769772964,CLJU_RS19990,CLJU_RS05830,CLJU_RS08100,CLJU_RS08095,CLJU_RS03525,CLJU_RS11995,CLJU_RS18495,CLJU_RS06260,CLJU_RS18530,,,,
13,0.143530926115822,0.0419726769772964,CLJU_RS05830,CLJU_RS08100,CLJU_RS08095,CLJU_RS03525,CLJU_RS11990,CLJU_RS02910,CLJU_RS15045,CLJU_RS12495,CLJU_RS02030,CLJU_RS18940,CLJU_RS18495,CLJU_RS06260,CLJU_RS18530
