Deletion size,Max growth rate,Min production rate,Deleted genes,,,,,,,,,
7,0.219587804559825,0.0876429824946102,CLJU_RS12800,CLJU_RS05805,CLJU_RS19620,CLJU_RS18530,CLJU_RS04405,CLJU_c06990,CLJU_c20040,,,
10,0.202037432275993,0.122555603358162,CLJU_RS11895,CLJU_RS12800,CLJU_RS05805,CLJU_RS07210,CLJU_RS03475,CLJU_RS19620,CLJU_RS18495,CLJU_RS04405,CLJU_c06990,CLJU_c20040
