Deletion size,Max growth rate,Min production rate,Deleted genes,,,,,,
7,0.212316693526754,0.0653136574507233,CLJU_RS18515,CLJU_RS07210,CLJU_RS03475,CLJU_RS08715,CLJU_RS11985,CLJU_RS10705,CLJU_RS18530
7,0.212316693526754,0.0653136574507233,CLJU_RS11895,CLJU_RS07210,CLJU_RS03475,CLJU_RS08715,CLJU_RS11985,CLJU_RS10705,CLJU_RS18530
