Deletion size,Max growth rate,Min production rate,Deleted genes,,,,,,,,,,,,,,,
16,0.0645785085490841,1.34064643873382,CLJU_RS05830,CLJU_RS08100,CLJU_RS08095,CLJU_RS11880,CLJU_RS04120,CLJU_RS09865,CLJU_RS09915,CLJU_RS20875,CLJU_RS02035,CLJU_RS01155,CLJU_RS07210,CLJU_RS03475,CLJU_RS08715,CLJU_RS10610,CLJU_RS06260,CLJU_RS01595
16,0.0546849886223846,0.648371569439552,CLJU_RS05830,CLJU_RS08100,CLJU_RS08095,CLJU_RS04120,CLJU_RS09865,CLJU_RS09915,CLJU_RS20875,CLJU_RS02035,CLJU_RS01155,CLJU_RS07210,CLJU_RS03475,CLJU_RS08715,CLJU_RS10610,CLJU_RS18495,CLJU_RS06260,CLJU_RS01595
16,0.0546849886223846,0.648371569439552,CLJU_RS05830,CLJU_RS08100,CLJU_RS08095,CLJU_RS06265,CLJU_RS04120,CLJU_RS09865,CLJU_RS09915,CLJU_RS20875,CLJU_RS02035,CLJU_RS01155,CLJU_RS07210,CLJU_RS03475,CLJU_RS08715,CLJU_RS15865,CLJU_RS18495,CLJU_RS01595
