Deletion size,Max growth rate,Min production rate,Deleted genes,,,,,
3,0.162813774894901,0.466429628948304,CLJU_RS11895,CLJU_RS01595,CLJU_RS05590,,,
5,0.213951665539024,0.136553045894779,CLJU_RS11895,CLJU_RS07210,CLJU_RS03475,CLJU_RS08715,CLJU_RS18530,
5,0.213951665539024,0.136553045894779,CLJU_RS11880,CLJU_RS07210,CLJU_RS03475,CLJU_RS08715,CLJU_RS18530,
6,0.158084284665994,0.29507174728697,CLJU_RS11895,CLJU_RS00965,CLJU_RS01155,CLJU_RS06110,CLJU_RS18530,CLJU_RS05590
6,0.158084284665884,0.295071747277115,CLJU_RS11880,CLJU_RS00610,CLJU_RS01155,CLJU_RS06110,CLJU_RS18530,CLJU_RS05590
6,0.158084284665884,0.295071747277115,CLJU_RS11895,CLJU_RS00610,CLJU_RS01155,CLJU_RS06110,CLJU_RS18530,CLJU_RS05590
6,0.158084284665994,0.29507174728697,CLJU_RS11880,CLJU_RS00965,CLJU_RS01155,CLJU_RS06110,CLJU_RS18530,CLJU_RS05590
