Deletion size,Max growth rate,Min production rate,Deleted genes,,
2,0.221841106898448,0.0922608324244686,CLJU_RS19990,CLJU_RS14130,
3,0.221841106898448,0.0922608324244774,CLJU_RS19990,CLJU_RS07210,CLJU_RS03475
