Deletion size,Max growth rate,Min production rate,Deleted genes,,,,,
6,0.158084284665995,0.295071747291863,CLJU_RS11895,CLJU_RS00965,CLJU_RS01155,CLJU_RS06110,CLJU_RS18530,CLJU_RS05590
6,0.158084284666021,0.295071747288863,CLJU_RS11880,CLJU_RS00610,CLJU_RS01155,CLJU_RS06110,CLJU_RS18530,CLJU_RS05590
6,0.158084284666021,0.295071747288863,CLJU_RS11895,CLJU_RS00610,CLJU_RS01155,CLJU_RS06110,CLJU_RS18530,CLJU_RS05590
6,0.158084284665995,0.295071747291863,CLJU_RS11880,CLJU_RS00965,CLJU_RS01155,CLJU_RS06110,CLJU_RS18530,CLJU_RS05590
