Deletion size,Max growth rate,Min production rate,Deleted genes,,,,,,,,,,,,
5,0.144946658548019,9.03181944709259,CLJU_RS05830,CLJU_RS12245,CLJU_RS08100,CLJU_RS08095,CLJU_RS06260,,,,,,,,
5,0.144946658548019,9.03181944709259,CLJU_RS05830,CLJU_RS12245,CLJU_RS08100,CLJU_RS08095,CLJU_RS06265,,,,,,,,
5,0.193553153922237,0.0148236553994569,CLJU_RS05830,CLJU_RS12245,CLJU_RS08100,CLJU_RS08095,CLJU_RS18510,,,,,,,,
5,0.193553153922237,0.0148236553994569,CLJU_RS05830,CLJU_RS12245,CLJU_RS08100,CLJU_RS08095,CLJU_RS18495,,,,,,,,
5,0.0982300863128165,9.98846944928616,CLJU_RS05830,CLJU_RS08100,CLJU_RS08095,CLJU_RS06260,CLJU_RS01595,,,,,,,,
5,0.0982300863128165,9.98846944928616,CLJU_RS05830,CLJU_RS08100,CLJU_RS08095,CLJU_RS06265,CLJU_RS01595,,,,,,,,
7,0.159732922805991,5.14747272347073,CLJU_RS05830,CLJU_RS12245,CLJU_RS08100,CLJU_RS08095,CLJU_RS11895,CLJU_RS18530,CLJU_RS05590,,,,,,
9,0.143530926115821,0.0419726769773901,CLJU_RS19990,CLJU_RS05830,CLJU_RS08100,CLJU_RS08095,CLJU_RS03525,CLJU_RS11995,CLJU_RS18495,CLJU_RS06260,CLJU_RS18530,,,,
13,0.143530926115821,0.0419726769773901,CLJU_RS05830,CLJU_RS08100,CLJU_RS08095,CLJU_RS03525,CLJU_RS11990,CLJU_RS02910,CLJU_RS15045,CLJU_RS12495,CLJU_RS02030,CLJU_RS18940,CLJU_RS18495,CLJU_RS06260,CLJU_RS18530
