Deletion size,Max growth rate,Min production rate,Deleted genes,,,,,,,,,,,,,,,
5,0.214450965326063,0.04562390674525,CLJU_RS11895,CLJU_RS07210,CLJU_RS03475,CLJU_RS08715,CLJU_RS18530,,,,,,,,,,,
7,0.118075974107197,0.580951740155117,CLJU_RS11895,CLJU_RS00965,CLJU_RS01155,CLJU_RS08715,CLJU_RS06095,CLJU_RS18530,CLJU_RS05590,,,,,,,,,
16,0.100829864226831,0.498466396197033,CLJU_RS05830,CLJU_RS08100,CLJU_RS08095,CLJU_RS09865,CLJU_RS09915,CLJU_RS20875,CLJU_RS02035,CLJU_RS07210,CLJU_RS03475,CLJU_RS08715,CLJU_RS11985,CLJU_RS10610,CLJU_RS10705,CLJU_RS18495,CLJU_RS18530,CLJU_RS05590
