Deletion size,Max growth rate,Min production rate,Deleted genes,,,,,
6,0.158084284665994,0.29507174728697,CLJU_RS11895,CLJU_RS00965,CLJU_RS01155,CLJU_RS06110,CLJU_RS18530,CLJU_RS05590
6,0.158084284665884,0.295071747277115,CLJU_RS11880,CLJU_RS00610,CLJU_RS01155,CLJU_RS06110,CLJU_RS18530,CLJU_RS05590
6,0.158084284665884,0.295071747277115,CLJU_RS11895,CLJU_RS00610,CLJU_RS01155,CLJU_RS06110,CLJU_RS18530,CLJU_RS05590
6,0.158084284665994,0.29507174728697,CLJU_RS11880,CLJU_RS00965,CLJU_RS01155,CLJU_RS06110,CLJU_RS18530,CLJU_RS05590
