Deletion size,Max growth rate,Min production rate,Deleted genes,,,,,,
3,0.10837058907364,0.108780067351792,CLJU_RS11880,CLJU_RS06260,CLJU_RS01595,,,,
4,0.21520429992281,0.045784176796163,CLJU_RS11895,CLJU_RS07210,CLJU_RS03475,CLJU_RS18530,,,
4,0.21520429992281,0.045784176796163,CLJU_RS11880,CLJU_RS07210,CLJU_RS03475,CLJU_RS18530,,,
7,0.12553693588262,0.617660806157006,CLJU_RS11880,CLJU_RS00610,CLJU_RS01155,CLJU_RS08715,CLJU_RS06095,CLJU_RS18530,CLJU_RS05590
7,0.12553693588262,0.617660806157006,CLJU_RS11880,CLJU_RS00965,CLJU_RS01155,CLJU_RS08715,CLJU_RS06095,CLJU_RS18530,CLJU_RS05590
7,0.12553693588262,0.617660806157006,CLJU_RS11895,CLJU_RS00610,CLJU_RS01155,CLJU_RS08715,CLJU_RS06095,CLJU_RS18530,CLJU_RS05590
7,0.12553693588262,0.617660806157006,CLJU_RS11895,CLJU_RS00965,CLJU_RS01155,CLJU_RS08715,CLJU_RS06095,CLJU_RS18530,CLJU_RS05590
