Deletion size,Max growth rate,Min production rate,Deleted genes,,
2,0.209234623835772,0.087017960003313,CLJU_RS19990,CLJU_RS14130,
3,0.209234623835772,0.087017960003297,CLJU_RS19990,CLJU_RS07210,CLJU_RS03475
