Deletion size,Max growth rate,Min production rate,Deleted genes,,,,,,,
4,0.192412690281381,0.643434001098308,CLJU_RS00610,CLJU_RS01155,CLJU_RS06095,CLJU_RS05590,,,,
8,0.166238116552797,0.142718768607029,CLJU_RS19875,CLJU_RS16355,CLJU_RS06265,CLJU_RS09865,CLJU_RS09915,CLJU_RS07210,CLJU_RS03475,CLJU_RS18510
