Deletion size,Max growth rate,Min production rate,Deleted genes,,,,,
5,0.110697977650824,8.11096263619639,CLJU_RS18335,CLJU_RS05830,CLJU_RS08100,CLJU_RS08095,CLJU_RS06260,
5,0.129345803965982,7.74324533702144,CLJU_RS05830,CLJU_RS05870,CLJU_RS08100,CLJU_RS08095,CLJU_RS06265,
6,0.104237324367521,6.19036573133114,CLJU_RS18335,CLJU_RS01155,CLJU_RS19980,CLJU_RS15035,CLJU_RS12480,CLJU_RS06260
