Deletion size,Max growth rate,Min production rate,Deleted genes,,,
3,0.210620264505007,0.31954574625699,CLJU_RS07210,CLJU_RS03475,CLJU_RS18495,
4,0.134858673264704,0.204602892743121,CLJU_RS01155,CLJU_RS07210,CLJU_RS03475,CLJU_RS06260
