Deletion size,Max growth rate,Min production rate,Deleted genes,,,,,,
6,0.154587196421324,0.0951093861305663,CLJU_RS11880,CLJU_RS07210,CLJU_RS03475,CLJU_RS08715,CLJU_RS01595,CLJU_RS18530,
7,0.211786034172967,0.130300828064596,CLJU_RS11880,CLJU_RS07210,CLJU_RS03475,CLJU_RS08715,CLJU_RS11985,CLJU_RS10705,CLJU_RS18530
7,0.211786034172967,0.130300828064596,CLJU_RS11895,CLJU_RS07210,CLJU_RS03475,CLJU_RS08715,CLJU_RS11985,CLJU_RS10705,CLJU_RS18530
7,0.118075974107195,0.580951740155399,CLJU_RS11880,CLJU_RS00965,CLJU_RS01155,CLJU_RS08715,CLJU_RS06095,CLJU_RS18530,CLJU_RS05590
7,0.118075974107195,0.580951740155399,CLJU_RS11895,CLJU_RS00965,CLJU_RS01155,CLJU_RS08715,CLJU_RS06095,CLJU_RS18530,CLJU_RS05590
7,0.118075974107195,0.580951740155399,CLJU_RS11895,CLJU_RS00610,CLJU_RS01155,CLJU_RS08715,CLJU_RS06095,CLJU_RS18530,CLJU_RS05590
7,0.118075974107195,0.580951740155399,CLJU_RS11880,CLJU_RS00610,CLJU_RS01155,CLJU_RS08715,CLJU_RS06095,CLJU_RS18530,CLJU_RS05590
