Deletion size,Max growth rate,Min production rate,Deleted genes,,
2,0.205843810040604,0.0856077646265172,CLJU_RS19990,CLJU_RS11345,
3,0.205843810040604,0.0856077646264693,CLJU_RS19990,CLJU_RS07210,CLJU_RS03475
