Deletion size,Max growth rate,Min production rate,Deleted genes,,,,,
4,0.214701490153813,0.0685158078760287,CLJU_RS11895,CLJU_RS07210,CLJU_RS03475,CLJU_RS18530,,
4,0.214701490153813,0.0685158078760287,CLJU_RS18515,CLJU_RS07210,CLJU_RS03475,CLJU_RS18530,,
6,0.1569002227002,0.292861639978937,CLJU_RS18515,CLJU_RS00610,CLJU_RS01155,CLJU_RS06110,CLJU_RS18530,CLJU_RS05590
6,0.1569002227002,0.292861639978937,CLJU_RS11895,CLJU_RS00610,CLJU_RS01155,CLJU_RS06110,CLJU_RS18530,CLJU_RS05590
6,0.1569002227002,0.292861639978937,CLJU_RS11895,CLJU_RS00965,CLJU_RS01155,CLJU_RS06110,CLJU_RS18530,CLJU_RS05590
6,0.1569002227002,0.292861639978937,CLJU_RS18515,CLJU_RS00965,CLJU_RS01155,CLJU_RS06110,CLJU_RS18530,CLJU_RS05590
