Deletion size,Max growth rate,Min production rate,Deleted genes,,,,,,,,,,,,,,,
16,0.0347393853717721,0.962774764248308,CLJU_RS05830,CLJU_RS08100,CLJU_RS08095,CLJU_RS11880,CLJU_RS09865,CLJU_RS09915,CLJU_RS20875,CLJU_RS02035,CLJU_RS01155,CLJU_RS07210,CLJU_RS03475,CLJU_RS08715,CLJU_RS11985,CLJU_RS10610,CLJU_RS10705,CLJU_RS18530
16,0.0347393853717721,0.962774764248308,CLJU_RS05830,CLJU_RS08100,CLJU_RS08095,CLJU_RS11895,CLJU_RS09865,CLJU_RS09915,CLJU_RS20875,CLJU_RS02035,CLJU_RS01155,CLJU_RS07210,CLJU_RS03475,CLJU_RS08715,CLJU_RS15865,CLJU_RS11985,CLJU_RS10705,CLJU_RS18530
16,0.0347393853717721,0.962774764248308,CLJU_RS05830,CLJU_RS08100,CLJU_RS08095,CLJU_RS11880,CLJU_RS09865,CLJU_RS09915,CLJU_RS20875,CLJU_RS02035,CLJU_RS01155,CLJU_RS07210,CLJU_RS03475,CLJU_RS08715,CLJU_RS15865,CLJU_RS11985,CLJU_RS10705,CLJU_RS18530
