Deletion size,Max growth rate,Min production rate,Deleted genes,,,,,,,,,,,,,,
10,0.170542067223216,0.0153221601697634,CLJU_RS11880,CLJU_RS09865,CLJU_RS09915,CLJU_RS07210,CLJU_RS03475,CLJU_RS08715,CLJU_RS11985,CLJU_RS10705,CLJU_RS06260,CLJU_RS18530,,,,,
10,0.170542067223216,0.0153221601697634,CLJU_RS11895,CLJU_RS09865,CLJU_RS09915,CLJU_RS07210,CLJU_RS03475,CLJU_RS08715,CLJU_RS11985,CLJU_RS10705,CLJU_RS06260,CLJU_RS18530,,,,,
15,0.0693364004982739,0.22916136295084,CLJU_RS05830,CLJU_RS08100,CLJU_RS08095,CLJU_RS11880,CLJU_RS09865,CLJU_RS09915,CLJU_RS01155,CLJU_RS07210,CLJU_RS03475,CLJU_RS08715,CLJU_RS15865,CLJU_RS11985,CLJU_RS10705,CLJU_RS02910,CLJU_RS18530
