Deletion size,Max growth rate,Min production rate,Deleted genes,,,,,,
4,0.214701490153812,0.0685158078876996,CLJU_RS11880,CLJU_RS07210,CLJU_RS03475,CLJU_RS18530,,,
7,0.123584674761351,0.608055384696315,CLJU_RS11880,CLJU_RS00965,CLJU_RS01155,CLJU_RS08715,CLJU_RS06095,CLJU_RS18530,CLJU_RS05590
7,0.123584674761351,0.608055384696315,CLJU_RS11895,CLJU_RS00610,CLJU_RS01155,CLJU_RS08715,CLJU_RS06095,CLJU_RS18530,CLJU_RS05590
