Deletion size,Max growth rate,Min production rate,Deleted genes,,,,,,
2,0.198245458965447,0.0824477091928423,CLJU_RS19990,CLJU_RS11345,,,,,
3,0.198245458965558,0.0824477091930401,CLJU_RS19990,CLJU_RS07210,CLJU_RS03475,,,,
6,0.198245458965447,0.0824477091928958,CLJU_RS11345,CLJU_RS02910,CLJU_RS15045,CLJU_RS12495,CLJU_RS02030,CLJU_RS18940,
7,0.198245458965447,0.0824477091927768,CLJU_RS07210,CLJU_RS03475,CLJU_RS02910,CLJU_RS15045,CLJU_RS12495,CLJU_RS02030,CLJU_RS18940
