Deletion size,Max growth rate,Min production rate,Deleted genes,,,,,,,,,,,,,,,,,,,,,,,,
5,0.214513541706005,0.0684558295719708,CLJU_RS11895,CLJU_RS07210,CLJU_RS03475,CLJU_RS08715,CLJU_RS18530,,,,,,,,,,,,,,,,,,,,
5,0.214513541706005,0.0684558295719708,CLJU_RS11880,CLJU_RS07210,CLJU_RS03475,CLJU_RS08715,CLJU_RS18530,,,,,,,,,,,,,,,,,,,,
5,0.155992009033711,0.0497803649072664,CLJU_RS11895,CLJU_RS07210,CLJU_RS03475,CLJU_RS01595,CLJU_RS18530,,,,,,,,,,,,,,,,,,,,
7,0.131325637511029,0.490250949438514,CLJU_RS11880,CLJU_RS00610,CLJU_RS01155,CLJU_RS08715,CLJU_RS06110,CLJU_RS18530,CLJU_RS05590,,,,,,,,,,,,,,,,,,
7,0.131325637511029,0.490250949438514,CLJU_RS11895,CLJU_RS00610,CLJU_RS01155,CLJU_RS08715,CLJU_RS06110,CLJU_RS18530,CLJU_RS05590,,,,,,,,,,,,,,,,,,
7,0.131325637511029,0.490250949438514,CLJU_RS11895,CLJU_RS00965,CLJU_RS01155,CLJU_RS08715,CLJU_RS06110,CLJU_RS18530,CLJU_RS05590,,,,,,,,,,,,,,,,,,
7,0.131325637511029,0.490250949438514,CLJU_RS11880,CLJU_RS00965,CLJU_RS01155,CLJU_RS08715,CLJU_RS06110,CLJU_RS18530,CLJU_RS05590,,,,,,,,,,,,,,,,,,
25,0.0456549319783135,0.0769465600352994,CLJU_RS19875,CLJU_RS16355,CLJU_RS05830,CLJU_RS08100,CLJU_RS08095,CLJU_RS20875,CLJU_RS02035,CLJU_RS01155,CLJU_RS11425,CLJU_RS19980,CLJU_RS15035,CLJU_RS12480,CLJU_RS07210,CLJU_RS03475,CLJU_RS08715,CLJU_RS11995,CLJU_RS15865,CLJU_RS11985,CLJU_RS10705,CLJU_RS18495,CLJU_RS06260,CLJU_RS01595,CLJU_RS05590,CLJU_RS10400,CLJU_RS03010
