Deletion size,Max growth rate,Min production rate,Deleted genes,,,,,,,,,
1,0.212080176772515,0.0881127389568144,CLJU_RS18495,,,,,,,,,
1,0.212080176772515,0.0881127389568144,CLJU_RS18510,,,,,,,,,
4,0.214952600999864,0.0457306284845069,CLJU_RS11880,CLJU_RS07210,CLJU_RS03475,CLJU_RS18530,,,,,,
4,0.214952600999864,0.0457306284845069,CLJU_RS11895,CLJU_RS07210,CLJU_RS03475,CLJU_RS18530,,,,,,
4,0.209017114871973,0.0444678686448293,CLJU_RS07210,CLJU_RS03475,CLJU_RS18495,CLJU_RS18530,,,,,,
4,0.209017114871973,0.0444678686448293,CLJU_RS07210,CLJU_RS03475,CLJU_RS18510,CLJU_RS18530,,,,,,
9,0.216615667541067,0.300925691665641,CLJU_RS05830,CLJU_RS08100,CLJU_RS08095,CLJU_RS09865,CLJU_RS09915,CLJU_RS01155,CLJU_RS07210,CLJU_RS03475,CLJU_RS02910,
10,0.217692229989758,0.295794708702527,CLJU_RS05830,CLJU_RS08100,CLJU_RS08095,CLJU_RS09865,CLJU_RS09915,CLJU_RS20875,CLJU_RS02035,CLJU_RS01155,CLJU_RS07210,CLJU_RS03475
