Deletion size,Max growth rate,Min production rate,Deleted genes,,,,,
4,0.21457615461593,0.0456505404539892,CLJU_RS11880,CLJU_RS07210,CLJU_RS03475,CLJU_RS18530,,
6,0.155733766275856,0.290684394240937,CLJU_RS11880,CLJU_RS00965,CLJU_RS01155,CLJU_RS06110,CLJU_RS18530,CLJU_RS05590
6,0.155733766275856,0.290684394240937,CLJU_RS11895,CLJU_RS00965,CLJU_RS01155,CLJU_RS06110,CLJU_RS18530,CLJU_RS05590
