Deletion size,Max growth rate,Min production rate,Deleted genes,,,
1,0.212080176772515,0.0881127389568002,CLJU_RS18495,,,
4,0.214952600999864,0.045730628484441,CLJU_RS11880,CLJU_RS07210,CLJU_RS03475,CLJU_RS18530
4,0.214952600999864,0.045730628484441,CLJU_RS11895,CLJU_RS07210,CLJU_RS03475,CLJU_RS18530
