Deletion size,Max growth rate,Min production rate,Deleted genes,,
2,0.209016016295551,0.0869270439690546,CLJU_RS19990,CLJU_RS14130,
3,0.209016016295551,0.0869270439690546,CLJU_RS19990,CLJU_RS07210,CLJU_RS03475
