Deletion size,Max growth rate,Min production rate,Deleted genes,,,,,,
5,0.213765027012527,0.0682169626282255,CLJU_RS18515,CLJU_RS07210,CLJU_RS03475,CLJU_RS08715,CLJU_RS18530,,
7,0.118075974107192,0.580951740155105,CLJU_RS11895,CLJU_RS00965,CLJU_RS01155,CLJU_RS08715,CLJU_RS06095,CLJU_RS18530,CLJU_RS05590
7,0.118075974107192,0.580951740155105,CLJU_RS11895,CLJU_RS00610,CLJU_RS01155,CLJU_RS08715,CLJU_RS06095,CLJU_RS18530,CLJU_RS05590
