Deletion size,Max growth rate,Min production rate,Deleted genes,,
2,0.203075194911896,0.0844563335864655,CLJU_RS19990,CLJU_RS14130,
3,0.203075194911896,0.0844563335864753,CLJU_RS19990,CLJU_RS07210,CLJU_RS03475
