Deletion size,Max growth rate,Min production rate,Deleted genes,,,,,,,,,,,,,
12,0.116862782246432,0.921718394564096,CLJU_RS05830,CLJU_RS08100,CLJU_RS08095,CLJU_RS09865,CLJU_RS09915,CLJU_RS01155,CLJU_RS07210,CLJU_RS03475,CLJU_RS08715,CLJU_RS10610,CLJU_RS02910,CLJU_RS18495,,
13,0.118773382423694,0.982422736040905,CLJU_RS05830,CLJU_RS08100,CLJU_RS08095,CLJU_RS11880,CLJU_RS09865,CLJU_RS09915,CLJU_RS01155,CLJU_RS07210,CLJU_RS03475,CLJU_RS08715,CLJU_RS15865,CLJU_RS02910,CLJU_RS18530,
14,0.119500208842818,0.979692556522564,CLJU_RS05830,CLJU_RS08100,CLJU_RS08095,CLJU_RS11880,CLJU_RS09865,CLJU_RS09915,CLJU_RS20875,CLJU_RS02035,CLJU_RS01155,CLJU_RS07210,CLJU_RS03475,CLJU_RS08715,CLJU_RS15865,CLJU_RS18530
