Deletion size,Max growth rate,Min production rate,Deleted genes,,,,,,,,,,,,,,
7,0.212316693526753,0.0653136574503072,CLJU_RS11880,CLJU_RS07210,CLJU_RS03475,CLJU_RS08715,CLJU_RS11985,CLJU_RS10705,CLJU_RS18530,,,,,,,,
15,0.114201620408247,0.454914504592892,CLJU_RS05830,CLJU_RS08100,CLJU_RS08095,CLJU_RS06265,CLJU_RS20875,CLJU_RS02035,CLJU_RS01155,CLJU_RS19985,CLJU_RS12485,CLJU_RS15040,CLJU_RS07210,CLJU_RS03475,CLJU_RS18510,CLJU_RS08715,CLJU_RS10610
15,0.114201620408247,0.454914504592892,CLJU_RS05830,CLJU_RS08100,CLJU_RS08095,CLJU_RS06265,CLJU_RS20875,CLJU_RS02035,CLJU_RS01155,CLJU_RS19985,CLJU_RS12485,CLJU_RS15040,CLJU_RS07210,CLJU_RS03475,CLJU_RS08715,CLJU_RS15865,CLJU_RS18495
