Deletion size,Max growth rate,Min production rate,Deleted genes,,
2,0.198245458965438,0.0824477091930839,CLJU_RS19990,CLJU_RS11345,
3,0.198245458965549,0.0824477091930404,CLJU_RS19990,CLJU_RS07210,CLJU_RS03475
