Deletion size,Max growth rate,Min production rate,Deleted genes,,,
4,0.336762592860955,0.111804483566807,PHATRDRAFT_28882,PHATRDRAFT_9619,PHATRDRAFT_50372,PHATRDRAFT_48078
4,0.336762592861024,0.11180448356683,PHATRDRAFT_9619,PHATRDRAFT_50372,PHATRDRAFT_42245,PHATRDRAFT_10693
4,0.354954227620408,0.0227703346358977,PHATRDRAFT_30145,PHATRDRAFT_28882,PHATRDRAFT_9619,PHATRDRAFT_2215
