Deletion size,Max growth rate,Min production rate,Deleted genes,,,
4,0.116892621818479,0.190974688300174,PHATRDRAFT_48983,PHATRDRAFT_8982,PHATRDRAFT_22803,PHATRDRAFT_859
4,0.152716911355882,0.182079249441931,PHATRDRAFT_14792,PHATRDRAFT_50742,PHATRDRAFT_19708,PHATRDRAFT_19979
4,0.152716911355882,0.182079249441931,PHATRDRAFT_14792,PHATRDRAFT_50742,PHATRDRAFT_19708,PHATRDRAFT_11319
