Deletion size,Max growth rate,Min production rate,Deleted genes,,,,,
2,0.219431851250915,0.0551711437360033,PHATRDRAFT_10454,PHATRDRAFT_20310,,,,
2,0.219431851250924,0.0551711437360055,PHATRDRAFT_10454,PHATRDRAFT_23913,,,,
3,0.219431851251133,0.0551711437360582,PHATRDRAFT_10454,PHATRDRAFT_41886,PHATRDRAFT_39681,,,
3,0.28188000052017,0.0500023629931292,PHATRDRAFT_19708,PHATRDRAFT_10454,PHATRDRAFT_43469,,,
4,0.271706069772483,0.0508444506763552,PHATRDRAFT_20183,PHATRDRAFT_36256,PHATRDRAFT_20310,PHATRDRAFT_23913,,
4,0.271706069772727,0.0508444506766249,PHATRDRAFT_36257,PHATRDRAFT_55035,PHATRDRAFT_23913,PHATRDRAFT_51830,,
5,0.271706069777395,0.0508444506811799,PHATRDRAFT_54219,PHATRDRAFT_13894,PHATRDRAFT_17401,PHATRDRAFT_36256,PHATRDRAFT_23913,
6,0.271706069772161,0.0508444506762722,PHATRDRAFT_55192,PHATRDRAFT_55035,PHATRDRAFT_36256,PHATRDRAFT_41886,PHATRDRAFT_39681,PHATRDRAFT_44384
6,0.271706069772754,0.0508444506766745,PHATRDRAFT_42015,PHATRDRAFT_55035,PHATRDRAFT_36256,PHATRDRAFT_29016,PHATRDRAFT_20310,PHATRDRAFT_18064
