Deletion size,Max growth rate,Min production rate,Deleted genes,,,,
4,0.293879804726821,0.0735137239511394,PHATRDRAFT_30145,PHATRDRAFT_28882,PHATRDRAFT_9619,PHATRDRAFT_50372,
4,0.293879804731047,0.0735137239526438,PHATRDRAFT_26290,PHATRDRAFT_9619,PHATRDRAFT_50372,PHATRDRAFT_10693,
5,0.359606707775755,0.0567285866958909,PHATRDRAFT_19708,PHATRDRAFT_9619,PHATRDRAFT_50372,PHATRDRAFT_31436,PHATRDRAFT_10693
