Deletion size,Max growth rate,Min production rate,Deleted genes,,,
2,0.359606707775726,0.0322056617015202,PHATRDRAFT_10454,PHATRDRAFT_42245,,
2,0.359606707775732,0.0322056617015207,PHATRDRAFT_10454,PHATRDRAFT_20310,,
4,0.359606707775731,0.0220707141631759,PHATRDRAFT_28882,PHATRDRAFT_9619,PHATRDRAFT_2215,PHATRDRAFT_48078
