Deletion size,Max growth rate,Min production rate,Deleted genes,,,
2,0.359606707775842,0.0493272007107735,PHATRDRAFT_36821,PHATRDRAFT_859,,
2,0.35960670777562,0.0322056617015107,PHATRDRAFT_10454,PHATRDRAFT_48078,,
4,0.359606707775733,0.0220707141631761,PHATRDRAFT_9619,PHATRDRAFT_2215,PHATRDRAFT_23913,PHATRDRAFT_10693
