Deletion size,Max growth rate,Min production rate,Deleted genes,,,
2,0.349999907809827,0.0470179436974788,PHATRDRAFT_10454,PHATRDRAFT_23913,,
2,0.353556185332538,0.0296126831601683,PHATRDRAFT_26290,PHATRDRAFT_10454,,
4,0.347809954315916,0.0577360923482104,PHATRDRAFT_28882,PHATRDRAFT_9619,PHATRDRAFT_50372,PHATRDRAFT_859
