Deletion size,Max growth rate,Min production rate,Deleted genes,,,,,,
4,0.219117793005447,0.0551971380727762,PHATRDRAFT_55192,PHATRDRAFT_55035,PHATRDRAFT_36256,PHATRDRAFT_23913,,,
4,0.219117793005368,0.0551971380728856,PHATRDRAFT_36257,PHATRDRAFT_20183,PHATRDRAFT_19708,PHATRDRAFT_23913,,,
7,0.219117793005166,0.0551971380712353,PHATRDRAFT_13643,PHATRDRAFT_49112,PHATRDRAFT_55035,PHATRDRAFT_36256,PHATRDRAFT_20143,PHATRDRAFT_20310,PHATRDRAFT_20445
