Deletion size,Max growth rate,Min production rate,Deleted genes,,,,
4,0.241147863802146,0.0800605914884665,PHATRDRAFT_28882,PHATRDRAFT_9619,PHATRDRAFT_50372,PHATRDRAFT_23913,
4,0.334442868181801,0.0410525876628345,PHATRDRAFT_9619,PHATRDRAFT_2215,PHATRDRAFT_859,PHATRDRAFT_10693,
5,0.324325446827253,0.057558269378596,PHATRDRAFT_54478,PHATRDRAFT_19708,PHATRDRAFT_9619,PHATRDRAFT_50372,PHATRDRAFT_10693
