Deletion size,Max growth rate,Min production rate,Deleted genes,,,,,
4,0.340053689318226,0.0956970816758881,PHATRDRAFT_26290,PHATRDRAFT_9619,PHATRDRAFT_50372,PHATRDRAFT_10693,,
5,0.336762592860945,0.111804483566804,PHATRDRAFT_9619,PHATRDRAFT_50372,PHATRDRAFT_41886,PHATRDRAFT_39681,PHATRDRAFT_10693,
6,0.347023238950007,0.0615864628061375,PHATRDRAFT_40430,PHATRDRAFT_28191,PHATRDRAFT_28882,PHATRDRAFT_9619,PHATRDRAFT_50372,PHATRDRAFT_31436
