Deletion size,Max growth rate,Min production rate,Deleted genes,,,
3,0.216710999250059,1.59802294176041,PHATRDRAFT_14792,PHATRDRAFT_26290,PHATRDRAFT_48983,
3,0.359606707775718,1.17502333096298,PHATRDRAFT_14792,PHATRDRAFT_48983,PHATRDRAFT_48078,
4,0.216710999250147,1.5980229417624,PHATRDRAFT_30145,PHATRDRAFT_32747,PHATRDRAFT_25308,PHATRDRAFT_8982
