Deletion size,Max growth rate,Min production rate,Deleted genes,,,,,,
2,0.196480292335839,0.0570708249455985,PHATRDRAFT_23908,PHATRDRAFT_42245,,,,,
2,0.196480292334706,0.0570708249451854,PHATRDRAFT_23908,PHATRDRAFT_23913,,,,,
3,0.196480292333459,0.0570708249449793,PHATRDRAFT_23908,PHATRDRAFT_55192,PHATRDRAFT_35240,,,,
3,0.196480292334923,0.0570708249451854,PHATRDRAFT_23908,PHATRDRAFT_25932,PHATRDRAFT_11014,,,,
5,0.322300888277334,0.0260833535627451,PHATRDRAFT_55192,PHATRDRAFT_36257,PHATRDRAFT_20183,PHATRDRAFT_35240,PHATRDRAFT_36390,,
5,0.322300888277268,0.0260833535628265,PHATRDRAFT_42015,PHATRDRAFT_55035,PHATRDRAFT_36256,PHATRDRAFT_23913,PHATRDRAFT_23365,,
6,0.355868184985495,0.00261388740553696,PHATRDRAFT_20183,PHATRDRAFT_859,PHATRDRAFT_20310,PHATRDRAFT_20445,PHATRDRAFT_44384,PHATRDRAFT_22019,
7,0.32230088827713,0.0260833535627938,PHATRDRAFT_55035,PHATRDRAFT_36256,PHATRDRAFT_29016,PHATRDRAFT_25932,PHATRDRAFT_11014,PHATRDRAFT_23365,PHATRDRAFT_46728
7,0.322300888277268,0.0260833535628049,PHATRDRAFT_45947,PHATRDRAFT_draft976,PHATRDRAFT_36257,PHATRDRAFT_20183,PHATRDRAFT_29016,PHATRDRAFT_28068,PHATRDRAFT_36390
