Deletion size,Max growth rate,Min production rate,Deleted genes,,,,,
5,0.359606707775623,0.662933320211129,PHATRDRAFT_30145,PHATRDRAFT_51128,PHATRDRAFT_29456,PHATRDRAFT_23598,PHATRDRAFT_50742,
5,0.359606707775731,0.293755832740683,PHATRDRAFT_48983,PHATRDRAFT_51128,PHATRDRAFT_29456,PHATRDRAFT_23598,PHATRDRAFT_48078,
6,0.359606707775733,0.214373506066602,PHATRDRAFT_13643,PHATRDRAFT_14792,PHATRDRAFT_42015,PHATRDRAFT_48983,PHATRDRAFT_28191,PHATRDRAFT_31436
