Deletion size,Max growth rate,Min production rate,Deleted genes,
2,0.342035615206752,0.0859970691667096,PHATRDRAFT_10454,PHATRDRAFT_42245
2,0.342035615206752,0.0859970691667095,PHATRDRAFT_10454,PHATRDRAFT_20310
