Deletion size,Max growth rate,Min production rate,Deleted genes,,,
4,0.336762592860942,0.111804483566803,PHATRDRAFT_9619,PHATRDRAFT_50372,PHATRDRAFT_42245,PHATRDRAFT_10693
4,0.350808310118135,0.0430614322328648,PHATRDRAFT_9619,PHATRDRAFT_2215,PHATRDRAFT_42245,PHATRDRAFT_10693
4,0.350808310118135,0.0430614322328648,PHATRDRAFT_28882,PHATRDRAFT_9619,PHATRDRAFT_2215,PHATRDRAFT_42245
