Deletion size,Max growth rate,Min production rate,Deleted genes,,,
4,0.359606707775733,0.119388682420039,PHATRDRAFT_9619,PHATRDRAFT_50372,PHATRDRAFT_48078,PHATRDRAFT_10693
4,0.359606707775733,0.101199644544969,PHATRDRAFT_30145,PHATRDRAFT_28882,PHATRDRAFT_9619,PHATRDRAFT_50372
4,0.359606707775842,0.0259523904512891,PHATRDRAFT_26290,PHATRDRAFT_28882,PHATRDRAFT_9619,PHATRDRAFT_2215
