Deletion size,Max growth rate,Min production rate,Deleted genes,,,,,
4,0.359606707775732,0.0911692383568311,PHATRDRAFT_30145,PHATRDRAFT_16571,PHATRDRAFT_28882,Phatr3_EG02613,,
4,0.359606707775731,0.04348428686016,PHATRDRAFT_29016,PHATRDRAFT_28191,PHATRDRAFT_10454,PHATRDRAFT_43469,,
6,0.359606707775733,0.0122128896241331,PHATRDRAFT_45017,PHATRDRAFT_14762,PHATRDRAFT_28882,PHATRDRAFT_9619,PHATRDRAFT_2215,PHATRDRAFT_23723
