Deletion size,Max growth rate,Min production rate,Deleted genes,,,
2,0.359606707775622,0.0966169851045328,PHATRDRAFT_10454,PHATRDRAFT_42245,,
3,0.359606707775729,0.0489198227176111,PHATRDRAFT_19708,PHATRDRAFT_10454,PHATRDRAFT_43469,
4,0.359606707775621,0.0220707141631691,PHATRDRAFT_9619,PHATRDRAFT_2215,PHATRDRAFT_859,PHATRDRAFT_10693
