Deletion size,Max growth rate,Min production rate,Deleted genes,,,,,,,,,
2,0.208663405109452,0.0560624389573404,PHATRDRAFT_10454,PHATRDRAFT_23913,,,,,,,,
2,0.20866340511038,0.0560624389575897,PHATRDRAFT_10454,PHATRDRAFT_20310,,,,,,,,
3,0.208663405110329,0.0560624389575762,PHATRDRAFT_10454,PHATRDRAFT_41886,PHATRDRAFT_39681,,,,,,,
4,0.176806056980633,0.0586992448426866,PHATRDRAFT_9619,PHATRDRAFT_50372,PHATRDRAFT_23913,PHATRDRAFT_10693,,,,,,
4,0.176806056980633,0.0586992448426866,PHATRDRAFT_28882,PHATRDRAFT_9619,PHATRDRAFT_50372,PHATRDRAFT_23913,,,,,,
5,0.305901819830114,0.0375491973952629,PHATRDRAFT_9619,PHATRDRAFT_2215,PHATRDRAFT_20310,PHATRDRAFT_18064,PHATRDRAFT_10693,,,,,
5,0.305901819830114,0.0375491973952629,PHATRDRAFT_28882,PHATRDRAFT_9619,PHATRDRAFT_2215,PHATRDRAFT_20310,PHATRDRAFT_18064,,,,,
10,0.324938798818807,0.0242389884143139,PHATRDRAFT_54476,PHATRDRAFT_45451,PHATRDRAFT_1769,PHATRDRAFT_20905,PHATRDRAFT_38946,Phatr3_EG01947,Phatr3_EG02011,PHATRDRAFT_50149,PHATRDRAFT_51970,PHATRDRAFT_44384
10,0.343083062894684,0.0115529447516999,PHATRDRAFT_18337,PHATRDRAFT_54476,PHATRDRAFT_45451,PHATRDRAFT_1769,PHATRDRAFT_20310,PHATRDRAFT_31544,Phatr3_EG02011,PHATRDRAFT_50149,PHATRDRAFT_39772,PHATRDRAFT_36390
