Deletion size,Max growth rate,Min production rate,Deleted genes,,,
4,0.323119524575431,0.0255109822732972,PHATRDRAFT_54015,PHATRDRAFT_41969,PHATRDRAFT_35691,PHATRDRAFT_21970
4,0.323119524575375,0.025510982273639,PHATRDRAFT_54015,PHATRDRAFT_38085,PHATRDRAFT_21970,PHATRDRAFT_51970
4,0.323119524575651,0.0255109822736585,PHATRDRAFT_54015,PHATRDRAFT_5423,PHATRDRAFT_21970,PHATRDRAFT_35580
