Deletion size,Max growth rate,Min production rate,Deleted genes,,,,,
4,0.271706069772523,0.0508444506765279,PHATRDRAFT_45947,PHATRDRAFT_36257,PHATRDRAFT_55035,PHATRDRAFT_23913,,
4,0.271706069772509,0.0508444506766813,PHATRDRAFT_36257,PHATRDRAFT_20183,PHATRDRAFT_23913,PHATRDRAFT_51830,,
6,0.271706069772783,0.0508444506766813,PHATRDRAFT_36257,PHATRDRAFT_20183,PHATRDRAFT_29016,PHATRDRAFT_20143,PHATRDRAFT_20310,PHATRDRAFT_23365
