Deletion size,Max growth rate,Min production rate,Deleted genes,,,,,
4,0.219117793005318,0.0551971380714091,PHATRDRAFT_36257,PHATRDRAFT_20183,PHATRDRAFT_20310,PHATRDRAFT_23913,,
5,0.219117793005455,0.0551971380727991,PHATRDRAFT_36257,PHATRDRAFT_20183,PHATRDRAFT_41886,PHATRDRAFT_39681,PHATRDRAFT_23365,
6,0.219117793005419,0.0551971380728769,PHATRDRAFT_55035,PHATRDRAFT_36256,PHATRDRAFT_20310,PHATRDRAFT_31367,PHATRDRAFT_25572,PHATRDRAFT_23365
