Deletion size,Max growth rate,Min production rate,Deleted genes,,,
3,0.323119524575596,0.0255109822735449,PHATRDRAFT_54015,PHATRDRAFT_31544,PHATRDRAFT_21970,
4,0.323119524575595,0.0255109822735776,PHATRDRAFT_54015,PHATRDRAFT_17720,PHATRDRAFT_12331,PHATRDRAFT_21970
4,0.32311952457545,0.0255109822734704,PHATRDRAFT_54015,PHATRDRAFT_11319,PHATRDRAFT_38946,PHATRDRAFT_21970
