Deletion size,Max growth rate,Min production rate,Deleted genes,,,,
5,0.347021064219164,0.0615971064515621,PHATRDRAFT_34010,PHATRDRAFT_8828,Phatr3_EG02361,PHATRDRAFT_15536,PHATRDRAFT_8945
5,0.347021064219163,0.0615971064515621,PHATRDRAFT_34010,PHATRDRAFT_13476,Phatr3_EG02361,PHATRDRAFT_15536,PHATRDRAFT_8945
5,0.347021064219163,0.0615971064514818,PHATRDRAFT_34010,PHATRDRAFT_28191,Phatr3_EG02361,PHATRDRAFT_draft645,PHATRDRAFT_15536
