Deletion size,Max growth rate,Min production rate,Deleted genes,,,,,
3,0.0288627202518435,0.21283317082983,PHATRDRAFT_14792,PHATRDRAFT_30145,PHATRDRAFT_48983,,,
4,0.0835599463165065,0.199251440768409,PHATRDRAFT_50742,PHATRDRAFT_19708,PHATRDRAFT_8982,PHATRDRAFT_42245,,
6,0.0835599463167847,0.199251440769352,PHATRDRAFT_29016,PHATRDRAFT_50742,PHATRDRAFT_8982,PHATRDRAFT_19979,PHATRDRAFT_8945,PHATRDRAFT_41686
