Deletion size,Max growth rate,Min production rate,Deleted genes,,,
3,0.0812917593700161,0.199814648541917,PHATRDRAFT_14792,PHATRDRAFT_30145,PHATRDRAFT_50742,
3,0.164488202396509,0.17915634988876,PHATRDRAFT_48983,PHATRDRAFT_8982,PHATRDRAFT_48078,
4,0.0812917593704042,0.199814648541752,PHATRDRAFT_26290,PHATRDRAFT_8982,PHATRDRAFT_41063,PHATRDRAFT_33839
