Deletion size,Max growth rate,Min production rate,Deleted genes,,,,
4,0.350808310118136,0.0430614322328649,PHATRDRAFT_9619,PHATRDRAFT_2215,PHATRDRAFT_42245,PHATRDRAFT_10693,
4,0.350808310118134,0.0430614322328646,PHATRDRAFT_9619,PHATRDRAFT_2215,PHATRDRAFT_859,PHATRDRAFT_10693,
5,0.350808310118137,0.043061432232865,PHATRDRAFT_28882,PHATRDRAFT_9619,PHATRDRAFT_2215,PHATRDRAFT_25932,PHATRDRAFT_11014
