Deletion size,Max growth rate,Min production rate,Deleted genes,,,,,,
3,0.0288627202517057,0.212833170830494,PHATRDRAFT_14792,PHATRDRAFT_30145,PHATRDRAFT_50742,,,,
3,0.0288627202520597,0.212833170828933,PHATRDRAFT_14792,PHATRDRAFT_26290,PHATRDRAFT_50742,,,,
7,0.335335061921311,0.118791156505402,PHATRDRAFT_34010,PHATRDRAFT_26290,PHATRDRAFT_13951,PHATRDRAFT_48078,PHATRDRAFT_32849,PHATRDRAFT_draft1517,PHATRDRAFT_28585
