Deletion size,Max growth rate,Min production rate,Deleted genes,,,
4,0.336762592860944,0.111804483566804,PHATRDRAFT_28882,PHATRDRAFT_9619,PHATRDRAFT_50372,PHATRDRAFT_42245
4,0.340053689318113,0.0956970816758511,PHATRDRAFT_30145,PHATRDRAFT_9619,PHATRDRAFT_50372,PHATRDRAFT_10693
4,0.350808310118248,0.0430614322328787,PHATRDRAFT_9619,PHATRDRAFT_2215,PHATRDRAFT_859,PHATRDRAFT_10693
