Deletion size,Max growth rate,Min production rate,Deleted genes,,,
3,0.359606707775731,2.65173328084545,PHATRDRAFT_26290,PHATRDRAFT_50742,PHATRDRAFT_8982,
3,0.359606707775733,2.65173328084465,PHATRDRAFT_14792,PHATRDRAFT_30145,PHATRDRAFT_48983,
4,0.35960670777573,2.65173328084557,PHATRDRAFT_30145,PHATRDRAFT_8982,PHATRDRAFT_41063,PHATRDRAFT_33839
