Deletion size,Max growth rate,Min production rate,Deleted genes,,,,
3,0.0288627202519755,0.212833170829108,PHATRDRAFT_26290,PHATRDRAFT_50742,PHATRDRAFT_8982,,
3,0.0625741135218046,0.204462379907719,PHATRDRAFT_48983,PHATRDRAFT_8982,PHATRDRAFT_48078,,
5,0.0835599463167294,0.199251440767574,PHATRDRAFT_14792,PHATRDRAFT_48983,PHATRDRAFT_40430,PHATRDRAFT_28191,PHATRDRAFT_17720
