Deletion size,Max growth rate,Min production rate,Deleted genes,,,,
3,0.0288627202517745,0.2128331708296,PHATRDRAFT_14792,PHATRDRAFT_30145,PHATRDRAFT_50742,,
3,0.028862720252038,0.212833170831391,PHATRDRAFT_30145,PHATRDRAFT_48983,PHATRDRAFT_8982,,
5,0.0835599463164228,0.199251440766984,PHATRDRAFT_29016,PHATRDRAFT_28191,PHATRDRAFT_50742,PHATRDRAFT_8982,PHATRDRAFT_51970
