Deletion size,Max growth rate,Min production rate,Deleted genes,,,,
4,0.359606707775732,0.0899552395955274,PHATRDRAFT_30145,PHATRDRAFT_28882,PHATRDRAFT_9619,PHATRDRAFT_50372,
4,0.359606707775508,0.0899552395950362,PHATRDRAFT_26290,PHATRDRAFT_28882,PHATRDRAFT_9619,PHATRDRAFT_50372,
5,0.359606707775731,0.0567285866958443,PHATRDRAFT_19708,PHATRDRAFT_28882,PHATRDRAFT_9619,PHATRDRAFT_50372,PHATRDRAFT_51970
