Deletion size,Max growth rate,Min production rate,Deleted genes,,,,,
4,0.359606707775651,0.0207619123610202,PHATRDRAFT_30145,PHATRDRAFT_9619,PHATRDRAFT_2215,PHATRDRAFT_10693,,
5,0.303358710314662,0.144673764801684,PHATRDRAFT_18572,PHATRDRAFT_22418,PHATRDRAFT_14792,PHATRDRAFT_48983,PHATRDRAFT_19708,
6,0.232902449443313,0.162168580992082,PHATRDRAFT_51128,PHATRDRAFT_29456,PHATRDRAFT_23598,PHATRDRAFT_41063,PHATRDRAFT_33839,PHATRDRAFT_48078
