Deletion size,Max growth rate,Min production rate,Deleted genes,,,,
3,0.116892621818468,0.190974688299183,PHATRDRAFT_14792,PHATRDRAFT_50742,PHATRDRAFT_48078,,
4,0.055904275096668,0.206118550641578,PHATRDRAFT_14792,PHATRDRAFT_30145,PHATRDRAFT_41063,PHATRDRAFT_33839,
5,0.152716911355069,0.182079249439683,PHATRDRAFT_14792,PHATRDRAFT_32747,PHATRDRAFT_25308,PHATRDRAFT_19708,PHATRDRAFT_20310
