Deletion size,Max growth rate,Min production rate,Deleted genes,,,,
4,0.359606707775731,0.0259523904515191,PHATRDRAFT_30145,PHATRDRAFT_28882,PHATRDRAFT_9619,PHATRDRAFT_2215,
5,0.359606707775734,0.0638196600328608,PHATRDRAFT_54478,PHATRDRAFT_19708,PHATRDRAFT_28882,PHATRDRAFT_9619,PHATRDRAFT_50372
5,0.359606707775717,0.0441414283263501,PHATRDRAFT_28882,PHATRDRAFT_9619,PHATRDRAFT_2215,PHATRDRAFT_25932,PHATRDRAFT_11014
