Deletion size,Max growth rate,Min production rate,Deleted genes,,,,
4,0.340053689318336,0.0956970816759097,PHATRDRAFT_26290,PHATRDRAFT_28882,PHATRDRAFT_9619,PHATRDRAFT_50372,
4,0.350808310118135,0.0430614322328648,PHATRDRAFT_28882,PHATRDRAFT_9619,PHATRDRAFT_2215,PHATRDRAFT_23913,
5,0.347023238950007,0.0615864628061666,PHATRDRAFT_19708,PHATRDRAFT_9619,PHATRDRAFT_50372,PHATRDRAFT_17720,PHATRDRAFT_10693
