Deletion size,Max growth rate,Min production rate,Deleted genes,,,
4,0.359606707775727,0.119388682420037,PHATRDRAFT_9619,PHATRDRAFT_50372,PHATRDRAFT_23913,PHATRDRAFT_10693
4,0.359606707775735,0.0441414283263523,PHATRDRAFT_28882,PHATRDRAFT_9619,PHATRDRAFT_2215,PHATRDRAFT_48078
4,0.359606707775731,0.0441414283263518,PHATRDRAFT_28882,PHATRDRAFT_9619,PHATRDRAFT_2215,PHATRDRAFT_859
