Deletion size,Max growth rate,Min production rate,Deleted genes,
2,0.333425760133753,0.0457359638644781,PHATRDRAFT_36821,PHATRDRAFT_859
2,0.359606707775731,0.0322056617015206,PHATRDRAFT_10454,PHATRDRAFT_859
2,0.359606707775729,0.0200796364514694,PHATRDRAFT_26290,PHATRDRAFT_10454
