Deletion size,Max growth rate,Min production rate,Deleted genes,,,,,,
3,0.0288627202518219,0.212833170828005,PHATRDRAFT_30145,PHATRDRAFT_48983,PHATRDRAFT_8982,,,,
4,0.0625741135221545,0.204462379908078,PHATRDRAFT_48983,PHATRDRAFT_8982,PHATRDRAFT_859,PHATRDRAFT_31436,,,
7,0.0288627202522045,0.21283317083263,PHATRDRAFT_45017,PHATRDRAFT_14762,PHATRDRAFT_50742,PHATRDRAFT_54017,PHATRDRAFT_43320,PHATRDRAFT_24610,PHATRDRAFT_55069
