Deletion size,Max growth rate,Min production rate,Deleted genes,,,,,
4,0.359606707775732,0.119388682420039,PHATRDRAFT_9619,PHATRDRAFT_50372,PHATRDRAFT_48078,PHATRDRAFT_10693,,
4,0.35960670777562,0.0441414283263382,PHATRDRAFT_9619,PHATRDRAFT_2215,PHATRDRAFT_859,PHATRDRAFT_10693,,
6,0.359606707775732,0.0638196600328212,PHATRDRAFT_40430,PHATRDRAFT_28191,PHATRDRAFT_28882,PHATRDRAFT_9619,PHATRDRAFT_50372,PHATRDRAFT_35580
