Deletion size,Max growth rate,Min production rate,Deleted genes,,,
3,0.116892621818245,0.190974688295008,PHATRDRAFT_48983,PHATRDRAFT_8982,PHATRDRAFT_48078,
4,0.116892621818687,0.190974688297606,PHATRDRAFT_48983,PHATRDRAFT_8982,PHATRDRAFT_859,PHATRDRAFT_42245
4,0.152716911354599,0.182079249437389,PHATRDRAFT_54478,PHATRDRAFT_50742,PHATRDRAFT_19708,PHATRDRAFT_8982
