Deletion size,Max growth rate,Min production rate,Deleted genes,,,,,,
3,0.0288627202518517,0.212833170830196,PHATRDRAFT_30145,PHATRDRAFT_48983,PHATRDRAFT_8982,,,,
3,0.028862720251899,0.212833170829672,PHATRDRAFT_14792,PHATRDRAFT_30145,PHATRDRAFT_50742,,,,
7,0.353877340562434,0.0280408737584385,PHATRDRAFT_34010,PHATRDRAFT_29016,PHATRDRAFT_13951,PHATRDRAFT_48078,PHATRDRAFT_32849,PHATRDRAFT_draft1517,PHATRDRAFT_28585
