Deletion size,Max growth rate,Min production rate,Deleted genes,,,,
3,0.349243166246527,0.0507216153011996,PHATRDRAFT_23908,PHATRDRAFT_41886,PHATRDRAFT_39681,,
4,0.353757160153361,0.0286290650110742,PHATRDRAFT_55035,PHATRDRAFT_36256,PHATRDRAFT_23913,PHATRDRAFT_46728,
5,0.353757160153346,0.028629065011188,PHATRDRAFT_55192,PHATRDRAFT_49112,PHATRDRAFT_36257,PHATRDRAFT_20183,PHATRDRAFT_35240
