Deletion size,Max growth rate,Min production rate,Deleted genes,,,,
4,0.359606707775731,0.0441414283263227,PHATRDRAFT_9619,PHATRDRAFT_2215,PHATRDRAFT_859,PHATRDRAFT_10693,
4,0.359606707775731,0.0441414283258804,PHATRDRAFT_28882,PHATRDRAFT_9619,PHATRDRAFT_2215,PHATRDRAFT_23913,
5,0.359606707775731,0.0441414283263518,PHATRDRAFT_55192,PHATRDRAFT_28882,PHATRDRAFT_9619,PHATRDRAFT_2215,PHATRDRAFT_35240
