Deletion size,Max growth rate,Min production rate,Deleted genes,,,,
4,0.35960670777576,0.119388682420049,PHATRDRAFT_28882,PHATRDRAFT_9619,PHATRDRAFT_50372,PHATRDRAFT_48078,
4,0.359606707775734,0.119388682420692,PHATRDRAFT_28882,PHATRDRAFT_9619,PHATRDRAFT_50372,PHATRDRAFT_23913,
4,0.359606707775731,0.0441414283262225,PHATRDRAFT_9619,PHATRDRAFT_2215,PHATRDRAFT_23913,PHATRDRAFT_10693,
4,0.359606707775731,0.0441414283263279,PHATRDRAFT_9619,PHATRDRAFT_2215,PHATRDRAFT_859,PHATRDRAFT_10693,
4,0.359606707775732,0.0441414283263518,PHATRDRAFT_28882,PHATRDRAFT_9619,PHATRDRAFT_2215,PHATRDRAFT_42245,
5,0.359606707775732,0.0441414283263519,PHATRDRAFT_55192,PHATRDRAFT_9619,PHATRDRAFT_2215,PHATRDRAFT_35240,PHATRDRAFT_10693
5,0.359606707775733,0.0441414283263521,PHATRDRAFT_9619,PHATRDRAFT_20143,PHATRDRAFT_2215,PHATRDRAFT_20310,PHATRDRAFT_10693
5,0.359606707775765,0.044141428326356,PHATRDRAFT_9619,PHATRDRAFT_2215,PHATRDRAFT_20310,PHATRDRAFT_18064,PHATRDRAFT_10693
