Deletion size,Max growth rate,Min production rate,Deleted genes,,,,,
3,0.0559042750967199,0.206118550641113,PHATRDRAFT_26290,PHATRDRAFT_48983,PHATRDRAFT_8982,,,
3,0.055904275096641,0.206118550640805,PHATRDRAFT_14792,PHATRDRAFT_30145,PHATRDRAFT_50742,,,
6,0.152716911355411,0.18207924944031,PHATRDRAFT_14792,PHATRDRAFT_48983,PHATRDRAFT_40430,PHATRDRAFT_20310,PHATRDRAFT_8945,PHATRDRAFT_41686
