Deletion size,Max growth rate,Min production rate,Deleted genes,,,,
2,0.359606707775684,0.0452074601978287,PHATRDRAFT_10454,PHATRDRAFT_48078,,,
4,0.359606707775678,0.0476233621387887,PHATRDRAFT_30145,PHATRDRAFT_28882,PHATRDRAFT_9619,PHATRDRAFT_50372,
5,0.359606707775711,0.030032781191914,PHATRDRAFT_19708,PHATRDRAFT_9619,PHATRDRAFT_50372,PHATRDRAFT_31436,PHATRDRAFT_10693
