Deletion size,Max growth rate,Min production rate,Deleted genes,,,,
2,0.359606707775786,0.0483084925522409,PHATRDRAFT_10454,PHATRDRAFT_23913,,,
4,0.359606707775733,0.0476233621388087,PHATRDRAFT_30145,PHATRDRAFT_9619,PHATRDRAFT_50372,PHATRDRAFT_10693,
5,0.359606707775731,0.0220707141631759,PHATRDRAFT_9619,PHATRDRAFT_2215,PHATRDRAFT_20310,PHATRDRAFT_18064,PHATRDRAFT_10693
