Deletion size,Max growth rate,Min production rate,Deleted genes,,,,
3,0.0288627202518401,0.212833170830341,PHATRDRAFT_14792,PHATRDRAFT_26290,PHATRDRAFT_48983,,
5,0.0288627202518713,0.212833170830329,PHATRDRAFT_26290,PHATRDRAFT_51128,PHATRDRAFT_29456,PHATRDRAFT_23598,PHATRDRAFT_50742
5,0.0625741135217546,0.204462379906846,PHATRDRAFT_32747,PHATRDRAFT_25308,PHATRDRAFT_8982,PHATRDRAFT_859,PHATRDRAFT_20310
