Deletion size,Max growth rate,Min production rate,Deleted genes,,,,
2,0.208663405110123,0.0560624389575207,PHATRDRAFT_10454,PHATRDRAFT_20310,,,
2,0.208663405110084,0.0560624389575104,PHATRDRAFT_10454,PHATRDRAFT_23913,,,
3,0.301035073182922,0.0409519124463023,PHATRDRAFT_19708,PHATRDRAFT_10454,PHATRDRAFT_43469,,
4,0.176806056981573,0.0586992448429987,PHATRDRAFT_28882,PHATRDRAFT_9619,PHATRDRAFT_50372,PHATRDRAFT_23913,
4,0.201361906961709,0.0566667778125275,PHATRDRAFT_30145,PHATRDRAFT_9619,PHATRDRAFT_50372,PHATRDRAFT_10693,
4,0.30590181983,0.0375491973952489,PHATRDRAFT_28882,PHATRDRAFT_9619,PHATRDRAFT_2215,PHATRDRAFT_23913,
5,0.305901819829988,0.0375491973952475,PHATRDRAFT_55192,PHATRDRAFT_9619,PHATRDRAFT_2215,PHATRDRAFT_35240,PHATRDRAFT_10693
