Deletion size,Max growth rate,Min production rate,Deleted genes,,,
2,0.359606707775732,0.028391723958943,PHATRDRAFT_draft521,PHATRDRAFT_55069,,
2,0.359606707775727,0.0283917239589357,PHATRDRAFT_draft521,PHATRDRAFT_35580,,
4,0.359606707775842,0.0283917239593501,PHATRDRAFT_54015,PHATRDRAFT_41886,PHATRDRAFT_39681,PHATRDRAFT_28181
