Deletion size,Max growth rate,Min production rate,Deleted genes,,,,,
4,0.359606707775731,0.101199644545371,PHATRDRAFT_26290,PHATRDRAFT_9619,PHATRDRAFT_50372,PHATRDRAFT_10693,,
4,0.359606707775815,0.0441414283263621,PHATRDRAFT_28882,PHATRDRAFT_9619,PHATRDRAFT_2215,PHATRDRAFT_48078,,
6,0.359606707775732,0.0638196600328213,PHATRDRAFT_29016,PHATRDRAFT_28191,PHATRDRAFT_28882,PHATRDRAFT_9619,PHATRDRAFT_50372,PHATRDRAFT_35580
