Deletion size,Max growth rate,Min production rate,Deleted genes,,,
3,0.359606707775731,0.899868628064584,PHATRDRAFT_26290,PHATRDRAFT_48983,PHATRDRAFT_8982,
4,0.359606707775732,0.899868628064465,PHATRDRAFT_14792,PHATRDRAFT_30145,PHATRDRAFT_41063,PHATRDRAFT_33839
4,0.359606707775733,0.195837221827234,PHATRDRAFT_48983,PHATRDRAFT_8982,PHATRDRAFT_859,PHATRDRAFT_20310
