Deletion size,Max growth rate,Min production rate,Deleted genes,
2,0.359606707775733,0.0904149203956697,PHATRDRAFT_10454,PHATRDRAFT_48078
2,0.359606707775737,0.0904149203956709,PHATRDRAFT_10454,PHATRDRAFT_42245
2,0.359606707775734,0.09041492039567,PHATRDRAFT_10454,PHATRDRAFT_20310
