Deletion size,Max growth rate,Min production rate,Deleted genes,,,
2,0.333425760134137,0.0457359638645308,PHATRDRAFT_36821,PHATRDRAFT_42245,,
2,0.359606707775551,0.0322056617015046,PHATRDRAFT_10454,PHATRDRAFT_859,,
2,0.35960670777574,0.0322056617018022,PHATRDRAFT_10454,PHATRDRAFT_23913,,
2,0.359606707775735,0.0311381628356932,PHATRDRAFT_30145,PHATRDRAFT_36821,,
2,0.359606707775731,0.0200796364514735,PHATRDRAFT_30145,PHATRDRAFT_10454,,
3,0.359606707775731,0.0322056617016722,PHATRDRAFT_45947,PHATRDRAFT_10454,PHATRDRAFT_28068,
3,0.359606707775729,0.0136826542391077,PHATRDRAFT_19708,PHATRDRAFT_10454,PHATRDRAFT_18064,
4,0.359606707775721,0.02207071416308,PHATRDRAFT_9619,PHATRDRAFT_2215,PHATRDRAFT_23913,PHATRDRAFT_10693
4,0.359606707775486,0.0220707141631609,PHATRDRAFT_9619,PHATRDRAFT_2215,PHATRDRAFT_48078,PHATRDRAFT_10693
