Deletion size,Max growth rate,Min production rate,Deleted genes,,,,,
4,0.164488202396878,0.179156349892245,PHATRDRAFT_14792,PHATRDRAFT_48983,PHATRDRAFT_22803,PHATRDRAFT_859,,
5,0.210899320391722,0.167632122395173,PHATRDRAFT_14792,PHATRDRAFT_29016,PHATRDRAFT_28191,PHATRDRAFT_50742,PHATRDRAFT_31436,
6,0.210899320391676,0.167632122394494,PHATRDRAFT_18572,PHATRDRAFT_22418,PHATRDRAFT_14792,PHATRDRAFT_48983,PHATRDRAFT_40430,PHATRDRAFT_28191
