Deletion size,Max growth rate,Min production rate,Deleted genes,,,
2,0.35960670777566,0.0966169851045428,PHATRDRAFT_10454,PHATRDRAFT_48078,,
4,0.359606707775743,0.119388682420043,PHATRDRAFT_9619,PHATRDRAFT_50372,PHATRDRAFT_48078,PHATRDRAFT_10693
4,0.359606707775733,0.0602389093544094,PHATRDRAFT_45017,PHATRDRAFT_14762,PHATRDRAFT_10454,PHATRDRAFT_17720
