Deletion size,Max growth rate,Min production rate,Deleted genes,,
2,0.219431851250915,0.0551711437360033,PHATRDRAFT_10454,PHATRDRAFT_20310,
3,0.219431851251133,0.0551711437360582,PHATRDRAFT_10454,PHATRDRAFT_41886,PHATRDRAFT_39681
