Deletion size,Max growth rate,Min production rate,Deleted genes,,,,
5,0.359606707775732,0.108241952203616,PHATRDRAFT_52208,PHATRDRAFT_12757,PHATRDRAFT_11414,PHATRDRAFT_42245,PHATRDRAFT_23830
5,0.359606707775731,0.108241952203662,PHATRDRAFT_55192,PHATRDRAFT_49372,PHATRDRAFT_50097,PHATRDRAFT_11414,PHATRDRAFT_23830
5,0.359606707775732,0.108241952203605,PHATRDRAFT_45947,PHATRDRAFT_52208,PHATRDRAFT_12757,PHATRDRAFT_11414,PHATRDRAFT_23830
