Deletion size,Max growth rate,Min production rate,Deleted genes,,,
3,0.216805469921564,1.59871956676055,PHATRDRAFT_30145,PHATRDRAFT_50742,PHATRDRAFT_8982,
3,0.21393919105015,1.57758367882928,PHATRDRAFT_14792,PHATRDRAFT_26290,PHATRDRAFT_48983,
4,0.359606707775732,1.17502333096248,PHATRDRAFT_8982,PHATRDRAFT_41063,PHATRDRAFT_33839,PHATRDRAFT_48078
