Deletion size,Max growth rate,Min production rate,Deleted genes,,,,,,
4,0.181343436406086,0.0583236897680144,PHATRDRAFT_30145,PHATRDRAFT_28882,PHATRDRAFT_9619,PHATRDRAFT_50372,,,
4,0.305901819829997,0.0375491973952485,PHATRDRAFT_28882,PHATRDRAFT_9619,PHATRDRAFT_2215,PHATRDRAFT_23913,,,
7,0.219117793005293,0.0551971380721467,PHATRDRAFT_55192,PHATRDRAFT_36257,PHATRDRAFT_20183,PHATRDRAFT_29016,PHATRDRAFT_20310,PHATRDRAFT_18064,PHATRDRAFT_44384
