Deletion size,Max growth rate,Min production rate,Deleted genes,,,
3,0.335756580948609,0.0166754490021922,PHATRDRAFT_draft521,PHATRDRAFT_49229,PHATRDRAFT_20310,
3,0.335756580948815,0.0166754490025935,PHATRDRAFT_draft521,PHATRDRAFT_49229,PHATRDRAFT_23913,
4,0.346561928557504,0.00912060351634236,PHATRDRAFT_draft521,PHATRDRAFT_45947,PHATRDRAFT_28068,PHATRDRAFT_47293
