Deletion size,Max growth rate,Min production rate,Deleted genes,,,,,
4,0.271706069771848,0.0508444506759439,PHATRDRAFT_36257,PHATRDRAFT_20183,PHATRDRAFT_20310,PHATRDRAFT_23913,,
4,0.271706069772681,0.050844450676544,PHATRDRAFT_45947,PHATRDRAFT_20183,PHATRDRAFT_36256,PHATRDRAFT_23913,,
6,0.271706069772753,0.0508444506766169,PHATRDRAFT_55192,PHATRDRAFT_20183,PHATRDRAFT_36256,PHATRDRAFT_41886,PHATRDRAFT_39681,PHATRDRAFT_44384
