Deletion size,Max growth rate,Min production rate,Deleted genes,,,
4,0.359606707775729,0.119388682420038,PHATRDRAFT_9619,PHATRDRAFT_50372,PHATRDRAFT_42245,PHATRDRAFT_10693
4,0.35960670777573,0.0899552395955268,PHATRDRAFT_26290,PHATRDRAFT_28882,PHATRDRAFT_9619,PHATRDRAFT_50372
4,0.359606707775785,0.0899552395955405,PHATRDRAFT_30145,PHATRDRAFT_28882,PHATRDRAFT_9619,PHATRDRAFT_50372
