Deletion size,Max growth rate,Min production rate,Deleted genes
1,0.359606707775731,0.0236958524821684,PHATRDRAFT_41812
1,0.359606707775729,0.0236958524808323,PHATRDRAFT_23709
