Deletion size,Max growth rate,Min production rate,Deleted genes,,,
3,0.0625741135217786,0.20446237990763,PHATRDRAFT_14792,PHATRDRAFT_48983,PHATRDRAFT_48078,
4,0.0625741135217786,0.20446237990763,PHATRDRAFT_14792,PHATRDRAFT_48983,PHATRDRAFT_859,PHATRDRAFT_31436
4,0.0625741135217057,0.204462379906026,PHATRDRAFT_50742,PHATRDRAFT_8982,PHATRDRAFT_859,PHATRDRAFT_42245
