Deletion size,Max growth rate,Min production rate,Deleted genes,,,,
4,0.340053689318224,0.0956970816758821,PHATRDRAFT_26290,PHATRDRAFT_28882,PHATRDRAFT_9619,PHATRDRAFT_50372,
4,0.354381118482929,0.0255752658573355,PHATRDRAFT_26290,PHATRDRAFT_28882,PHATRDRAFT_9619,PHATRDRAFT_2215,
5,0.347023238949958,0.061586462806136,PHATRDRAFT_19708,PHATRDRAFT_28882,PHATRDRAFT_9619,PHATRDRAFT_50372,PHATRDRAFT_20310
