Deletion size,Max growth rate,Min production rate,Deleted genes,,,,,
4,0.0625741135218276,0.204462379907874,PHATRDRAFT_14792,PHATRDRAFT_50742,PHATRDRAFT_55069,PHATRDRAFT_859,,
5,0.08355994631644,0.199251440767175,PHATRDRAFT_14792,PHATRDRAFT_48983,PHATRDRAFT_29016,PHATRDRAFT_28191,PHATRDRAFT_35580,
6,0.0835599463159455,0.199251440764706,PHATRDRAFT_50742,PHATRDRAFT_54017,PHATRDRAFT_43320,PHATRDRAFT_24610,PHATRDRAFT_19708,PHATRDRAFT_23723
