Deletion size,Max growth rate,Min production rate,Deleted genes,,,,
3,0.0625741135216567,0.204462379906374,PHATRDRAFT_14792,PHATRDRAFT_50742,PHATRDRAFT_48078,,
4,0.0288627202516967,0.212833170828884,PHATRDRAFT_14792,PHATRDRAFT_26290,PHATRDRAFT_41063,PHATRDRAFT_33839,
5,0.0288627202523221,0.212833170831946,PHATRDRAFT_26290,PHATRDRAFT_51128,PHATRDRAFT_29456,PHATRDRAFT_23598,PHATRDRAFT_50742
