Deletion size,Max growth rate,Min production rate,Deleted genes,,,,
2,0.359606707775731,0.048308492552281,PHATRDRAFT_10454,PHATRDRAFT_48078,,,
2,0.359606707775758,0.0483084925522846,PHATRDRAFT_10454,PHATRDRAFT_23913,,,
2,0.359606707775731,0.0267728486019647,PHATRDRAFT_26290,PHATRDRAFT_10454,,,
3,0.35960670777562,0.0483084925522661,PHATRDRAFT_10454,PHATRDRAFT_41886,PHATRDRAFT_39681,,
4,0.359606707775731,0.0476233621386508,PHATRDRAFT_26290,PHATRDRAFT_9619,PHATRDRAFT_50372,PHATRDRAFT_10693,
5,0.359606707775732,0.022070714163176,PHATRDRAFT_28882,PHATRDRAFT_9619,PHATRDRAFT_20143,PHATRDRAFT_2215,PHATRDRAFT_20310
