Deletion size,Max growth rate,Min production rate,Deleted genes,,,
3,0.0288627202516772,0.212833170827049,PHATRDRAFT_14792,PHATRDRAFT_26290,PHATRDRAFT_50742,
4,0.0288627202517433,0.212833170828467,PHATRDRAFT_14792,PHATRDRAFT_30145,PHATRDRAFT_41063,PHATRDRAFT_33839
4,0.0835599463160073,0.199251440763704,PHATRDRAFT_14792,PHATRDRAFT_50742,PHATRDRAFT_19708,PHATRDRAFT_35580
