Deletion size,Max growth rate,Min production rate,Deleted genes,,,
3,0.354601436279995,0.00349956837453093,PHATRDRAFT_54015,PHATRDRAFT_42245,PHATRDRAFT_28181,
3,0.354601436279968,0.00349956837442275,PHATRDRAFT_54015,PHATRDRAFT_20310,PHATRDRAFT_28181,
4,0.354601436279963,0.00349956837451695,PHATRDRAFT_54015,PHATRDRAFT_41886,PHATRDRAFT_39681,PHATRDRAFT_21970
