Deletion size,Max growth rate,Min production rate,Deleted genes,,,,
2,0.359606707775675,0.0241542462761367,PHATRDRAFT_10454,PHATRDRAFT_20310,,,
4,0.359606707775731,0.0147138094421173,PHATRDRAFT_28882,PHATRDRAFT_9619,PHATRDRAFT_2215,PHATRDRAFT_859,
5,0.359606707775659,0.0147138094421143,PHATRDRAFT_9619,PHATRDRAFT_2215,PHATRDRAFT_20310,PHATRDRAFT_31367,PHATRDRAFT_10693
