Deletion size,Max growth rate,Min production rate,Deleted genes,,,,
3,0.218256436572821,1.60941896829,PHATRDRAFT_14792,PHATRDRAFT_30145,PHATRDRAFT_50742,,
5,0.215316175009261,1.5877375333414,PHATRDRAFT_14792,PHATRDRAFT_48983,PHATRDRAFT_45017,PHATRDRAFT_14762,PHATRDRAFT_20310
5,0.215316175009253,1.58773753333894,PHATRDRAFT_30145,PHATRDRAFT_48983,PHATRDRAFT_51128,PHATRDRAFT_29456,PHATRDRAFT_23598
