Deletion size,Max growth rate,Min production rate,Deleted genes,,
2,0.353897749137641,0.0279409893807373,PHATRDRAFT_draft521,PHATRDRAFT_48078,
2,0.353897749137528,0.0279409893806476,PHATRDRAFT_draft521,PHATRDRAFT_41969,
3,0.353897749137517,0.0279409893776949,PHATRDRAFT_54015,PHATRDRAFT_23723,PHATRDRAFT_21970
