Deletion size,Max growth rate,Min production rate,Deleted genes,,,,
4,0.359606707775731,0.0441414283263517,PHATRDRAFT_9619,PHATRDRAFT_2215,PHATRDRAFT_23913,PHATRDRAFT_10693,
5,0.35960670777569,0.119388682420025,PHATRDRAFT_28882,PHATRDRAFT_9619,PHATRDRAFT_20143,PHATRDRAFT_50372,PHATRDRAFT_20310
5,0.359606707775733,0.119388682420039,PHATRDRAFT_28882,PHATRDRAFT_9619,PHATRDRAFT_50372,PHATRDRAFT_41886,PHATRDRAFT_39681
