Deletion size,Max growth rate,Min production rate,Deleted genes,,,
3,0.30164905070919,0.0405226337676997,PHATRDRAFT_10454,PHATRDRAFT_41886,PHATRDRAFT_39681,
4,0.17680605698087,0.0586992448427653,PHATRDRAFT_28882,PHATRDRAFT_9619,PHATRDRAFT_50372,PHATRDRAFT_23913
4,0.305901819829991,0.0375491973952479,PHATRDRAFT_9619,PHATRDRAFT_2215,PHATRDRAFT_23913,PHATRDRAFT_10693
