Deletion size,Max growth rate,Min production rate,Deleted genes,,,
4,0.359606707775842,0.119388682420076,PHATRDRAFT_28882,PHATRDRAFT_9619,PHATRDRAFT_50372,PHATRDRAFT_23913
4,0.359606707775729,0.0441414283263516,PHATRDRAFT_9619,PHATRDRAFT_2215,PHATRDRAFT_48078,PHATRDRAFT_10693
4,0.359606707775731,0.0441414283264161,PHATRDRAFT_9619,PHATRDRAFT_2215,PHATRDRAFT_23913,PHATRDRAFT_10693
