Deletion size,Max growth rate,Min production rate,Deleted genes,,,,
4,0.359606707775733,0.119388682420698,PHATRDRAFT_28882,PHATRDRAFT_9619,PHATRDRAFT_50372,PHATRDRAFT_23913,
5,0.35960670777584,0.0638196600329427,PHATRDRAFT_19708,PHATRDRAFT_9619,PHATRDRAFT_50372,PHATRDRAFT_19979,PHATRDRAFT_10693
5,0.359606707775731,0.0441414283263518,PHATRDRAFT_9619,PHATRDRAFT_2215,PHATRDRAFT_25932,PHATRDRAFT_11014,PHATRDRAFT_10693
