Deletion size,Max growth rate,Min production rate,Deleted genes,,,,,
4,0.157871343539953,0.0903996826998911,PHATRDRAFT_49229,PHATRDRAFT_30145,PHATRDRAFT_54015,PHATRDRAFT_28181,,
5,0.104259560018372,0.0970557859826462,PHATRDRAFT_49229,PHATRDRAFT_54015,PHATRDRAFT_26290,PHATRDRAFT_11319,PHATRDRAFT_21970,
6,0.300763964544157,0.0706746329668361,PHATRDRAFT_54477,PHATRDRAFT_54015,PHATRDRAFT_36257,PHATRDRAFT_19708,PHATRDRAFT_48078,PHATRDRAFT_21970
