Deletion size,Max growth rate,Min production rate,Deleted genes,,,
4,0.359606707775731,0.101199644544968,PHATRDRAFT_30145,PHATRDRAFT_9619,PHATRDRAFT_50372,PHATRDRAFT_10693
4,0.359606707775732,0.0259523904512825,PHATRDRAFT_26290,PHATRDRAFT_9619,PHATRDRAFT_2215,PHATRDRAFT_10693
4,0.359606707775732,0.0259523904512825,PHATRDRAFT_26290,PHATRDRAFT_28882,PHATRDRAFT_9619,PHATRDRAFT_2215
