Deletion size,Max growth rate,Min production rate,Deleted genes,,,
3,0.0698403833508854,0.202658110796551,PHATRDRAFT_30145,PHATRDRAFT_50742,PHATRDRAFT_8982,
4,0.336762592860947,0.111804483566805,PHATRDRAFT_9619,PHATRDRAFT_50372,PHATRDRAFT_859,PHATRDRAFT_10693
4,0.355414051306918,0.0205198491174616,PHATRDRAFT_26290,PHATRDRAFT_28882,PHATRDRAFT_9619,PHATRDRAFT_2215
