Deletion size,Max growth rate,Min production rate,Deleted genes,,,
4,0.220274391840669,0.0551014073606882,PHATRDRAFT_30145,PHATRDRAFT_9619,PHATRDRAFT_50372,PHATRDRAFT_10693
4,0.356821362857335,0.0437995295229617,PHATRDRAFT_28882,PHATRDRAFT_9619,PHATRDRAFT_2215,PHATRDRAFT_48078
4,0.356821362857321,0.0437995295229601,PHATRDRAFT_28882,PHATRDRAFT_9619,PHATRDRAFT_2215,PHATRDRAFT_42245
