Deletion size,Max growth rate,Min production rate,Deleted genes,,,
3,0.212579707272664,1.56755887033752,PHATRDRAFT_14792,PHATRDRAFT_30145,PHATRDRAFT_48983,
3,0.359606707775724,1.17502333096313,PHATRDRAFT_48983,PHATRDRAFT_8982,PHATRDRAFT_48078,
4,0.359606707775732,1.1750233309626,PHATRDRAFT_14792,PHATRDRAFT_50742,PHATRDRAFT_55069,PHATRDRAFT_859
