Deletion size,Max growth rate,Min production rate,Deleted genes,,,
4,0.359606707775731,0.0441414283265197,PHATRDRAFT_9619,PHATRDRAFT_2215,PHATRDRAFT_23913,PHATRDRAFT_10693
4,0.359606707775731,0.0441414283263518,PHATRDRAFT_9619,PHATRDRAFT_2215,PHATRDRAFT_42245,PHATRDRAFT_10693
4,0.359606707775733,0.044141428326352,PHATRDRAFT_28882,PHATRDRAFT_9619,PHATRDRAFT_2215,PHATRDRAFT_48078
