Deletion size,Max growth rate,Min production rate,Deleted genes,
2,0.359606707775734,0.0493272007107587,PHATRDRAFT_36821,PHATRDRAFT_20310
2,0.359606707775731,0.048308492552281,PHATRDRAFT_10454,PHATRDRAFT_859
2,0.35960670777551,0.0301194546771903,PHATRDRAFT_26290,PHATRDRAFT_10454
