Deletion size,Max growth rate,Min production rate,Deleted genes,,,
4,0.359606707775707,0.119388682420031,PHATRDRAFT_9619,PHATRDRAFT_50372,PHATRDRAFT_23913,PHATRDRAFT_10693
4,0.35960670777575,0.101199644545045,PHATRDRAFT_26290,PHATRDRAFT_28882,PHATRDRAFT_9619,PHATRDRAFT_50372
4,0.359606707775729,0.101199644544968,PHATRDRAFT_30145,PHATRDRAFT_9619,PHATRDRAFT_50372,PHATRDRAFT_10693
