Deletion size,Max growth rate,Min production rate,Deleted genes,,,,
4,0.359606707775732,0.119388682420039,PHATRDRAFT_9619,PHATRDRAFT_50372,PHATRDRAFT_48078,PHATRDRAFT_10693,
4,0.359606707775788,0.10119964454499,PHATRDRAFT_26290,PHATRDRAFT_28882,PHATRDRAFT_9619,PHATRDRAFT_50372,
5,0.359606707775511,0.0441414283263249,PHATRDRAFT_28882,PHATRDRAFT_9619,PHATRDRAFT_2215,PHATRDRAFT_25932,PHATRDRAFT_11014
