Deletion size,Max growth rate,Min production rate,Deleted genes,,,
4,0.359606707775759,1.04348247433846,PHATRDRAFT_14792,PHATRDRAFT_26290,PHATRDRAFT_32747,PHATRDRAFT_25308
4,0.359606707775978,0.250391997399192,PHATRDRAFT_14792,PHATRDRAFT_48983,PHATRDRAFT_859,PHATRDRAFT_42245
4,0.359606707775731,0.0441414283263519,PHATRDRAFT_9619,PHATRDRAFT_2215,PHATRDRAFT_42245,PHATRDRAFT_10693
