Deletion size,Max growth rate,Min production rate,Deleted genes,,,,,,,,,,,
2,0.351664599853411,0.00555293548708558,PHATRDRAFT_draft521,PHATRDRAFT_23913,,,,,,,,,,
2,0.351664599853467,0.00555293548717373,PHATRDRAFT_draft521,PHATRDRAFT_20310,,,,,,,,,,
2,0.351664599853297,0.00555293548721236,PHATRDRAFT_draft521,PHATRDRAFT_48078,,,,,,,,,,
2,0.351664599853414,0.00555293548738641,PHATRDRAFT_draft521,PHATRDRAFT_42245,,,,,,,,,,
3,0.351664599853605,0.00555293548745794,PHATRDRAFT_draft521,PHATRDRAFT_55192,PHATRDRAFT_35240,,,,,,,,,
4,0.33803836667142,0.015080077970625,PHATRDRAFT_draft521,PHATRDRAFT_30145,PHATRDRAFT_36256,PHATRDRAFT_15917,,,,,,,,
12,0.320738966416377,0.027175412675368,PHATRDRAFT_10257,PHATRDRAFT_draft870,PHATRDRAFT_10073,PHATRDRAFT_27976,PHATRDRAFT_40430,Phatr3_EG02042,PHATRDRAFT_36906,PHATRDRAFT_43194,PHATRDRAFT_48078,PHATRDRAFT_8990,PHATRDRAFT_8945,PHATRDRAFT_41686
