Deletion size,Max growth rate,Min production rate,Deleted genes,,,
4,0.359606707775733,0.044141428326352,PHATRDRAFT_9619,PHATRDRAFT_2215,PHATRDRAFT_48078,PHATRDRAFT_10693
4,0.359606707775733,0.044141428326352,PHATRDRAFT_28882,PHATRDRAFT_9619,PHATRDRAFT_2215,PHATRDRAFT_48078
4,0.359606707775731,0.0230687915122498,PHATRDRAFT_30145,PHATRDRAFT_9619,PHATRDRAFT_2215,PHATRDRAFT_10693
