Deletion size,Max growth rate,Min production rate,Deleted genes,
2,0.359606707775729,0.0241542462761698,PHATRDRAFT_10454,PHATRDRAFT_20310
2,0.359606707775842,0.0241542462763494,PHATRDRAFT_10454,PHATRDRAFT_23913
