Deletion size,Max growth rate,Min production rate,Deleted genes,,,,,,
4,0.35375716015336,0.028629065011202,PHATRDRAFT_55035,PHATRDRAFT_36256,PHATRDRAFT_42245,PHATRDRAFT_23365,,,
4,0.35375716015336,0.0286290650112815,PHATRDRAFT_36257,PHATRDRAFT_20183,PHATRDRAFT_23913,PHATRDRAFT_46728,,,
7,0.353757160153394,0.0286290650112026,PHATRDRAFT_42015,PHATRDRAFT_45947,PHATRDRAFT_20183,PHATRDRAFT_36256,PHATRDRAFT_29016,PHATRDRAFT_28068,PHATRDRAFT_54528
