Deletion size,Max growth rate,Min production rate,Deleted genes,,,,
4,0.359606707775732,0.0441414283263519,PHATRDRAFT_9619,PHATRDRAFT_2215,PHATRDRAFT_48078,PHATRDRAFT_10693,
4,0.359606707775731,0.0441414283263518,PHATRDRAFT_28882,PHATRDRAFT_9619,PHATRDRAFT_2215,PHATRDRAFT_859,
5,0.359606707775734,0.0441414283263521,PHATRDRAFT_28882,PHATRDRAFT_9619,PHATRDRAFT_2215,PHATRDRAFT_25932,PHATRDRAFT_11014
