Deletion size,Max growth rate,Min production rate,Deleted genes,,,
4,0.35960670777566,0.119388682420015,PHATRDRAFT_28882,PHATRDRAFT_9619,PHATRDRAFT_50372,PHATRDRAFT_42245
4,0.359606707775774,0.044141428326357,PHATRDRAFT_28882,PHATRDRAFT_9619,PHATRDRAFT_2215,PHATRDRAFT_859
4,0.359606707775774,0.044141428326357,PHATRDRAFT_9619,PHATRDRAFT_2215,PHATRDRAFT_859,PHATRDRAFT_10693
