Deletion size,Max growth rate,Min production rate,Deleted genes,,,,,,
2,0.301649050709209,0.040522633767656,PHATRDRAFT_10454,PHATRDRAFT_20310,,,,,
2,0.301649050709089,0.0405226337676275,PHATRDRAFT_10454,PHATRDRAFT_23913,,,,,
2,0.316302767463046,0.0302770988825671,PHATRDRAFT_30145,PHATRDRAFT_10454,,,,,
2,0.316302767462691,0.0302770988825018,PHATRDRAFT_26290,PHATRDRAFT_10454,,,,,
4,0.219117793005284,0.0551971380716149,PHATRDRAFT_36257,PHATRDRAFT_20183,PHATRDRAFT_19708,PHATRDRAFT_23913,,,
5,0.294189825469765,0.0457379490145123,PHATRDRAFT_29016,PHATRDRAFT_10454,PHATRDRAFT_43469,PHATRDRAFT_8945,PHATRDRAFT_41686,,
6,0.219117793005392,0.055197138072267,PHATRDRAFT_36257,PHATRDRAFT_20183,PHATRDRAFT_29016,PHATRDRAFT_20143,PHATRDRAFT_20310,PHATRDRAFT_23365,
7,0.219117793005469,0.055197138072186,PHATRDRAFT_49112,PHATRDRAFT_36257,PHATRDRAFT_20183,PHATRDRAFT_40430,PHATRDRAFT_20310,PHATRDRAFT_18064,PHATRDRAFT_22019
7,0.2191177930054,0.0551971380725433,PHATRDRAFT_42015,PHATRDRAFT_36257,PHATRDRAFT_55035,PHATRDRAFT_29016,PHATRDRAFT_41886,PHATRDRAFT_39681,PHATRDRAFT_54528
