Deletion size,Max growth rate,Min production rate,Deleted genes,,,,,
3,0.359606707775731,1.04348247433845,PHATRDRAFT_14792,PHATRDRAFT_30145,PHATRDRAFT_48983,,,
4,0.359606707775731,1.04348247433919,PHATRDRAFT_26290,PHATRDRAFT_32747,PHATRDRAFT_25308,PHATRDRAFT_8982,,
6,0.359606707775733,0.171498804852011,PHATRDRAFT_14792,PHATRDRAFT_29016,PHATRDRAFT_32747,PHATRDRAFT_25308,PHATRDRAFT_28191,PHATRDRAFT_17720
