Deletion size,Max growth rate,Min production rate,Deleted genes,,,
2,0.359606707775731,0.0322056617015206,PHATRDRAFT_10454,PHATRDRAFT_48078,,
2,0.359606707775748,0.0200796364514711,PHATRDRAFT_26290,PHATRDRAFT_10454,,
4,0.359606707775731,0.0596943412100194,PHATRDRAFT_28882,PHATRDRAFT_9619,PHATRDRAFT_50372,PHATRDRAFT_48078
