Deletion size,Max growth rate,Min production rate,Deleted genes,,,
4,0.323119524575369,0.0255109822735239,PHATRDRAFT_54015,PHATRDRAFT_5423,PHATRDRAFT_21970,PHATRDRAFT_35580
4,0.323119524575231,0.0255109822735068,PHATRDRAFT_54015,PHATRDRAFT_22803,PHATRDRAFT_47293,PHATRDRAFT_28181
4,0.323119524575231,0.0255109822735068,PHATRDRAFT_54015,PHATRDRAFT_55069,PHATRDRAFT_35691,PHATRDRAFT_28181
