Deletion size,Max growth rate,Min production rate,Deleted genes,,,,,
2,0.219431851250859,0.0551711437359894,PHATRDRAFT_10454,PHATRDRAFT_20310,,,,
2,0.219431851250216,0.0551711437358277,PHATRDRAFT_10454,PHATRDRAFT_23913,,,,
4,0.301452322883098,0.0406601812471743,PHATRDRAFT_20183,PHATRDRAFT_36256,PHATRDRAFT_23913,PHATRDRAFT_51245,,
4,0.305901819829935,0.037549197395241,PHATRDRAFT_28882,PHATRDRAFT_9619,PHATRDRAFT_2215,PHATRDRAFT_23913,,
5,0.176806056981369,0.0586992448429309,PHATRDRAFT_28882,PHATRDRAFT_9619,PHATRDRAFT_20143,PHATRDRAFT_50372,PHATRDRAFT_20310,
5,0.230514309572909,0.0542538579911946,PHATRDRAFT_14401,PHATRDRAFT_19708,PHATRDRAFT_9619,PHATRDRAFT_50372,PHATRDRAFT_10693,
5,0.301452322882983,0.0406601812471312,PHATRDRAFT_54219,PHATRDRAFT_36257,PHATRDRAFT_13894,PHATRDRAFT_17401,PHATRDRAFT_23913,
6,0.261562078012196,0.0516840603351369,PHATRDRAFT_42015,PHATRDRAFT_10454,PHATRDRAFT_43469,PHATRDRAFT_8945,PHATRDRAFT_41686,PHATRDRAFT_23365
