Deletion size,Max growth rate,Min production rate,Deleted genes,,,,
2,0.21943185125104,0.0551711437360349,PHATRDRAFT_10454,PHATRDRAFT_20310,,,
4,0.219117793005349,0.0551971380718679,PHATRDRAFT_45947,PHATRDRAFT_20183,PHATRDRAFT_36256,PHATRDRAFT_23913,
5,0.267197036030274,0.051217659602946,PHATRDRAFT_19708,PHATRDRAFT_28882,PHATRDRAFT_9619,PHATRDRAFT_50372,PHATRDRAFT_23723
