Deletion size,Max growth rate,Min production rate,Deleted genes,,,,
4,0.356821362856954,0.043799529522915,PHATRDRAFT_9619,PHATRDRAFT_2215,PHATRDRAFT_23913,PHATRDRAFT_10693,
4,0.35682136285679,0.043799529522895,PHATRDRAFT_9619,PHATRDRAFT_2215,PHATRDRAFT_859,PHATRDRAFT_10693,
5,0.176806056980998,0.0586992448428079,PHATRDRAFT_9619,PHATRDRAFT_50372,PHATRDRAFT_20310,PHATRDRAFT_31367,PHATRDRAFT_10693
