Deletion size,Max growth rate,Min production rate,Deleted genes,,,,,
4,0.340053689318227,0.095697081676145,PHATRDRAFT_26290,PHATRDRAFT_28882,PHATRDRAFT_9619,PHATRDRAFT_50372,,
5,0.336762592860877,0.111804483566781,PHATRDRAFT_9619,PHATRDRAFT_50372,PHATRDRAFT_20310,PHATRDRAFT_31367,PHATRDRAFT_10693,
6,0.347023238950118,0.0615864628062956,PHATRDRAFT_29016,PHATRDRAFT_28191,PHATRDRAFT_28882,PHATRDRAFT_9619,PHATRDRAFT_50372,PHATRDRAFT_35580
