Deletion size,Max growth rate,Min production rate,Deleted genes,,,,
4,0.359606707775842,0.587511665481937,PHATRDRAFT_14792,PHATRDRAFT_48983,PHATRDRAFT_859,PHATRDRAFT_23913,
5,0.278560341761309,1.02704943066791,PHATRDRAFT_14792,PHATRDRAFT_45017,PHATRDRAFT_14762,PHATRDRAFT_50742,PHATRDRAFT_17720
5,0.359606707775731,0.587511665481413,PHATRDRAFT_50742,PHATRDRAFT_54017,PHATRDRAFT_43320,PHATRDRAFT_24610,PHATRDRAFT_48078
