Deletion size,Max growth rate,Min production rate,Deleted genes,,,
3,0.339207663147047,0.0998377331967996,PHATRDRAFT_26290,PHATRDRAFT_16490,PHATRDRAFT_29658,
4,0.336293586351588,0.114099911985175,PHATRDRAFT_45947,PHATRDRAFT_16490,PHATRDRAFT_29658,PHATRDRAFT_28068
4,0.345357746466897,0.0697377756361595,PHATRDRAFT_54478,PHATRDRAFT_19708,PHATRDRAFT_16490,PHATRDRAFT_29658
