Deletion size,Max growth rate,Min production rate,Deleted genes,,,,
4,0.359606707775731,0.119388682420202,PHATRDRAFT_9619,PHATRDRAFT_50372,PHATRDRAFT_23913,PHATRDRAFT_10693,
4,0.359606707775717,0.119388682420034,PHATRDRAFT_9619,PHATRDRAFT_50372,PHATRDRAFT_42245,PHATRDRAFT_10693,
5,0.359606707775708,0.044141428326349,PHATRDRAFT_9619,PHATRDRAFT_2215,PHATRDRAFT_20310,PHATRDRAFT_18064,PHATRDRAFT_10693
