Deletion size,Max growth rate,Min production rate,Deleted genes,,,,
5,0.347021064219165,0.0615971064515623,PHATRDRAFT_34010,PHATRDRAFT_19708,Phatr3_EG02361,PHATRDRAFT_19482,PHATRDRAFT_15536
5,0.347021064219164,0.0615971064515621,PHATRDRAFT_34010,PHATRDRAFT_draft542,Phatr3_EG02361,PHATRDRAFT_15536,PHATRDRAFT_8945
5,0.347021064219167,0.0615971064515013,PHATRDRAFT_34010,PHATRDRAFT_19708,Phatr3_EG02361,PHATRDRAFT_draft645,PHATRDRAFT_15536
