Deletion size,Max growth rate,Min production rate,Deleted genes,,,,,
4,0.359606707775621,0.119388682419591,PHATRDRAFT_28882,PHATRDRAFT_9619,PHATRDRAFT_50372,PHATRDRAFT_23913,,
4,0.359606707775731,0.0259523904515122,PHATRDRAFT_30145,PHATRDRAFT_9619,PHATRDRAFT_2215,PHATRDRAFT_10693,,
6,0.359606707775729,0.025952390451275,PHATRDRAFT_45017,PHATRDRAFT_14762,PHATRDRAFT_9619,PHATRDRAFT_2215,PHATRDRAFT_31436,PHATRDRAFT_10693
