Deletion size,Max growth rate,Min production rate,Deleted genes,,,
4,0.340053689318224,0.0956970816758824,PHATRDRAFT_30145,PHATRDRAFT_9619,PHATRDRAFT_50372,PHATRDRAFT_10693
4,0.350808310118198,0.0430614322328725,PHATRDRAFT_9619,PHATRDRAFT_2215,PHATRDRAFT_859,PHATRDRAFT_10693
4,0.350808310118198,0.0430614322328725,PHATRDRAFT_28882,PHATRDRAFT_9619,PHATRDRAFT_2215,PHATRDRAFT_859
