Deletion size,Max growth rate,Min production rate,Deleted genes,,,,,
4,0.322300888277267,0.0260833535627689,PHATRDRAFT_36257,PHATRDRAFT_20183,PHATRDRAFT_23913,PHATRDRAFT_46728,,
4,0.322300888277159,0.0260833535628002,PHATRDRAFT_54219,PHATRDRAFT_55035,PHATRDRAFT_36256,PHATRDRAFT_23913,,
4,0.322300888277267,0.0260833535627689,PHATRDRAFT_36257,PHATRDRAFT_20183,PHATRDRAFT_23913,PHATRDRAFT_51830,,
4,0.322300888277267,0.0260833535627689,PHATRDRAFT_20183,PHATRDRAFT_36256,PHATRDRAFT_23913,PHATRDRAFT_51245,,
4,0.322300888277267,0.0260833535627689,PHATRDRAFT_36257,PHATRDRAFT_20183,PHATRDRAFT_23913,PHATRDRAFT_51245,,
5,0.322300888277268,0.0260833535628035,PHATRDRAFT_36257,PHATRDRAFT_55035,PHATRDRAFT_41886,PHATRDRAFT_39681,PHATRDRAFT_23365,
6,0.322300888277244,0.0260833535627994,PHATRDRAFT_54219,PHATRDRAFT_49112,PHATRDRAFT_20183,PHATRDRAFT_36256,PHATRDRAFT_41886,PHATRDRAFT_39681
6,0.322300888277324,0.0260833535628095,PHATRDRAFT_49112,PHATRDRAFT_55035,PHATRDRAFT_36256,PHATRDRAFT_41886,PHATRDRAFT_39681,PHATRDRAFT_22019
6,0.322300888277244,0.0260833535627994,PHATRDRAFT_54219,PHATRDRAFT_36257,PHATRDRAFT_55035,PHATRDRAFT_41886,PHATRDRAFT_39681,PHATRDRAFT_36390
