Deletion size,Max growth rate,Min production rate,Deleted genes,,,
4,0.21911779300552,0.0551971380733067,PHATRDRAFT_55035,PHATRDRAFT_36256,PHATRDRAFT_23913,PHATRDRAFT_46728
4,0.219117793005426,0.0551971380724449,PHATRDRAFT_45947,PHATRDRAFT_20183,PHATRDRAFT_36256,PHATRDRAFT_23913
4,0.219117793005249,0.0551971380716883,PHATRDRAFT_55192,PHATRDRAFT_36257,PHATRDRAFT_20183,PHATRDRAFT_23913
