Deletion size,Max growth rate,Min production rate,Deleted genes,,,,
4,0.354381118482911,0.0255752658572931,PHATRDRAFT_30145,PHATRDRAFT_28882,PHATRDRAFT_9619,PHATRDRAFT_2215,
4,0.354381118482885,0.0255752658570838,PHATRDRAFT_26290,PHATRDRAFT_28882,PHATRDRAFT_9619,PHATRDRAFT_2215,
5,0.347023238949896,0.0615864628060795,PHATRDRAFT_14401,PHATRDRAFT_19708,PHATRDRAFT_9619,PHATRDRAFT_50372,PHATRDRAFT_10693
