Deletion size,Max growth rate,Min production rate,Deleted genes,,,
2,0.208663405110024,0.0560624389574941,PHATRDRAFT_10454,PHATRDRAFT_23913,,
4,0.176806056981064,0.0586992448428296,PHATRDRAFT_9619,PHATRDRAFT_50372,PHATRDRAFT_23913,PHATRDRAFT_10693
4,0.176806056981064,0.0586992448428296,PHATRDRAFT_28882,PHATRDRAFT_9619,PHATRDRAFT_50372,PHATRDRAFT_23913
