Deletion size,Max growth rate,Min production rate,Deleted genes,,,,,
4,0.359606707775599,0.145512303000486,PHATRDRAFT_36257,PHATRDRAFT_20183,PHATRDRAFT_42245,PHATRDRAFT_44384,,
5,0.359606707775733,0.145512303000538,PHATRDRAFT_42015,PHATRDRAFT_55035,PHATRDRAFT_36256,PHATRDRAFT_23913,PHATRDRAFT_16649,
6,0.359606707775729,0.0184894306049846,PHATRDRAFT_54219,Phatr3_EG02215,PHATRDRAFT_13894,PHATRDRAFT_17401,PHATRDRAFT_40430,PHATRDRAFT_48078
