Deletion size,Max growth rate,Min production rate,Deleted genes,,
2,0.30164905070919,0.0405226337676535,PHATRDRAFT_10454,PHATRDRAFT_23913,
3,0.301649050708969,0.0405226337676238,PHATRDRAFT_10454,PHATRDRAFT_41886,PHATRDRAFT_39681
