Deletion size,Max growth rate,Min production rate,Deleted genes,,,,,
5,0.22956901639778,0.0814981486662937,PHATRDRAFT_34010,PHATRDRAFT_19708,Phatr3_EG02361,PHATRDRAFT_19482,PHATRDRAFT_15536,
5,0.229569016397732,0.0814981486670971,PHATRDRAFT_34010,PHATRDRAFT_8828,PHATRDRAFT_28191,Phatr3_EG02361,PHATRDRAFT_15536,
6,0.229569016397206,0.0814981486654081,PHATRDRAFT_34010,PHATRDRAFT_draft1186,PHATRDRAFT_13322,Phatr3_EG02361,PHATRDRAFT_15536,PHATRDRAFT_8945
