Deletion size,Max growth rate,Min production rate,Deleted genes,,,
2,0.359606707775816,0.0322056617015283,PHATRDRAFT_10454,PHATRDRAFT_23913,,
4,0.359606707775678,0.0505998222724766,PHATRDRAFT_30145,PHATRDRAFT_28882,PHATRDRAFT_9619,PHATRDRAFT_50372
