Deletion size,Max growth rate,Min production rate,Deleted genes,,
2,0.359606707775732,0.0283917239589867,PHATRDRAFT_draft521,PHATRDRAFT_19979,
2,0.359606707775733,0.0283917239589934,PHATRDRAFT_draft521,PHATRDRAFT_48078,
3,0.359606707775731,0.0283917239590318,PHATRDRAFT_54015,PHATRDRAFT_54478,PHATRDRAFT_21970
