Deletion size,Max growth rate,Min production rate,Deleted genes,,,,,,,,,,,
3,0.0288627202518933,0.212833170830103,PHATRDRAFT_30145,PHATRDRAFT_50742,PHATRDRAFT_8982,,,,,,,,,
3,0.0288627202517438,0.212833170829698,PHATRDRAFT_14792,PHATRDRAFT_26290,PHATRDRAFT_48983,,,,,,,,,
3,0.0288627202518933,0.212833170830103,PHATRDRAFT_14792,PHATRDRAFT_30145,PHATRDRAFT_50742,,,,,,,,,
3,0.0288627202516561,0.212833170827188,PHATRDRAFT_26290,PHATRDRAFT_50742,PHATRDRAFT_8982,,,,,,,,,
4,0.0288627202494537,0.212833170812488,PHATRDRAFT_26290,PHATRDRAFT_8982,PHATRDRAFT_41063,PHATRDRAFT_33839,,,,,,,,
5,0.0625741135217829,0.204462379908116,PHATRDRAFT_8982,PHATRDRAFT_41063,PHATRDRAFT_33839,PHATRDRAFT_41969,PHATRDRAFT_859,,,,,,,
6,0.0288627202518717,0.21283317082805,PHATRDRAFT_26290,PHATRDRAFT_51128,PHATRDRAFT_29456,PHATRDRAFT_23598,PHATRDRAFT_32747,PHATRDRAFT_25308,,,,,,
6,0.0835599463164104,0.199251440769049,PHATRDRAFT_14792,PHATRDRAFT_40430,PHATRDRAFT_50742,PHATRDRAFT_17720,PHATRDRAFT_8945,PHATRDRAFT_41686,,,,,,
12,0.308266381624927,0.143455153329313,PHATRDRAFT_10257,PHATRDRAFT_draft870,PHATRDRAFT_10073,PHATRDRAFT_23871,PHATRDRAFT_30145,PHATRDRAFT_draft542,PHATRDRAFT_13951,Phatr3_EG02361,PHATRDRAFT_48078,PHATRDRAFT_32849,PHATRDRAFT_draft1517,PHATRDRAFT_28585
