Deletion size,Max growth rate,Min production rate,Deleted genes,,,,
4,0.359606707775733,0.119388682420039,PHATRDRAFT_9619,PHATRDRAFT_50372,PHATRDRAFT_859,PHATRDRAFT_10693,
4,0.359606707775731,0.023068791512316,PHATRDRAFT_26290,PHATRDRAFT_9619,PHATRDRAFT_2215,PHATRDRAFT_10693,
5,0.359606707775648,0.119388682420011,PHATRDRAFT_28882,PHATRDRAFT_9619,PHATRDRAFT_50372,PHATRDRAFT_20310,PHATRDRAFT_31367
