Deletion size,Max growth rate,Min production rate,Deleted genes,,,,
4,0.074829700933573,0.201419225952533,PHATRDRAFT_26290,PHATRDRAFT_8982,PHATRDRAFT_41063,PHATRDRAFT_33839,
4,0.277464331695004,0.151103532555799,PHATRDRAFT_48983,PHATRDRAFT_8982,PHATRDRAFT_859,PHATRDRAFT_31436,
5,0.277464331695013,0.151103532554724,PHATRDRAFT_14792,PHATRDRAFT_32747,PHATRDRAFT_25308,PHATRDRAFT_859,PHATRDRAFT_20310
