Deletion size,Max growth rate,Min production rate,Deleted genes,,,,
3,0.359606707775731,0.587511665481606,PHATRDRAFT_14792,PHATRDRAFT_48983,PHATRDRAFT_48078,,
5,0.359606707775733,0.587511665481552,PHATRDRAFT_51128,PHATRDRAFT_29456,PHATRDRAFT_23598,PHATRDRAFT_50742,PHATRDRAFT_48078
5,0.359606707775621,0.428747012128986,PHATRDRAFT_19708,PHATRDRAFT_8982,PHATRDRAFT_41063,PHATRDRAFT_33839,PHATRDRAFT_55069
