Deletion size,Max growth rate,Min production rate,Deleted genes,,,,
5,0.359606707775732,0.119388682420039,PHATRDRAFT_55192,PHATRDRAFT_9619,PHATRDRAFT_50372,PHATRDRAFT_35240,PHATRDRAFT_10693
5,0.359606707775681,0.0882828566526913,PHATRDRAFT_28882,PHATRDRAFT_9619,PHATRDRAFT_2215,PHATRDRAFT_20310,PHATRDRAFT_18064
5,0.35960670777577,0.0638196600328478,PHATRDRAFT_19708,PHATRDRAFT_9619,PHATRDRAFT_50372,PHATRDRAFT_31436,PHATRDRAFT_10693
