Deletion size,Max growth rate,Min production rate,Deleted genes,,,,
3,0.232902449443747,0.162168580992796,PHATRDRAFT_14792,PHATRDRAFT_50742,PHATRDRAFT_48078,,
4,0.303358710314507,0.144673764795789,PHATRDRAFT_14792,PHATRDRAFT_50742,PHATRDRAFT_19708,PHATRDRAFT_11319,
5,0.336762592860875,0.111804483566781,PHATRDRAFT_28882,PHATRDRAFT_9619,PHATRDRAFT_50372,PHATRDRAFT_20310,PHATRDRAFT_18064
