Deletion size,Max growth rate,Min production rate,Deleted genes,,,,,
4,0.0288627202517465,0.212833170829092,PHATRDRAFT_30145,PHATRDRAFT_32747,PHATRDRAFT_25308,PHATRDRAFT_8982,,
4,0.0625741135217266,0.204462379907922,PHATRDRAFT_48983,PHATRDRAFT_8982,PHATRDRAFT_55069,PHATRDRAFT_859,,
6,0.0835599463164921,0.199251440767485,PHATRDRAFT_29016,PHATRDRAFT_28191,PHATRDRAFT_8982,PHATRDRAFT_41063,PHATRDRAFT_33839,PHATRDRAFT_22803
