Deletion size,Max growth rate,Min production rate,Deleted genes,
2,0.359606707775731,0.354989261116884,PHATRDRAFT_23908,PHATRDRAFT_26290
2,0.35960670777573,0.104453486020134,PHATRDRAFT_23908,PHATRDRAFT_55069
2,0.359606707775734,0.10445348602002,PHATRDRAFT_23908,PHATRDRAFT_35580
