Deletion size,Max growth rate,Min production rate,Deleted genes,,,
4,0.314153275118877,0.0317799734885836,PHATRDRAFT_54219,PHATRDRAFT_36257,PHATRDRAFT_55035,PHATRDRAFT_23913
4,0.314153275118906,0.0317799734885621,PHATRDRAFT_20183,PHATRDRAFT_36256,PHATRDRAFT_19708,PHATRDRAFT_23913
4,0.314153275118877,0.0317799734885836,PHATRDRAFT_54219,PHATRDRAFT_20183,PHATRDRAFT_36256,PHATRDRAFT_23913
