Deletion size,Max growth rate,Min production rate,Deleted genes,,,,,
4,0.322300888277497,0.0260833535628553,PHATRDRAFT_55035,PHATRDRAFT_36256,PHATRDRAFT_20310,PHATRDRAFT_23913,,
4,0.322300888277269,0.0260833535627777,PHATRDRAFT_20183,PHATRDRAFT_36256,PHATRDRAFT_19708,PHATRDRAFT_23913,,
6,0.322300888277268,0.0260833535628035,PHATRDRAFT_13643,Phatr3_EG02215,PHATRDRAFT_36257,PHATRDRAFT_20183,PHATRDRAFT_41886,PHATRDRAFT_39681
