Deletion size,Max growth rate,Min production rate,Deleted genes,,,,
2,0.219431851251237,0.0551711437360843,PHATRDRAFT_10454,PHATRDRAFT_20310,,,
2,0.219431851250934,0.0551711437360081,PHATRDRAFT_10454,PHATRDRAFT_23913,,,
4,0.176806056980929,0.0586992448427848,PHATRDRAFT_9619,PHATRDRAFT_50372,PHATRDRAFT_23913,PHATRDRAFT_10693,
4,0.305901819830056,0.0375491973952558,PHATRDRAFT_9619,PHATRDRAFT_2215,PHATRDRAFT_23913,PHATRDRAFT_10693,
5,0.176806056981454,0.0586992448429593,PHATRDRAFT_9619,PHATRDRAFT_50372,PHATRDRAFT_41886,PHATRDRAFT_39681,PHATRDRAFT_10693
5,0.176806056981454,0.0586992448429593,PHATRDRAFT_28882,PHATRDRAFT_9619,PHATRDRAFT_50372,PHATRDRAFT_41886,PHATRDRAFT_39681
5,0.305901819829958,0.0375491973952438,PHATRDRAFT_9619,PHATRDRAFT_2215,PHATRDRAFT_41886,PHATRDRAFT_39681,PHATRDRAFT_10693
5,0.305901819829958,0.0375491973952438,PHATRDRAFT_28882,PHATRDRAFT_9619,PHATRDRAFT_2215,PHATRDRAFT_41886,PHATRDRAFT_39681
5,0.305901819829945,0.0375491973952422,PHATRDRAFT_9619,PHATRDRAFT_20143,PHATRDRAFT_2215,PHATRDRAFT_20310,PHATRDRAFT_10693
