Deletion size,Max growth rate,Min production rate,Deleted genes,
2,0.349802846846419,0.0479824065082482,PHATRDRAFT_36821,PHATRDRAFT_48078
2,0.353144630223166,0.0316269308851959,PHATRDRAFT_10454,PHATRDRAFT_48078
