Deletion size,Max growth rate,Min production rate,Deleted genes,,,,,
4,0.322300888277268,0.0260833535628107,PHATRDRAFT_54219,PHATRDRAFT_20183,PHATRDRAFT_36256,PHATRDRAFT_23913,,
4,0.322300888277267,0.0260833535628213,PHATRDRAFT_36257,PHATRDRAFT_20183,PHATRDRAFT_23913,PHATRDRAFT_51245,,
6,0.322300888277207,0.0260833535627855,PHATRDRAFT_36257,PHATRDRAFT_55035,PHATRDRAFT_41886,PHATRDRAFT_39681,PHATRDRAFT_36390,PHATRDRAFT_22019
