Deletion size,Max growth rate,Min production rate,Deleted genes,,,,
2,0.359606707775726,0.0322056617015202,PHATRDRAFT_10454,PHATRDRAFT_48078,,,
2,0.359606707775731,0.0322056617015207,PHATRDRAFT_10454,PHATRDRAFT_20310,,,
2,0.359606707775745,0.0322056617015219,PHATRDRAFT_10454,PHATRDRAFT_42245,,,
3,0.359606707775514,0.0322056617015013,PHATRDRAFT_10454,PHATRDRAFT_41886,PHATRDRAFT_39681,,
3,0.359606707775731,0.0322056617017965,PHATRDRAFT_45947,PHATRDRAFT_10454,PHATRDRAFT_28068,,
4,0.359606707775736,0.0596943412100202,PHATRDRAFT_9619,PHATRDRAFT_50372,PHATRDRAFT_42245,PHATRDRAFT_10693,
5,0.359606707775734,0.05969434121002,PHATRDRAFT_55192,PHATRDRAFT_9619,PHATRDRAFT_50372,PHATRDRAFT_35240,PHATRDRAFT_10693
5,0.359606707775729,0.00793062648862962,PHATRDRAFT_19708,PHATRDRAFT_9619,PHATRDRAFT_2215,PHATRDRAFT_20310,PHATRDRAFT_10693
