Deletion size,Max growth rate,Min production rate,Deleted genes,,,,
3,0.359606707775731,2.6517332808456,PHATRDRAFT_14792,PHATRDRAFT_26290,PHATRDRAFT_50742,,
4,0.359606707775731,2.65173328084374,PHATRDRAFT_14792,PHATRDRAFT_30145,PHATRDRAFT_32747,PHATRDRAFT_25308,
5,0.35960670777561,2.65173328084268,PHATRDRAFT_48983,PHATRDRAFT_45017,PHATRDRAFT_14762,PHATRDRAFT_8982,PHATRDRAFT_17720
