Deletion size,Max growth rate,Min production rate,Deleted genes,
2,0.359606707775714,0.0904149203956649,PHATRDRAFT_10454,PHATRDRAFT_20310
2,0.359606707775734,0.0904149203968174,PHATRDRAFT_10454,PHATRDRAFT_23913
2,0.359606707775731,0.0904149203956693,PHATRDRAFT_10454,PHATRDRAFT_859
