Deletion size,Max growth rate,Min production rate,Deleted genes,,,,
4,0.359606707775733,0.0441414283263922,PHATRDRAFT_28882,PHATRDRAFT_9619,PHATRDRAFT_2215,PHATRDRAFT_48078,
4,0.359606707775735,0.0230687915122518,PHATRDRAFT_30145,PHATRDRAFT_28882,PHATRDRAFT_9619,PHATRDRAFT_2215,
5,0.359606707775733,0.044141428326352,PHATRDRAFT_28882,PHATRDRAFT_9619,PHATRDRAFT_2215,PHATRDRAFT_20310,PHATRDRAFT_18064
