Deletion size,Max growth rate,Min production rate,Deleted genes,,,
3,0.0288627202518976,0.212833170831203,PHATRDRAFT_14792,PHATRDRAFT_26290,PHATRDRAFT_48983,
4,0.028862720251783,0.212833170828526,PHATRDRAFT_26290,PHATRDRAFT_8982,PHATRDRAFT_41063,PHATRDRAFT_33839
4,0.062574113521258,0.20446237990382,PHATRDRAFT_32747,PHATRDRAFT_25308,PHATRDRAFT_8982,PHATRDRAFT_48078
