Deletion size,Max growth rate,Min production rate,Deleted genes,,,
4,0.27122234495996,0.0763267322580222,PHATRDRAFT_30145,PHATRDRAFT_28882,PHATRDRAFT_9619,PHATRDRAFT_50372
4,0.359606707775727,0.0441414283263514,PHATRDRAFT_28882,PHATRDRAFT_9619,PHATRDRAFT_2215,PHATRDRAFT_42245
4,0.359606707775731,0.0441414283263519,PHATRDRAFT_28882,PHATRDRAFT_9619,PHATRDRAFT_2215,PHATRDRAFT_859
