Deletion size,Max growth rate,Min production rate,Deleted genes,,,,
4,0.359606707775738,0.119388682420041,PHATRDRAFT_9619,PHATRDRAFT_50372,PHATRDRAFT_23913,PHATRDRAFT_10693,
4,0.359606707775731,0.101199644544968,PHATRDRAFT_26290,PHATRDRAFT_28882,PHATRDRAFT_9619,PHATRDRAFT_50372,
5,0.359606707775731,0.0163569171327385,PHATRDRAFT_19708,PHATRDRAFT_9619,PHATRDRAFT_2215,PHATRDRAFT_20310,PHATRDRAFT_10693
