Deletion size,Max growth rate,Min production rate,Deleted genes,,,,
4,0.314153275118905,0.0317799734886213,PHATRDRAFT_45947,PHATRDRAFT_36257,PHATRDRAFT_20183,PHATRDRAFT_23913,
5,0.314153275118905,0.0317799734885876,PHATRDRAFT_54219,PHATRDRAFT_36257,PHATRDRAFT_13894,PHATRDRAFT_17401,PHATRDRAFT_23913
5,0.314153275118905,0.0317799734885876,PHATRDRAFT_54219,PHATRDRAFT_13894,PHATRDRAFT_17401,PHATRDRAFT_36256,PHATRDRAFT_23913
