Deletion size,Max growth rate,Min production rate,Deleted genes,,,
1,0.338472156714474,0.0517187375314718,Phatr3_EG02584,,,
2,0.348367223628419,0.0275043424824162,PHATRDRAFT_26432,PHATRDRAFT_31544,,
3,0.348367223628451,0.0275043424823593,PHATRDRAFT_54015,PHATRDRAFT_31544,PHATRDRAFT_21970,
3,0.348367223628421,0.0275043424824251,PHATRDRAFT_26432,PHATRDRAFT_55069,PHATRDRAFT_20318,
3,0.348367223628421,0.0275043424824251,PHATRDRAFT_26432,PHATRDRAFT_41969,PHATRDRAFT_38085,
4,0.348367223628423,0.0275043424828441,PHATRDRAFT_54015,PHATRDRAFT_19979,PHATRDRAFT_35691,PHATRDRAFT_21970
4,0.348367223628449,0.0275043424823025,PHATRDRAFT_54015,PHATRDRAFT_11319,PHATRDRAFT_35691,PHATRDRAFT_28181
4,0.348367223628423,0.0275043424828441,PHATRDRAFT_54015,PHATRDRAFT_11319,PHATRDRAFT_47293,PHATRDRAFT_21970
