Deletion size,Max growth rate,Min production rate,Deleted genes,,,
2,0.301649050709191,0.0405226337676537,PHATRDRAFT_10454,PHATRDRAFT_20310,,
2,0.321136688694863,0.0268973345913347,PHATRDRAFT_26290,PHATRDRAFT_10454,,
4,0.325961090478101,0.0235242260758064,PHATRDRAFT_30145,PHATRDRAFT_9619,PHATRDRAFT_2215,PHATRDRAFT_10693
