Deletion size,Max growth rate,Min production rate,Deleted genes,,,,,
3,0.0625741135217243,0.204462379907237,PHATRDRAFT_50742,PHATRDRAFT_8982,PHATRDRAFT_48078,,,
5,0.0288627202518472,0.212833170828294,PHATRDRAFT_30145,PHATRDRAFT_50742,PHATRDRAFT_54017,PHATRDRAFT_43320,PHATRDRAFT_24610,
6,0.0835599463166166,0.199251440766488,PHATRDRAFT_42015,PHATRDRAFT_28191,PHATRDRAFT_50742,PHATRDRAFT_8982,PHATRDRAFT_31436,PHATRDRAFT_23365
