Deletion size,Max growth rate,Min production rate,Deleted genes,,,,
3,0.236024333216948,1.7404391129188,PHATRDRAFT_26290,PHATRDRAFT_48983,PHATRDRAFT_8982,,
3,0.359606707775731,1.17502333096325,PHATRDRAFT_14792,PHATRDRAFT_48983,PHATRDRAFT_48078,,
5,0.239159310289327,1.76355637646602,PHATRDRAFT_26290,PHATRDRAFT_51128,PHATRDRAFT_29456,PHATRDRAFT_23598,PHATRDRAFT_50742
