Deletion size,Max growth rate,Min production rate,Deleted genes,,,
4,0.359606707775397,0.119388682419928,PHATRDRAFT_28882,PHATRDRAFT_9619,PHATRDRAFT_50372,PHATRDRAFT_42245
4,0.359606707775729,0.119388682420038,PHATRDRAFT_9619,PHATRDRAFT_50372,PHATRDRAFT_859,PHATRDRAFT_10693
4,0.359606707775732,0.119388682420078,PHATRDRAFT_28882,PHATRDRAFT_9619,PHATRDRAFT_50372,PHATRDRAFT_23913
