Deletion size,Max growth rate,Min production rate,Deleted genes,,,,,,
4,0.219117793005408,0.0551971380724582,PHATRDRAFT_54219,PHATRDRAFT_55035,PHATRDRAFT_36256,PHATRDRAFT_23913,,,
4,0.219117793005533,0.0551971380729401,PHATRDRAFT_45947,PHATRDRAFT_36257,PHATRDRAFT_20183,PHATRDRAFT_23913,,,
7,0.219117793005577,0.0551971380733062,PHATRDRAFT_54219,PHATRDRAFT_20183,PHATRDRAFT_36256,PHATRDRAFT_20310,PHATRDRAFT_31367,PHATRDRAFT_20445,PHATRDRAFT_36390
