Deletion size,Max growth rate,Min production rate,Deleted genes,,,
4,0.359606707775734,0.11938868242004,PHATRDRAFT_9619,PHATRDRAFT_50372,PHATRDRAFT_859,PHATRDRAFT_10693
4,0.359606707775597,0.0809597156358988,PHATRDRAFT_26290,PHATRDRAFT_28882,PHATRDRAFT_9619,PHATRDRAFT_50372
4,0.359606707775731,0.0441414283263518,PHATRDRAFT_9619,PHATRDRAFT_2215,PHATRDRAFT_48078,PHATRDRAFT_10693
