Deletion size,Max growth rate,Min production rate,Deleted genes,,,
4,0.359606707775731,0.101199644544996,PHATRDRAFT_26290,PHATRDRAFT_9619,PHATRDRAFT_50372,PHATRDRAFT_10693
4,0.359606707775731,0.0441414283263518,PHATRDRAFT_9619,PHATRDRAFT_2215,PHATRDRAFT_859,PHATRDRAFT_10693
4,0.359606707775732,0.0259523904517276,PHATRDRAFT_26290,PHATRDRAFT_9619,PHATRDRAFT_2215,PHATRDRAFT_10693
