Deletion size,Max growth rate,Min production rate,Deleted genes,,,,
3,0.0288627202517604,0.212833170828711,PHATRDRAFT_14792,PHATRDRAFT_26290,PHATRDRAFT_50742,,
3,0.0288627202519689,0.212833170829862,PHATRDRAFT_30145,PHATRDRAFT_48983,PHATRDRAFT_8982,,
5,0.0835599463164107,0.19925144076705,PHATRDRAFT_40430,PHATRDRAFT_28191,PHATRDRAFT_50742,PHATRDRAFT_8982,PHATRDRAFT_42245
