Deletion size,Max growth rate,Min production rate,Deleted genes,,,
4,0.359606707775613,0.11938868242,PHATRDRAFT_28882,PHATRDRAFT_9619,PHATRDRAFT_50372,PHATRDRAFT_42245
4,0.359606707775728,0.101199644544961,PHATRDRAFT_26290,PHATRDRAFT_28882,PHATRDRAFT_9619,PHATRDRAFT_50372
4,0.359606707775726,0.0259523904509733,PHATRDRAFT_30145,PHATRDRAFT_9619,PHATRDRAFT_2215,PHATRDRAFT_10693
