Deletion size,Max growth rate,Min production rate,Deleted genes,,,
3,0.359606707775731,0.096616985104562,PHATRDRAFT_45947,PHATRDRAFT_10454,PHATRDRAFT_28068,
3,0.359606707775733,0.0966169851045624,PHATRDRAFT_10454,PHATRDRAFT_25932,PHATRDRAFT_11014,
4,0.359606707775842,0.119388682420076,PHATRDRAFT_28882,PHATRDRAFT_9619,PHATRDRAFT_50372,PHATRDRAFT_23913
