Deletion size,Max growth rate,Min production rate,Deleted genes,,,
3,0.116892621819013,0.190974688298272,PHATRDRAFT_14792,PHATRDRAFT_48983,PHATRDRAFT_48078,
4,0.116892621818907,0.190974688298013,PHATRDRAFT_32747,PHATRDRAFT_25308,PHATRDRAFT_8982,PHATRDRAFT_48078
4,0.152716911355339,0.182079249440201,PHATRDRAFT_48983,PHATRDRAFT_19708,PHATRDRAFT_8982,PHATRDRAFT_11319
