Deletion size,Max growth rate,Min production rate,Deleted genes,,,,
3,0.0288627202518364,0.212833170830759,PHATRDRAFT_30145,PHATRDRAFT_50742,PHATRDRAFT_8982,,
4,0.0288627202519358,0.21283317083005,PHATRDRAFT_26290,PHATRDRAFT_8982,PHATRDRAFT_41063,PHATRDRAFT_33839,
5,0.0288627202518023,0.2128331708281,PHATRDRAFT_48983,PHATRDRAFT_45017,PHATRDRAFT_14762,PHATRDRAFT_8982,PHATRDRAFT_51970
