Deletion size,Max growth rate,Min production rate,Deleted genes,,,,
2,0.359606707775731,0.0483084925522809,PHATRDRAFT_10454,PHATRDRAFT_859,,,
2,0.359606707775732,0.0483084925522811,PHATRDRAFT_10454,PHATRDRAFT_42245,,,
3,0.35960670777573,0.02445991135884,PHATRDRAFT_19708,PHATRDRAFT_10454,PHATRDRAFT_43469,,
3,0.359606707775733,0.020523981358667,PHATRDRAFT_19708,PHATRDRAFT_10454,PHATRDRAFT_18064,,
4,0.359606707775729,0.0596943412100191,PHATRDRAFT_28882,PHATRDRAFT_9619,PHATRDRAFT_50372,PHATRDRAFT_859,
4,0.359606707775731,0.0129761952256405,PHATRDRAFT_30145,PHATRDRAFT_9619,PHATRDRAFT_2215,PHATRDRAFT_10693,
5,0.359606707775746,0.0220707141631768,PHATRDRAFT_28882,PHATRDRAFT_9619,PHATRDRAFT_2215,PHATRDRAFT_20310,PHATRDRAFT_31367
