Deletion size,Max growth rate,Min production rate,Deleted genes,,,
3,0.0698403833511581,0.202658110797248,PHATRDRAFT_26290,PHATRDRAFT_50742,PHATRDRAFT_8982,
4,0.0698403833510174,0.202658110797178,PHATRDRAFT_14792,PHATRDRAFT_30145,PHATRDRAFT_41063,PHATRDRAFT_33839
4,0.232902449443958,0.162168580992541,PHATRDRAFT_32747,PHATRDRAFT_25308,PHATRDRAFT_8982,PHATRDRAFT_48078
