Deletion size,Max growth rate,Min production rate,Deleted genes,,,,
4,0.35960670777562,0.0441414283263382,PHATRDRAFT_28882,PHATRDRAFT_9619,PHATRDRAFT_2215,PHATRDRAFT_48078,
4,0.359606707775732,0.0441414283263519,PHATRDRAFT_28882,PHATRDRAFT_9619,PHATRDRAFT_2215,PHATRDRAFT_42245,
5,0.359606707775731,0.119388682420039,PHATRDRAFT_9619,PHATRDRAFT_50372,PHATRDRAFT_20310,PHATRDRAFT_31367,PHATRDRAFT_10693
