Deletion size,Max growth rate,Min production rate,Deleted genes,,,,
4,0.350808310118189,0.0430614322328702,PHATRDRAFT_9619,PHATRDRAFT_2215,PHATRDRAFT_23913,PHATRDRAFT_10693,
4,0.354954227620527,0.0227703346359053,PHATRDRAFT_26290,PHATRDRAFT_28882,PHATRDRAFT_9619,PHATRDRAFT_2215,
5,0.35648849771382,0.0152612551167584,PHATRDRAFT_19708,PHATRDRAFT_9619,PHATRDRAFT_2215,PHATRDRAFT_20310,PHATRDRAFT_10693
