Deletion size,Max growth rate,Min production rate,Deleted genes,,,,
5,0.191086633051714,0.0575172535838463,PHATRDRAFT_45947,PHATRDRAFT_49372,PHATRDRAFT_50097,PHATRDRAFT_11414,PHATRDRAFT_23830
5,0.191086633050707,0.057517253583706,PHATRDRAFT_55192,PHATRDRAFT_52208,PHATRDRAFT_12757,PHATRDRAFT_11414,PHATRDRAFT_23830
5,0.191086633050947,0.0575172535837393,PHATRDRAFT_49372,PHATRDRAFT_50097,PHATRDRAFT_11414,PHATRDRAFT_23830,PHATRDRAFT_46728
