Deletion size,Max growth rate,Min production rate,Deleted genes,,,,
3,0.062574113521879,0.2044623799072,PHATRDRAFT_14792,PHATRDRAFT_50742,PHATRDRAFT_48078,,
4,0.0625741135218381,0.204462379907709,PHATRDRAFT_14792,PHATRDRAFT_48983,PHATRDRAFT_41969,PHATRDRAFT_859,
5,0.0288627202515803,0.212833170827524,PHATRDRAFT_14792,PHATRDRAFT_48983,PHATRDRAFT_45017,PHATRDRAFT_14762,PHATRDRAFT_22803
