Deletion size,Max growth rate,Min production rate,Deleted genes,,,
2,0.359606707775734,0.0483084925522813,PHATRDRAFT_10454,PHATRDRAFT_42245,,
2,0.359606707775733,0.0301194546772104,PHATRDRAFT_30145,PHATRDRAFT_10454,,
4,0.35960670777573,0.0596943412100192,PHATRDRAFT_28882,PHATRDRAFT_9619,PHATRDRAFT_50372,PHATRDRAFT_23913
