Deletion size,Max growth rate,Min production rate,Deleted genes,,,
2,0.331715884984413,0.0455014205346179,PHATRDRAFT_36821,PHATRDRAFT_859,,
2,0.34538645303641,0.0231990929720481,PHATRDRAFT_10454,PHATRDRAFT_859,,
4,0.346568611039022,0.0212705063247637,PHATRDRAFT_9619,PHATRDRAFT_2215,PHATRDRAFT_42245,PHATRDRAFT_10693
