Deletion size,Max growth rate,Min production rate,Deleted genes,,,,,,
4,0.271706069772552,0.0508444506764646,PHATRDRAFT_45947,PHATRDRAFT_36257,PHATRDRAFT_55035,PHATRDRAFT_23913,,,
6,0.271706069772033,0.0508444506761276,PHATRDRAFT_13643,Phatr3_EG02215,PHATRDRAFT_36257,PHATRDRAFT_20183,PHATRDRAFT_41886,PHATRDRAFT_39681,
7,0.271706069772377,0.0508444506763662,PHATRDRAFT_54219,PHATRDRAFT_49112,PHATRDRAFT_36257,PHATRDRAFT_55035,PHATRDRAFT_20310,PHATRDRAFT_18064,PHATRDRAFT_25572
