Deletion size,Max growth rate,Min production rate,Deleted genes,,,,,
4,0.219117793005388,0.0551971380726286,PHATRDRAFT_54219,PHATRDRAFT_55035,PHATRDRAFT_36256,PHATRDRAFT_23913,,
5,0.219117793005424,0.0551971380724928,PHATRDRAFT_36257,PHATRDRAFT_20183,PHATRDRAFT_41886,PHATRDRAFT_39681,PHATRDRAFT_23365,
6,0.219117793005458,0.0551971380727866,PHATRDRAFT_36257,PHATRDRAFT_20183,PHATRDRAFT_40430,PHATRDRAFT_20143,PHATRDRAFT_20310,PHATRDRAFT_23365
