Deletion size,Max growth rate,Min production rate,Deleted genes,,,,,
4,0.340053689318115,0.0956970816756142,PHATRDRAFT_26290,PHATRDRAFT_9619,PHATRDRAFT_50372,PHATRDRAFT_10693,,
4,0.350808310118136,0.0430614322328649,PHATRDRAFT_28882,PHATRDRAFT_9619,PHATRDRAFT_2215,PHATRDRAFT_42245,,
6,0.356295404139204,0.0162063005896126,PHATRDRAFT_40430,PHATRDRAFT_28191,PHATRDRAFT_9619,PHATRDRAFT_2215,PHATRDRAFT_20310,PHATRDRAFT_10693
