Deletion size,Max growth rate,Min production rate,Deleted genes,,,,
3,0.028862720251573,0.212833170827809,PHATRDRAFT_14792,PHATRDRAFT_26290,PHATRDRAFT_50742,,
3,0.0625741135221007,0.204462379908208,PHATRDRAFT_14792,PHATRDRAFT_50742,PHATRDRAFT_48078,,
5,0.0625741135223229,0.204462379908232,PHATRDRAFT_50742,PHATRDRAFT_54017,PHATRDRAFT_43320,PHATRDRAFT_24610,PHATRDRAFT_48078
