Deletion size,Max growth rate,Min production rate,Deleted genes,,,,,
4,0.35960670777572,0.119388682420035,PHATRDRAFT_9619,PHATRDRAFT_50372,PHATRDRAFT_48078,PHATRDRAFT_10693,,
4,0.359606707775731,0.0441414283263518,PHATRDRAFT_9619,PHATRDRAFT_2215,PHATRDRAFT_42245,PHATRDRAFT_10693,,
6,0.359606707775621,0.0638196600331046,PHATRDRAFT_18572,PHATRDRAFT_22418,PHATRDRAFT_19708,PHATRDRAFT_9619,PHATRDRAFT_50372,PHATRDRAFT_10693
