Deletion size,Max growth rate,Min production rate,Deleted genes,,,,
3,0.0288627202517156,0.212833170829506,PHATRDRAFT_14792,PHATRDRAFT_26290,PHATRDRAFT_50742,,
4,0.0288627202518883,0.212833170829399,PHATRDRAFT_26290,PHATRDRAFT_8982,PHATRDRAFT_41063,PHATRDRAFT_33839,
5,0.0288627202518032,0.212833170828256,PHATRDRAFT_14792,PHATRDRAFT_54478,PHATRDRAFT_48983,PHATRDRAFT_45017,PHATRDRAFT_14762
