Deletion size,Max growth rate,Min production rate,Deleted genes,,,
3,0.314016270583859,0.0247922607677715,PHATRDRAFT_draft521,PHATRDRAFT_31436,YP_874486_AT1,
3,0.314016270583859,0.0247922607677715,PHATRDRAFT_draft521,PHATRDRAFT_41969,PHATRDRAFT_5423,
4,0.314016270583982,0.0247922607679403,PHATRDRAFT_54015,PHATRDRAFT_23913,PHATRDRAFT_28181,YP_874486_AT1
