Deletion size,Max growth rate,Min production rate,Deleted genes,,,
4,0.241147863801657,0.0800605914883043,PHATRDRAFT_9619,PHATRDRAFT_50372,PHATRDRAFT_48078,PHATRDRAFT_10693
4,0.241147863802188,0.0800605914884803,PHATRDRAFT_9619,PHATRDRAFT_50372,PHATRDRAFT_42245,PHATRDRAFT_10693
4,0.241147863802103,0.0800605914884523,PHATRDRAFT_28882,PHATRDRAFT_9619,PHATRDRAFT_50372,PHATRDRAFT_23913
