Deletion size,Max growth rate,Min production rate,Deleted genes,,
3,0.0288627202519271,0.212833170829565,PHATRDRAFT_26290,PHATRDRAFT_48983,PHATRDRAFT_8982
3,0.0625741135215829,0.204462379906635,PHATRDRAFT_48983,PHATRDRAFT_8982,PHATRDRAFT_48078
3,0.0625741135216426,0.204462379906252,PHATRDRAFT_50742,PHATRDRAFT_8982,PHATRDRAFT_48078
