Deletion size,Max growth rate,Min production rate,Deleted genes,,,,,
4,0.0835599463165345,0.199251440766351,PHATRDRAFT_14792,PHATRDRAFT_50742,PHATRDRAFT_19708,PHATRDRAFT_55069,,
5,0.0625741135217824,0.204462379907825,PHATRDRAFT_48983,PHATRDRAFT_51128,PHATRDRAFT_29456,PHATRDRAFT_23598,PHATRDRAFT_48078,
6,0.0835599463141423,0.199251440759994,PHATRDRAFT_14792,PHATRDRAFT_48983,PHATRDRAFT_40430,PHATRDRAFT_19979,PHATRDRAFT_8945,PHATRDRAFT_41686
