Deletion size,Max growth rate,Min production rate,Deleted genes,,
1,0.338472156714474,0.0517187375307722,Phatr3_EG02584,,
3,0.348367223628424,0.0275043424822911,PHATRDRAFT_26432,PHATRDRAFT_12331,PHATRDRAFT_51970
