Deletion size,Max growth rate,Min production rate,Deleted genes,,,,,
4,0.336762592860917,0.111804483566845,PHATRDRAFT_9619,PHATRDRAFT_50372,PHATRDRAFT_23913,PHATRDRAFT_10693,,
4,0.336762592860995,0.111804483566821,PHATRDRAFT_28882,PHATRDRAFT_9619,PHATRDRAFT_50372,PHATRDRAFT_42245,,
6,0.348377743555161,0.0549571979633771,PHATRDRAFT_29016,PHATRDRAFT_28191,PHATRDRAFT_28882,PHATRDRAFT_9619,PHATRDRAFT_50372,PHATRDRAFT_23723
