Deletion size,Max growth rate,Min production rate,Deleted genes,,,,,,
4,0.314153275118906,0.0317799734885911,PHATRDRAFT_20183,PHATRDRAFT_36256,PHATRDRAFT_23913,PHATRDRAFT_51245,,,
4,0.314153275118906,0.0317799734885911,PHATRDRAFT_36257,PHATRDRAFT_55035,PHATRDRAFT_23913,PHATRDRAFT_46728,,,
4,0.314153275118906,0.0317799734885911,PHATRDRAFT_20183,PHATRDRAFT_36256,PHATRDRAFT_23913,PHATRDRAFT_51830,,,
4,0.314153275118905,0.0317799734885696,PHATRDRAFT_54219,PHATRDRAFT_36257,PHATRDRAFT_55035,PHATRDRAFT_23913,,,
4,0.314153275118906,0.0317799734885911,PHATRDRAFT_36257,PHATRDRAFT_55035,PHATRDRAFT_23913,PHATRDRAFT_51830,,,
5,0.314153275118905,0.0317799734885696,PHATRDRAFT_54219,PHATRDRAFT_36257,PHATRDRAFT_13894,PHATRDRAFT_17401,PHATRDRAFT_23913,,
6,0.314153275118795,0.0317799734885753,PHATRDRAFT_49112,PHATRDRAFT_36257,PHATRDRAFT_20183,PHATRDRAFT_41886,PHATRDRAFT_39681,PHATRDRAFT_22019,
7,0.314153275118905,0.0317799734885702,PHATRDRAFT_42015,PHATRDRAFT_55192,PHATRDRAFT_36257,PHATRDRAFT_20183,PHATRDRAFT_40430,PHATRDRAFT_41886,PHATRDRAFT_39681
