Deletion size,Max growth rate,Min production rate,Deleted genes,,
2,0.359606707775732,0.0493272007107584,PHATRDRAFT_36821,PHATRDRAFT_23913,
2,0.359606707775786,0.0322056617015256,PHATRDRAFT_10454,PHATRDRAFT_42245,
3,0.35960670777562,0.0493272007095581,PHATRDRAFT_36821,PHATRDRAFT_25932,PHATRDRAFT_11014
