Deletion size,Max growth rate,Min production rate,Deleted genes,,,
2,0.350606638936821,0.0146828195124612,PHATRDRAFT_26290,PHATRDRAFT_10454,,
4,0.346568611039074,0.021270506324863,PHATRDRAFT_9619,PHATRDRAFT_2215,PHATRDRAFT_23913,PHATRDRAFT_10693
4,0.351824864380111,0.0126953920122034,PHATRDRAFT_30145,PHATRDRAFT_28882,PHATRDRAFT_9619,PHATRDRAFT_2215
