Deletion size,Max growth rate,Min production rate,Deleted genes,,,
3,0.352963832594126,0.00464454244311344,PHATRDRAFT_54015,PHATRDRAFT_48078,PHATRDRAFT_28181,
3,0.352963832594178,0.00464454244310358,PHATRDRAFT_54015,PHATRDRAFT_23913,PHATRDRAFT_28181,
4,0.352963832594124,0.00464454244307827,PHATRDRAFT_45947,PHATRDRAFT_54015,PHATRDRAFT_28068,PHATRDRAFT_28181
