Deletion size,Max growth rate,Min production rate,Deleted genes,,,,
4,0.0625741135217612,0.204462379908746,PHATRDRAFT_48983,PHATRDRAFT_8982,PHATRDRAFT_41969,PHATRDRAFT_859,
4,0.0625741135213938,0.204462379905574,PHATRDRAFT_14792,PHATRDRAFT_41063,PHATRDRAFT_33839,PHATRDRAFT_48078,
5,0.0288627202519132,0.212833170830358,PHATRDRAFT_45017,PHATRDRAFT_14762,PHATRDRAFT_50742,PHATRDRAFT_8982,PHATRDRAFT_42245
