Deletion size,Max growth rate,Min production rate,Deleted genes,,,
2,0.359606707775812,0.048308492552337,PHATRDRAFT_10454,PHATRDRAFT_859,,
4,0.359606707775732,0.11938868242007,PHATRDRAFT_9619,PHATRDRAFT_50372,PHATRDRAFT_859,PHATRDRAFT_10693
4,0.359606707775619,0.0441414283262325,PHATRDRAFT_9619,PHATRDRAFT_2215,PHATRDRAFT_23913,PHATRDRAFT_10693
