Deletion size,Max growth rate,Min production rate,Deleted genes,,
3,0.314016270583872,0.0247922607678903,PHATRDRAFT_draft521,PHATRDRAFT_55069,PHATRDRAFT_38946
3,0.314016270584092,0.0247922607682698,PHATRDRAFT_draft521,PHATRDRAFT_20318,PHATRDRAFT_35580
3,0.314016270583872,0.0247922607678903,PHATRDRAFT_draft521,PHATRDRAFT_11319,PHATRDRAFT_5423
