Deletion size,Max growth rate,Min production rate,Deleted genes,,,
2,0.321136688694994,0.0268973345913629,PHATRDRAFT_26290,PHATRDRAFT_10454,,
4,0.17680605698337,0.0586992448435953,PHATRDRAFT_28882,PHATRDRAFT_9619,PHATRDRAFT_50372,PHATRDRAFT_42245
