Deletion size,Max growth rate,Min production rate,Deleted genes,,,
2,0.359606707775733,0.0193233970209125,PHATRDRAFT_10454,PHATRDRAFT_20310,,
2,0.359606707775703,0.0193233970209109,PHATRDRAFT_10454,PHATRDRAFT_23913,,
4,0.359606707775759,0.0397962274733492,PHATRDRAFT_28882,PHATRDRAFT_9619,PHATRDRAFT_50372,PHATRDRAFT_48078
