Deletion size,Max growth rate,Min production rate,Deleted genes,,,
2,0.340893038662815,0.091589108118847,PHATRDRAFT_10454,PHATRDRAFT_23913,,
3,0.351410855672277,0.0401124322494673,PHATRDRAFT_19708,PHATRDRAFT_10454,PHATRDRAFT_18064,
4,0.340053689318203,0.0956970816758788,PHATRDRAFT_26290,PHATRDRAFT_9619,PHATRDRAFT_50372,PHATRDRAFT_10693
