Deletion size,Max growth rate,Min production rate,Deleted genes,,,,
4,0.35960670777573,0.025952390451281,PHATRDRAFT_30145,PHATRDRAFT_9619,PHATRDRAFT_2215,PHATRDRAFT_10693,
4,0.35960670777573,0.025952390451281,PHATRDRAFT_30145,PHATRDRAFT_28882,PHATRDRAFT_9619,PHATRDRAFT_2215,
5,0.359606707775842,0.0441414283263654,PHATRDRAFT_28882,PHATRDRAFT_9619,PHATRDRAFT_2215,PHATRDRAFT_25932,PHATRDRAFT_11014
