Deletion size,Max growth rate,Min production rate,Deleted genes,,,,
2,0.349802846846423,0.0479824065082488,PHATRDRAFT_36821,PHATRDRAFT_20310,,,
2,0.349802846846517,0.0479824065082616,PHATRDRAFT_36821,PHATRDRAFT_48078,,,
2,0.349802846846444,0.0479824065082516,PHATRDRAFT_36821,PHATRDRAFT_23913,,,
2,0.353144630223077,0.0316269308851879,PHATRDRAFT_10454,PHATRDRAFT_20310,,,
2,0.353144630223103,0.0316269308851903,PHATRDRAFT_10454,PHATRDRAFT_42245,,,
2,0.353144630223076,0.0316269308851659,PHATRDRAFT_10454,PHATRDRAFT_859,,,
5,0.353202931913881,0.0313415886733686,PHATRDRAFT_19708,PHATRDRAFT_9619,PHATRDRAFT_50372,PHATRDRAFT_55069,PHATRDRAFT_10693
