Deletion size,Max growth rate,Min production rate,Deleted genes,,,
3,0.0559042750967104,0.206118550641722,PHATRDRAFT_14792,PHATRDRAFT_30145,PHATRDRAFT_50742,
3,0.0559042750965334,0.206118550640454,PHATRDRAFT_26290,PHATRDRAFT_48983,PHATRDRAFT_8982,
4,0.116892621818647,0.190974688299052,PHATRDRAFT_14792,PHATRDRAFT_48983,PHATRDRAFT_859,PHATRDRAFT_31436
