Deletion size,Max growth rate,Min production rate,Deleted genes,,,,
4,0.359606707775731,0.119388682420258,PHATRDRAFT_28882,PHATRDRAFT_9619,PHATRDRAFT_50372,PHATRDRAFT_859,
4,0.359606707775676,0.0259523904513074,PHATRDRAFT_30145,PHATRDRAFT_28882,PHATRDRAFT_9619,PHATRDRAFT_2215,
5,0.359606707775743,0.0441414283263533,PHATRDRAFT_9619,PHATRDRAFT_20143,PHATRDRAFT_2215,PHATRDRAFT_20310,PHATRDRAFT_10693
