Deletion size,Max growth rate,Min production rate,Deleted genes,,,
3,0.0748297009330912,0.201419225950401,PHATRDRAFT_14792,PHATRDRAFT_26290,PHATRDRAFT_50742,
3,0.277464331694815,0.15110353255467,PHATRDRAFT_48983,PHATRDRAFT_8982,PHATRDRAFT_48078,
4,0.0748297009334965,0.201419225951396,PHATRDRAFT_14792,PHATRDRAFT_30145,PHATRDRAFT_41063,PHATRDRAFT_33839
