Deletion size,Max growth rate,Min production rate,Deleted genes,,,,,
4,0.219117793005441,0.0551971380730103,PHATRDRAFT_55035,PHATRDRAFT_36256,PHATRDRAFT_23913,PHATRDRAFT_51245,,
4,0.219117793005593,0.0551971380733823,PHATRDRAFT_45947,PHATRDRAFT_55035,PHATRDRAFT_36256,PHATRDRAFT_23913,,
6,0.219117793005216,0.055197138071831,PHATRDRAFT_54219,Phatr3_EG02215,PHATRDRAFT_55035,PHATRDRAFT_36256,PHATRDRAFT_41886,PHATRDRAFT_39681
