Deletion size,Max growth rate,Min production rate,Deleted genes,,,,
3,0.0288627202519547,0.212833170830306,PHATRDRAFT_14792,PHATRDRAFT_26290,PHATRDRAFT_50742,,
4,0.0625741135220626,0.204462379907162,PHATRDRAFT_50742,PHATRDRAFT_8982,PHATRDRAFT_55069,PHATRDRAFT_859,
5,0.0288627202517756,0.212833170831344,PHATRDRAFT_45017,PHATRDRAFT_14762,PHATRDRAFT_50742,PHATRDRAFT_8982,PHATRDRAFT_31436
