Deletion size,Max growth rate,Min production rate,Deleted genes,,,,,
4,0.301452322883095,0.0406601812472625,PHATRDRAFT_54219,PHATRDRAFT_36257,PHATRDRAFT_55035,PHATRDRAFT_23913,,
5,0.301452322883093,0.0406601812471337,PHATRDRAFT_36257,PHATRDRAFT_55035,PHATRDRAFT_41886,PHATRDRAFT_39681,PHATRDRAFT_23913,
6,0.301452322883052,0.0406601812471439,PHATRDRAFT_draft976,Phatr3_EG02215,PHATRDRAFT_36257,PHATRDRAFT_20183,PHATRDRAFT_41886,PHATRDRAFT_39681
