Deletion size,Max growth rate,Min production rate,Deleted genes,,,,,
4,0.322300888277267,0.0260833535628604,PHATRDRAFT_36257,PHATRDRAFT_20183,PHATRDRAFT_23913,PHATRDRAFT_46728,,
4,0.322300888277267,0.0260833535628876,PHATRDRAFT_55192,PHATRDRAFT_20183,PHATRDRAFT_36256,PHATRDRAFT_23913,,
6,0.322300888277287,0.0260833535628065,PHATRDRAFT_42015,PHATRDRAFT_36257,PHATRDRAFT_55035,PHATRDRAFT_19708,PHATRDRAFT_41886,PHATRDRAFT_39681
