Deletion size,Max growth rate,Min production rate,Deleted genes,,,
3,0.0288627202518923,0.212833170830324,PHATRDRAFT_14792,PHATRDRAFT_26290,PHATRDRAFT_50742,
4,0.0288627202517971,0.212833170829792,PHATRDRAFT_30145,PHATRDRAFT_8982,PHATRDRAFT_41063,PHATRDRAFT_33839
4,0.0835599463164507,0.19925144076849,PHATRDRAFT_48983,PHATRDRAFT_19708,PHATRDRAFT_8982,PHATRDRAFT_11319
