Deletion size,Max growth rate,Min production rate,Deleted genes,,,,,,
4,0.359606707775709,0.145512303000532,PHATRDRAFT_49112,PHATRDRAFT_36257,PHATRDRAFT_55035,PHATRDRAFT_42245,,,
4,0.359606707775732,0.00296963883673301,PHATRDRAFT_54219,PHATRDRAFT_20183,PHATRDRAFT_36256,PHATRDRAFT_23913,,,
7,0.359606707775946,0.0184894306049957,Phatr3_EG02215,PHATRDRAFT_20183,PHATRDRAFT_17720,PHATRDRAFT_859,PHATRDRAFT_20445,PHATRDRAFT_22019,PHATRDRAFT_51830
