Deletion size,Max growth rate,Min production rate,Deleted genes,,,,,
2,0.301649050709025,0.0405226337676313,PHATRDRAFT_10454,PHATRDRAFT_20310,,,,
4,0.176806056978968,0.0586992448421337,PHATRDRAFT_28882,PHATRDRAFT_9619,PHATRDRAFT_50372,PHATRDRAFT_42245,,
6,0.284040656837793,0.0498235272887812,PHATRDRAFT_40430,PHATRDRAFT_28191,PHATRDRAFT_9619,PHATRDRAFT_50372,PHATRDRAFT_23723,PHATRDRAFT_10693
