Deletion size,Max growth rate,Min production rate,Deleted genes,,,
4,0.301452322883094,0.0406601812472788,PHATRDRAFT_55035,PHATRDRAFT_36256,PHATRDRAFT_20310,PHATRDRAFT_23913
4,0.301452322883094,0.0406601812471802,PHATRDRAFT_54219,PHATRDRAFT_20183,PHATRDRAFT_36256,PHATRDRAFT_23913
4,0.301452322883094,0.0406601812471802,PHATRDRAFT_54219,PHATRDRAFT_36257,PHATRDRAFT_20183,PHATRDRAFT_23913
