Deletion size,Max growth rate,Min production rate,Deleted genes,,,,
4,0.359606707775731,0.088282856652861,PHATRDRAFT_9619,PHATRDRAFT_2215,PHATRDRAFT_48078,PHATRDRAFT_10693,
4,0.359606707775671,0.0882828566526889,PHATRDRAFT_28882,PHATRDRAFT_9619,PHATRDRAFT_2215,PHATRDRAFT_42245,
5,0.359606707775731,0.119388682420039,PHATRDRAFT_28882,PHATRDRAFT_9619,PHATRDRAFT_50372,PHATRDRAFT_25932,PHATRDRAFT_11014
