Deletion size,Max growth rate,Min production rate,Deleted genes,,,,,
3,0.028862720251802,0.212833170829232,PHATRDRAFT_14792,PHATRDRAFT_26290,PHATRDRAFT_48983,,,
3,0.0288627202518299,0.212833170830957,PHATRDRAFT_14792,PHATRDRAFT_30145,PHATRDRAFT_48983,,,
6,0.0625741135217821,0.204462379907738,PHATRDRAFT_51128,PHATRDRAFT_29456,PHATRDRAFT_23598,PHATRDRAFT_41063,PHATRDRAFT_33839,PHATRDRAFT_48078
