Deletion size,Max growth rate,Min production rate,Deleted genes,,,,
4,0.342120604941592,0.0855811093692968,PHATRDRAFT_30145,PHATRDRAFT_28882,PHATRDRAFT_9619,PHATRDRAFT_50372,
4,0.350808310118244,0.0430614322328774,PHATRDRAFT_9619,PHATRDRAFT_2215,PHATRDRAFT_23913,PHATRDRAFT_10693,
5,0.350808310118246,0.0430614322328785,PHATRDRAFT_55192,PHATRDRAFT_28882,PHATRDRAFT_9619,PHATRDRAFT_2215,PHATRDRAFT_35240
