Deletion size,Max growth rate,Min production rate,Deleted genes,,,
4,0.336762592860942,0.111804483566803,PHATRDRAFT_28882,PHATRDRAFT_9619,PHATRDRAFT_50372,PHATRDRAFT_23913
4,0.350808310118136,0.0430614322328649,PHATRDRAFT_28882,PHATRDRAFT_9619,PHATRDRAFT_2215,PHATRDRAFT_859
4,0.354381118482882,0.0255752658572863,PHATRDRAFT_26290,PHATRDRAFT_28882,PHATRDRAFT_9619,PHATRDRAFT_2215
