Deletion size,Max growth rate,Min production rate,Deleted genes,,,
3,0.323119524575376,0.0255109822736585,PHATRDRAFT_54015,PHATRDRAFT_31544,PHATRDRAFT_28181,
4,0.323119524575376,0.0255109822732983,PHATRDRAFT_54015,PHATRDRAFT_20310,PHATRDRAFT_20318,PHATRDRAFT_21970
4,0.323119524575373,0.0255109822737527,PHATRDRAFT_54015,PHATRDRAFT_55069,PHATRDRAFT_5423,PHATRDRAFT_21970
