Deletion size,Max growth rate,Min production rate,Deleted genes,,,,
5,0.258729374032128,0.0778777812877922,PHATRDRAFT_52208,PHATRDRAFT_12757,PHATRDRAFT_11414,PHATRDRAFT_42245,PHATRDRAFT_23830
5,0.258729374032211,0.077877781287677,PHATRDRAFT_49372,PHATRDRAFT_50097,PHATRDRAFT_11414,PHATRDRAFT_42245,PHATRDRAFT_23830
5,0.258729374032206,0.0778777812876885,PHATRDRAFT_55192,PHATRDRAFT_52208,PHATRDRAFT_12757,PHATRDRAFT_11414,PHATRDRAFT_23830
