Deletion size,Max growth rate,Min production rate,Deleted genes,,,,,,
6,0.359606707775732,1.23270704033927,PHATR_10581,PHATRDRAFT_14792,PHATRDRAFT_19708,PHATRDRAFT_48078,PHATRDRAFT_42245,Phatr3_EG02247,
6,0.359606707775843,1.15995088884063,PHATR_10581,PHATRDRAFT_31599,PHATRDRAFT_19708,PHATRDRAFT_8982,PHATRDRAFT_48078,Phatr3_EG02247,
7,0.359606707775756,1.01443858583594,PHATR_10581,PHATRDRAFT_14401,PHATRDRAFT_31599,PHATRDRAFT_19708,PHATRDRAFT_8982,PHATRDRAFT_859,Phatr3_EG02247
