Deletion size,Max growth rate,Min production rate,Deleted genes,,,,
4,0.35960670777576,0.119388682420049,PHATRDRAFT_28882,PHATRDRAFT_9619,PHATRDRAFT_50372,PHATRDRAFT_48078,
4,0.359606707775731,0.0441414283262225,PHATRDRAFT_9619,PHATRDRAFT_2215,PHATRDRAFT_23913,PHATRDRAFT_10693,
5,0.359606707775732,0.0441414283263519,PHATRDRAFT_55192,PHATRDRAFT_9619,PHATRDRAFT_2215,PHATRDRAFT_35240,PHATRDRAFT_10693
