Deletion size,Max growth rate,Min production rate,Deleted genes,
2,0.359606707775729,0.0493272007107581,PHATRDRAFT_36821,PHATRDRAFT_48078
2,0.35960670777573,0.0150597273386021,PHATRDRAFT_26290,PHATRDRAFT_10454
