Deletion size,Max growth rate,Min production rate,Deleted genes,,,,
4,0.336762592860948,0.111804483566805,PHATRDRAFT_28882,PHATRDRAFT_9619,PHATRDRAFT_50372,PHATRDRAFT_859,
4,0.35080831011808,0.043061432232858,PHATRDRAFT_9619,PHATRDRAFT_2215,PHATRDRAFT_859,PHATRDRAFT_10693,
5,0.336762592860942,0.111804483566803,PHATRDRAFT_45947,PHATRDRAFT_28882,PHATRDRAFT_9619,PHATRDRAFT_50372,PHATRDRAFT_28068
