Deletion size,Max growth rate,Min production rate,Deleted genes,,,,,,
4,0.301452322883095,0.0406601812471926,PHATRDRAFT_45947,PHATRDRAFT_36257,PHATRDRAFT_55035,PHATRDRAFT_23913,,,
6,0.301452322883094,0.0406601812471804,PHATRDRAFT_42015,PHATRDRAFT_55035,PHATRDRAFT_36256,PHATRDRAFT_19708,PHATRDRAFT_41886,PHATRDRAFT_39681,
7,0.301452322883093,0.0406601812471803,PHATRDRAFT_55192,Phatr3_EG02215,PHATRDRAFT_55035,PHATRDRAFT_36256,PHATRDRAFT_29016,PHATRDRAFT_20143,PHATRDRAFT_20310
