Deletion size,Max growth rate,Min production rate,Deleted genes,,,,,
2,0.359606707775731,0.0966169851045624,PHATRDRAFT_10454,PHATRDRAFT_859,,,,
3,0.359606707775731,0.0489198227176312,PHATRDRAFT_19708,PHATRDRAFT_10454,PHATRDRAFT_43469,,,
6,0.359606707775743,0.0505998222724857,PHATRDRAFT_45017,PHATRDRAFT_14762,PHATRDRAFT_28882,PHATRDRAFT_9619,PHATRDRAFT_50372,PHATRDRAFT_35580
