Deletion size,Max growth rate,Min production rate,Deleted genes,,,,,
3,0.342336463243574,1.11859240290219,PHATRDRAFT_50742,PHATRDRAFT_8982,PHATRDRAFT_48078,,,
5,0.342336463243574,1.11859240290219,PHATRDRAFT_51128,PHATRDRAFT_29456,PHATRDRAFT_23598,PHATRDRAFT_50742,PHATRDRAFT_48078,
6,0.359606707775682,0.857494024259019,PHATRDRAFT_50742,PHATRDRAFT_54017,PHATRDRAFT_43320,PHATRDRAFT_24610,PHATRDRAFT_19708,PHATRDRAFT_23723
