Deletion size,Max growth rate,Min production rate,Deleted genes,,,,
5,0.114677205134216,0.0957623964105937,PHATRDRAFT_30145,PHATRDRAFT_31906,Phatr3_EG02011,PHATRDRAFT_50149,PHATRDRAFT_15536
5,0.114677205134745,0.0957623964104947,PHATRDRAFT_27726,PHATRDRAFT_26290,Phatr3_EG02011,PHATRDRAFT_50149,PHATRDRAFT_49073
5,0.114677205133553,0.0957623964093119,PHATRDRAFT_27726,PHATRDRAFT_30145,Phatr3_EG02011,PHATRDRAFT_50149,PHATRDRAFT_49073
