Deletion size,Max growth rate,Min production rate,Deleted genes,,,
4,0.359606707775722,0.0441414283263507,PHATRDRAFT_9619,PHATRDRAFT_2215,PHATRDRAFT_23913,PHATRDRAFT_10693
4,0.359606707775765,0.0441414283265279,PHATRDRAFT_28882,PHATRDRAFT_9619,PHATRDRAFT_2215,PHATRDRAFT_48078
4,0.359606707775676,0.0259523904513579,PHATRDRAFT_30145,PHATRDRAFT_9619,PHATRDRAFT_2215,PHATRDRAFT_10693
