Deletion size,Max growth rate,Min production rate,Deleted genes,,,,,
4,0.271706069772419,0.0508444506764384,PHATRDRAFT_45947,PHATRDRAFT_55035,PHATRDRAFT_36256,PHATRDRAFT_23913,,
4,0.271706069772685,0.0508444506766428,PHATRDRAFT_54219,PHATRDRAFT_36257,PHATRDRAFT_55035,PHATRDRAFT_23913,,
6,0.271706069772573,0.0508444506765528,PHATRDRAFT_13643,PHATRDRAFT_36257,PHATRDRAFT_55035,PHATRDRAFT_41886,PHATRDRAFT_39681,PHATRDRAFT_44384
