Deletion size,Max growth rate,Min production rate,Deleted genes,,,,,
3,0.0288627202518299,0.212833170831299,PHATRDRAFT_26290,PHATRDRAFT_48983,PHATRDRAFT_8982,,,
4,0.0288627202518021,0.212833170829891,PHATRDRAFT_26290,PHATRDRAFT_8982,PHATRDRAFT_41063,PHATRDRAFT_33839,,
6,0.083559946316562,0.199251440766384,PHATRDRAFT_48983,PHATRDRAFT_51128,PHATRDRAFT_29456,PHATRDRAFT_23598,PHATRDRAFT_19708,PHATRDRAFT_11319
