Deletion size,Max growth rate,Min production rate,Deleted genes,,,,,
4,0.359606707775729,0.059694341210019,PHATRDRAFT_28882,PHATRDRAFT_9619,PHATRDRAFT_50372,PHATRDRAFT_42245,,
4,0.359606707775675,0.0148299374007331,PHATRDRAFT_26290,PHATRDRAFT_9619,PHATRDRAFT_2215,PHATRDRAFT_10693,,
6,0.359606707775847,0.0148299374007418,PHATRDRAFT_45017,PHATRDRAFT_14762,PHATRDRAFT_9619,PHATRDRAFT_2215,PHATRDRAFT_55069,PHATRDRAFT_10693
