Deletion size,Max growth rate,Min production rate,Deleted genes,,,
3,0.31401627058503,0.024792260768379,PHATRDRAFT_draft521,PHATRDRAFT_38946,PHATRDRAFT_23723,
3,0.314016270583826,0.0247922607679387,PHATRDRAFT_54015,PHATRDRAFT_31544,PHATRDRAFT_21970,
4,0.314016270583924,0.0247922607679499,PHATRDRAFT_54015,PHATRDRAFT_54478,PHATRDRAFT_38946,PHATRDRAFT_21970
