Deletion size,Max growth rate,Min production rate,Deleted genes,,,,
4,0.0698403833516572,0.202658110799869,PHATRDRAFT_30145,PHATRDRAFT_32747,PHATRDRAFT_25308,PHATRDRAFT_8982,
5,0.303358710315053,0.144673764797159,PHATRDRAFT_14792,PHATRDRAFT_54478,PHATRDRAFT_48983,PHATRDRAFT_29016,PHATRDRAFT_28191
5,0.336762592860945,0.111804483566804,PHATRDRAFT_28882,PHATRDRAFT_9619,PHATRDRAFT_50372,PHATRDRAFT_20310,PHATRDRAFT_18064
