Deletion size,Max growth rate,Min production rate,Deleted genes,,,,,
4,0.322300888277267,0.0260833535628079,PHATRDRAFT_36257,PHATRDRAFT_20183,PHATRDRAFT_23913,PHATRDRAFT_51830,,
4,0.322300888277267,0.0260833535628079,PHATRDRAFT_20183,PHATRDRAFT_36256,PHATRDRAFT_23913,PHATRDRAFT_46728,,
6,0.322300888276602,0.026083353561365,PHATRDRAFT_49112,PHATRDRAFT_36257,PHATRDRAFT_55035,PHATRDRAFT_41886,PHATRDRAFT_39681,PHATRDRAFT_22019
