Deletion size,Max growth rate,Min production rate,Deleted genes,,,,,
4,0.219117793005338,0.0551971380721301,PHATRDRAFT_49112,PHATRDRAFT_55035,PHATRDRAFT_36256,PHATRDRAFT_42245,,
4,0.334973585055448,0.0172229013571355,PHATRDRAFT_20183,PHATRDRAFT_859,PHATRDRAFT_23913,PHATRDRAFT_51245,,
6,0.219117793005567,0.0551971380731269,PHATRDRAFT_42015,PHATRDRAFT_36257,PHATRDRAFT_55035,PHATRDRAFT_29016,PHATRDRAFT_20310,PHATRDRAFT_31367
