Deletion size,Max growth rate,Min production rate,Deleted genes,,,,
2,0.321136688694857,0.0268973345913405,PHATRDRAFT_30145,PHATRDRAFT_10454,,,
2,0.321136688694745,0.0268973345913147,PHATRDRAFT_26290,PHATRDRAFT_10454,,,
5,0.176806056981094,0.0586992448428395,PHATRDRAFT_28882,PHATRDRAFT_9619,PHATRDRAFT_50372,PHATRDRAFT_41886,PHATRDRAFT_39681
