Deletion size,Max growth rate,Min production rate,Deleted genes,,,,,
3,0.35960670777573,0.899868628061989,PHATRDRAFT_14792,PHATRDRAFT_26290,PHATRDRAFT_48983,,,
5,0.359606707775732,0.0441414283263519,PHATRDRAFT_9619,PHATRDRAFT_2215,PHATRDRAFT_20310,PHATRDRAFT_31367,PHATRDRAFT_10693,
6,0.359606707775844,0.142915670709613,PHATRDRAFT_14792,PHATRDRAFT_40430,PHATRDRAFT_32747,PHATRDRAFT_25308,PHATRDRAFT_28191,PHATRDRAFT_41969
