Deletion size,Max growth rate,Min production rate,Deleted genes,,,,
2,0.208663405110581,0.0560624389576439,PHATRDRAFT_10454,PHATRDRAFT_23913,,,
2,0.208663405110291,0.056062438957566,PHATRDRAFT_10454,PHATRDRAFT_20310,,,
3,0.208663405110275,0.0560624389575616,PHATRDRAFT_10454,PHATRDRAFT_41886,PHATRDRAFT_39681,,
4,0.176806056981066,0.0586992448428302,PHATRDRAFT_9619,PHATRDRAFT_50372,PHATRDRAFT_23913,PHATRDRAFT_10693,
4,0.176806056981066,0.0586992448428302,PHATRDRAFT_28882,PHATRDRAFT_9619,PHATRDRAFT_50372,PHATRDRAFT_23913,
5,0.176806056981094,0.0586992448428395,PHATRDRAFT_9619,PHATRDRAFT_50372,PHATRDRAFT_20310,PHATRDRAFT_18064,PHATRDRAFT_10693
5,0.17680605698051,0.0586992448426459,PHATRDRAFT_9619,PHATRDRAFT_50372,PHATRDRAFT_41886,PHATRDRAFT_39681,PHATRDRAFT_10693
5,0.305901819829909,0.0375491973952377,PHATRDRAFT_28882,PHATRDRAFT_9619,PHATRDRAFT_20143,PHATRDRAFT_2215,PHATRDRAFT_20310
