Deletion size,Max growth rate,Min production rate,Deleted genes,,,,
4,0.359606707775724,0.101199644544975,PHATRDRAFT_30145,PHATRDRAFT_9619,PHATRDRAFT_50372,PHATRDRAFT_10693,
4,0.359606707775733,0.0259523904514065,PHATRDRAFT_26290,PHATRDRAFT_9619,PHATRDRAFT_2215,PHATRDRAFT_10693,
5,0.35960670777573,0.119388682420038,PHATRDRAFT_9619,PHATRDRAFT_20143,PHATRDRAFT_50372,PHATRDRAFT_20310,PHATRDRAFT_10693
