Deletion size,Max growth rate,Min production rate,Deleted genes,,,,
4,0.336762592860974,0.111804483566814,PHATRDRAFT_28882,PHATRDRAFT_9619,PHATRDRAFT_50372,PHATRDRAFT_48078,
4,0.354381118482874,0.0255752658572337,PHATRDRAFT_26290,PHATRDRAFT_9619,PHATRDRAFT_2215,PHATRDRAFT_10693,
5,0.347023238950007,0.0615864628060994,PHATRDRAFT_19708,PHATRDRAFT_9619,PHATRDRAFT_50372,PHATRDRAFT_22803,PHATRDRAFT_10693
