Deletion size,Max growth rate,Min production rate,Deleted genes,,,
4,0.359606707775732,0.119388682420039,PHATRDRAFT_28882,PHATRDRAFT_9619,PHATRDRAFT_50372,PHATRDRAFT_42245
4,0.359606707775733,0.101199644544969,PHATRDRAFT_30145,PHATRDRAFT_28882,PHATRDRAFT_9619,PHATRDRAFT_50372
4,0.359606707775731,0.0882828566527036,PHATRDRAFT_9619,PHATRDRAFT_2215,PHATRDRAFT_23913,PHATRDRAFT_10693
