Deletion size,Max growth rate,Min production rate,Deleted genes,,,
4,0.0559042750965857,0.206118550641392,PHATRDRAFT_14792,PHATRDRAFT_26290,PHATRDRAFT_41063,PHATRDRAFT_33839
4,0.152716911355418,0.182079249440444,PHATRDRAFT_14792,PHATRDRAFT_54478,PHATRDRAFT_48983,PHATRDRAFT_19708
4,0.152716911355253,0.182079249440419,PHATRDRAFT_14792,PHATRDRAFT_48983,PHATRDRAFT_19708,PHATRDRAFT_55069
