Deletion size,Max growth rate,Min production rate,Deleted genes,,,,
4,0.27122234495977,0.0763267322580065,PHATRDRAFT_30145,PHATRDRAFT_9619,PHATRDRAFT_50372,PHATRDRAFT_10693,
4,0.359606707775998,0.0441414283263846,PHATRDRAFT_9619,PHATRDRAFT_2215,PHATRDRAFT_48078,PHATRDRAFT_10693,
5,0.24114786380201,0.0800605914884214,PHATRDRAFT_28882,PHATRDRAFT_9619,PHATRDRAFT_50372,PHATRDRAFT_20310,PHATRDRAFT_31367
