Deletion size,Max growth rate,Min production rate,Deleted genes,,,
2,0.343006894592848,0.027081132963115,PHATRDRAFT_draft521,PHATRDRAFT_31544,,
3,0.343006894592792,0.027081132962558,PHATRDRAFT_draft521,PHATRDRAFT_38946,PHATRDRAFT_51970,
4,0.343006894592765,0.0270811329620263,PHATRDRAFT_54015,PHATRDRAFT_54478,PHATRDRAFT_5423,PHATRDRAFT_21970
