Deletion size,Max growth rate,Min production rate,Deleted genes,
2,0.359606707775731,0.096616985104562,PHATRDRAFT_10454,PHATRDRAFT_48078
2,0.359606707775704,0.0966169851045548,PHATRDRAFT_10454,PHATRDRAFT_859
2,0.359606707775674,0.0602389093544226,PHATRDRAFT_26290,PHATRDRAFT_10454
