Deletion size,Max growth rate,Min production rate,Deleted genes,,,
4,0.340053689318226,0.095697081675886,PHATRDRAFT_26290,PHATRDRAFT_9619,PHATRDRAFT_50372,PHATRDRAFT_10693
4,0.340053689318225,0.0956970816758828,PHATRDRAFT_30145,PHATRDRAFT_28882,PHATRDRAFT_9619,PHATRDRAFT_50372
4,0.354381118482868,0.0255752658572899,PHATRDRAFT_26290,PHATRDRAFT_28882,PHATRDRAFT_9619,PHATRDRAFT_2215
