Deletion size,Max growth rate,Min production rate,Deleted genes,,,,
4,0.359606707775731,0.0441414283263518,PHATRDRAFT_28882,PHATRDRAFT_9619,PHATRDRAFT_2215,PHATRDRAFT_42245,
5,0.359606707775736,0.11938868242004,PHATRDRAFT_28882,PHATRDRAFT_9619,PHATRDRAFT_20143,PHATRDRAFT_50372,PHATRDRAFT_20310
5,0.359606707775736,0.11938868242004,PHATRDRAFT_9619,PHATRDRAFT_50372,PHATRDRAFT_41886,PHATRDRAFT_39681,PHATRDRAFT_10693
