Deletion size,Max growth rate,Min production rate,Deleted genes,,,
3,0.336293586351589,0.114099911985175,PHATRDRAFT_16490,PHATRDRAFT_29658,PHATRDRAFT_859,
4,0.336762592860943,0.111804483566803,PHATRDRAFT_9619,PHATRDRAFT_50372,PHATRDRAFT_48078,PHATRDRAFT_10693
4,0.35080831011808,0.043061432232858,PHATRDRAFT_28882,PHATRDRAFT_9619,PHATRDRAFT_2215,PHATRDRAFT_23913
