Deletion size,Max growth rate,Min production rate,Deleted genes,,,
3,0.314016270583924,0.0247922607681055,PHATRDRAFT_draft521,PHATRDRAFT_12331,PHATRDRAFT_51970,
4,0.314016270583777,0.0247922607679776,PHATRDRAFT_54015,PHATRDRAFT_11319,PHATRDRAFT_47293,PHATRDRAFT_28181
4,0.314016270583923,0.0247922607678362,PHATRDRAFT_54015,PHATRDRAFT_12331,PHATRDRAFT_35580,PHATRDRAFT_28181
