Deletion size,Max growth rate,Min production rate,Deleted genes,,,,,
4,0.271706069772341,0.0508444506762833,PHATRDRAFT_20183,PHATRDRAFT_36256,PHATRDRAFT_23913,PHATRDRAFT_46728,,
6,0.271706069772779,0.0508444506767515,PHATRDRAFT_55192,PHATRDRAFT_36257,PHATRDRAFT_20183,PHATRDRAFT_41886,PHATRDRAFT_39681,PHATRDRAFT_44384
6,0.271706069772367,0.0508444506763944,PHATRDRAFT_54219,PHATRDRAFT_49112,PHATRDRAFT_36257,PHATRDRAFT_55035,PHATRDRAFT_41886,PHATRDRAFT_39681
