Deletion size,Max growth rate,Min production rate,Deleted genes,,,,
4,0.336762592860946,0.111804483566804,PHATRDRAFT_28882,PHATRDRAFT_9619,PHATRDRAFT_50372,PHATRDRAFT_859,
4,0.350808310118136,0.0430614322328649,PHATRDRAFT_9619,PHATRDRAFT_2215,PHATRDRAFT_48078,PHATRDRAFT_10693,
5,0.356295404139181,0.0162063005897956,PHATRDRAFT_19708,PHATRDRAFT_9619,PHATRDRAFT_2215,PHATRDRAFT_20310,PHATRDRAFT_10693
