Deletion size,Max growth rate,Min production rate,Deleted genes,,,
3,0.314016270584257,0.024792260768379,PHATRDRAFT_draft521,PHATRDRAFT_38085,PHATRDRAFT_31436,
4,0.314016270583928,0.0247922607679234,PHATRDRAFT_54015,PHATRDRAFT_55069,PHATRDRAFT_12331,PHATRDRAFT_21970
4,0.31401627058392,0.0247922607677217,PHATRDRAFT_54015,PHATRDRAFT_20310,PHATRDRAFT_38946,PHATRDRAFT_21970
