Deletion size,Max growth rate,Min production rate,Deleted genes,,,
4,0.314153275118904,0.0317799734885796,PHATRDRAFT_20183,PHATRDRAFT_36256,PHATRDRAFT_23913,PHATRDRAFT_51245
4,0.314153275118826,0.0317799734885545,PHATRDRAFT_36257,PHATRDRAFT_55035,PHATRDRAFT_20310,PHATRDRAFT_23913
4,0.314153275118904,0.0317799734885796,PHATRDRAFT_20183,PHATRDRAFT_36256,PHATRDRAFT_23913,PHATRDRAFT_51830
