Deletion size,Max growth rate,Min production rate,Deleted genes,,,,,
3,0.0288627202516254,0.212833170826746,PHATRDRAFT_30145,PHATRDRAFT_50742,PHATRDRAFT_8982,,,
3,0.0625741135216712,0.204462379905538,PHATRDRAFT_50742,PHATRDRAFT_8982,PHATRDRAFT_48078,,,
6,0.0835599463161629,0.199251440765594,PHATRDRAFT_13643,PHATRDRAFT_14792,PHATRDRAFT_42015,PHATRDRAFT_28191,PHATRDRAFT_50742,PHATRDRAFT_23913
