Deletion size,Max growth rate,Min production rate,Deleted genes,,,
3,0.349243166246429,0.0507216153012564,PHATRDRAFT_23908,PHATRDRAFT_41886,PHATRDRAFT_39681,
4,0.353757160153361,0.0286290650111935,Phatr3_EG02215,PHATRDRAFT_36257,PHATRDRAFT_55035,PHATRDRAFT_42245
4,0.353757160153361,0.0286290650111935,PHATRDRAFT_49112,PHATRDRAFT_55035,PHATRDRAFT_36256,PHATRDRAFT_42245
