Deletion size,Max growth rate,Min production rate,Deleted genes,,,,
4,0.271706069772428,0.0508444506763914,PHATRDRAFT_20183,PHATRDRAFT_36256,PHATRDRAFT_23913,PHATRDRAFT_51830,
4,0.271706069772428,0.0508444506763914,PHATRDRAFT_20183,PHATRDRAFT_36256,PHATRDRAFT_23913,PHATRDRAFT_46728,
5,0.27170606977244,0.0508444506764162,PHATRDRAFT_54219,PHATRDRAFT_13894,PHATRDRAFT_17401,PHATRDRAFT_36256,PHATRDRAFT_23913
