Deletion size,Max growth rate,Min production rate,Deleted genes,,,,,
3,0.169177728481068,1.24751347316448,PHATRDRAFT_14792,PHATRDRAFT_26290,PHATRDRAFT_50742,,,
3,0.169177728481068,1.24751347316448,PHATRDRAFT_26290,PHATRDRAFT_50742,PHATRDRAFT_8982,,,
6,0.35960670777573,0.857494024258614,PHATRDRAFT_50742,PHATRDRAFT_54017,PHATRDRAFT_43320,PHATRDRAFT_24610,PHATRDRAFT_19708,PHATRDRAFT_35580
