Deletion size,Max growth rate,Min production rate,Deleted genes,,,,,,
4,0.314153275118906,0.0317799734885911,PHATRDRAFT_20183,PHATRDRAFT_36256,PHATRDRAFT_23913,PHATRDRAFT_51245,,,
5,0.314153275118905,0.0317799734885696,PHATRDRAFT_54219,PHATRDRAFT_36257,PHATRDRAFT_13894,PHATRDRAFT_17401,PHATRDRAFT_23913,,
7,0.314153275118905,0.0317799734885702,PHATRDRAFT_42015,PHATRDRAFT_55192,PHATRDRAFT_36257,PHATRDRAFT_20183,PHATRDRAFT_40430,PHATRDRAFT_41886,PHATRDRAFT_39681
