Deletion size,Max growth rate,Min production rate,Deleted genes,,,
4,0.176806056980994,0.0586992448428065,PHATRDRAFT_28882,PHATRDRAFT_9619,PHATRDRAFT_50372,PHATRDRAFT_23913
4,0.201361906961789,0.0566667778125817,PHATRDRAFT_26290,PHATRDRAFT_28882,PHATRDRAFT_9619,PHATRDRAFT_50372
4,0.201361906961789,0.0566667778125817,PHATRDRAFT_26290,PHATRDRAFT_9619,PHATRDRAFT_50372,PHATRDRAFT_10693
4,0.356821362857393,0.043799529522969,PHATRDRAFT_28882,PHATRDRAFT_9619,PHATRDRAFT_2215,PHATRDRAFT_23913
4,0.356821362857265,0.0437995295229532,PHATRDRAFT_28882,PHATRDRAFT_9619,PHATRDRAFT_2215,PHATRDRAFT_859
4,0.359606707775942,0.0259523904513241,PHATRDRAFT_30145,PHATRDRAFT_9619,PHATRDRAFT_2215,PHATRDRAFT_10693
4,0.359606707775729,0.0259523904512994,PHATRDRAFT_26290,PHATRDRAFT_28882,PHATRDRAFT_9619,PHATRDRAFT_2215
