Deletion size,Max growth rate,Min production rate,Deleted genes,,,
3,0.359606707775731,1.32586664042126,PHATRDRAFT_26290,PHATRDRAFT_48983,PHATRDRAFT_8982,
3,0.359606707775731,0.58751166548165,PHATRDRAFT_50742,PHATRDRAFT_8982,PHATRDRAFT_48078,
4,0.359606707775732,0.428747012129481,PHATRDRAFT_48983,PHATRDRAFT_19708,PHATRDRAFT_8982,PHATRDRAFT_22803
