Deletion size,Max growth rate,Min production rate,Deleted genes,,,,
3,0.16448820239642,0.179156349889493,PHATRDRAFT_14792,PHATRDRAFT_50742,PHATRDRAFT_48078,,
4,0.0812917593699655,0.199814648539622,PHATRDRAFT_30145,PHATRDRAFT_32747,PHATRDRAFT_25308,PHATRDRAFT_8982,
5,0.210899320392174,0.167632122396185,PHATRDRAFT_14792,PHATRDRAFT_48983,PHATRDRAFT_40430,PHATRDRAFT_28191,PHATRDRAFT_42245
