Deletion size,Max growth rate,Min production rate,Deleted genes,,
2,0.208663405111056,0.0560624389577715,PHATRDRAFT_10454,PHATRDRAFT_20310,
3,0.208663405110515,0.0560624389576262,PHATRDRAFT_10454,PHATRDRAFT_41886,PHATRDRAFT_39681
