Deletion size,Max growth rate,Min production rate,Deleted genes,,,,
3,0.218256436572784,1.60941896828929,PHATRDRAFT_14792,PHATRDRAFT_26290,PHATRDRAFT_50742,,
3,0.218256436572823,1.60941896828047,PHATRDRAFT_30145,PHATRDRAFT_50742,PHATRDRAFT_8982,,
5,0.218256436572903,1.6094189682905,PHATRDRAFT_14792,PHATRDRAFT_54478,PHATRDRAFT_45017,PHATRDRAFT_14762,PHATRDRAFT_50742
