Deletion size,Max growth rate,Min production rate,Deleted genes,,,,
4,0.350808310118025,0.0430614322328545,PHATRDRAFT_9619,PHATRDRAFT_2215,PHATRDRAFT_23913,PHATRDRAFT_10693,
4,0.35495422762052,0.0227703346358958,PHATRDRAFT_26290,PHATRDRAFT_28882,PHATRDRAFT_9619,PHATRDRAFT_2215,
5,0.348377743555126,0.0549571979632324,PHATRDRAFT_19708,PHATRDRAFT_9619,PHATRDRAFT_50372,PHATRDRAFT_55069,PHATRDRAFT_10693
