Deletion size,Max growth rate,Min production rate,Deleted genes,,,,
5,0.359606707775734,0.0638196600326988,PHATRDRAFT_19708,PHATRDRAFT_9619,PHATRDRAFT_50372,PHATRDRAFT_51970,PHATRDRAFT_10693
5,0.359606707775731,0.0638196600326923,PHATRDRAFT_19708,PHATRDRAFT_9619,PHATRDRAFT_50372,PHATRDRAFT_35580,PHATRDRAFT_10693
5,0.359606707775731,0.0638196600327274,PHATRDRAFT_19708,PHATRDRAFT_28882,PHATRDRAFT_9619,PHATRDRAFT_50372,PHATRDRAFT_17720
