Deletion size,Max growth rate,Min production rate,Deleted genes,,,,,
4,0.336762592860937,0.111804483566801,PHATRDRAFT_9619,PHATRDRAFT_50372,PHATRDRAFT_42245,PHATRDRAFT_10693,,
4,0.350808310118135,0.0430614322328648,PHATRDRAFT_28882,PHATRDRAFT_9619,PHATRDRAFT_2215,PHATRDRAFT_48078,,
6,0.34702323895001,0.0615864628061856,PHATRDRAFT_18572,PHATRDRAFT_22418,PHATRDRAFT_19708,PHATRDRAFT_9619,PHATRDRAFT_50372,PHATRDRAFT_10693
