Deletion size,Max growth rate,Min production rate,Deleted genes,,,,
2,0.340893038662959,0.0915891081189567,PHATRDRAFT_10454,PHATRDRAFT_23913,,,
3,0.340893038662814,0.0915891081188468,PHATRDRAFT_45947,PHATRDRAFT_10454,PHATRDRAFT_28068,,
5,0.350808310118148,0.043061432232894,PHATRDRAFT_9619,PHATRDRAFT_20143,PHATRDRAFT_2215,PHATRDRAFT_20310,PHATRDRAFT_10693
