Deletion size,Max growth rate,Min production rate,Deleted genes,,,,,
4,0.359606707775721,0.0184894306049842,PHATRDRAFT_49112,PHATRDRAFT_55035,PHATRDRAFT_48078,PHATRDRAFT_42245,,
5,0.359606707775689,0.0184894306049828,PHATRDRAFT_54219,Phatr3_EG02215,PHATRDRAFT_55035,PHATRDRAFT_48078,Phatr3_EG02101,
6,0.359606707775731,0.0184894306049848,PHATRDRAFT_54219,PHATRDRAFT_13894,PHATRDRAFT_17401,PHATRDRAFT_19979,PHATRDRAFT_859,PHATRDRAFT_23913
