Deletion size,Max growth rate,Min production rate,Deleted genes,,,,
3,0.0559042750967657,0.206118550642081,PHATRDRAFT_14792,PHATRDRAFT_26290,PHATRDRAFT_48983,,
4,0.0559042750969515,0.206118550642353,PHATRDRAFT_30145,PHATRDRAFT_8982,PHATRDRAFT_41063,PHATRDRAFT_33839,
5,0.116892621818825,0.190974688298683,PHATRDRAFT_8982,PHATRDRAFT_41063,PHATRDRAFT_33839,PHATRDRAFT_22803,PHATRDRAFT_859
