Deletion size,Max growth rate,Min production rate,Deleted genes,,,
4,0.336762592860933,0.1118044835668,PHATRDRAFT_28882,PHATRDRAFT_9619,PHATRDRAFT_50372,PHATRDRAFT_42245
4,0.350808310118074,0.0430614322328573,PHATRDRAFT_9619,PHATRDRAFT_2215,PHATRDRAFT_23913,PHATRDRAFT_10693
4,0.354381118482873,0.025575265855944,PHATRDRAFT_26290,PHATRDRAFT_28882,PHATRDRAFT_9619,PHATRDRAFT_2215
