Deletion size,Max growth rate,Min production rate,Deleted genes,
2,0.359606707775728,0.104453486020047,PHATRDRAFT_23908,PHATRDRAFT_55069
2,0.359606707775728,0.104453486020047,PHATRDRAFT_23908,PHATRDRAFT_31436
