Deletion size,Max growth rate,Min production rate,Deleted genes,,,,
4,0.35960670777573,0.0184894306050012,PHATRDRAFT_20183,PHATRDRAFT_48078,PHATRDRAFT_42245,PHATRDRAFT_36390,
5,0.359606707775788,0.0184894306050012,PHATRDRAFT_42015,PHATRDRAFT_20183,PHATRDRAFT_29016,PHATRDRAFT_19708,PHATRDRAFT_48078
5,0.359606707775734,0.0184894306049728,PHATRDRAFT_55192,PHATRDRAFT_20183,PHATRDRAFT_48078,PHATRDRAFT_25572,PHATRDRAFT_36390
