Deletion size,Max growth rate,Min production rate,Deleted genes,,,,
4,0.176806056981201,0.0586992448428753,PHATRDRAFT_9619,PHATRDRAFT_50372,PHATRDRAFT_23913,PHATRDRAFT_10693,
5,0.176806056981508,0.058699244842977,PHATRDRAFT_9619,PHATRDRAFT_20143,PHATRDRAFT_50372,PHATRDRAFT_20310,PHATRDRAFT_10693
5,0.323190472300464,0.0465831300221885,PHATRDRAFT_19708,PHATRDRAFT_9619,PHATRDRAFT_50372,PHATRDRAFT_51970,PHATRDRAFT_10693
