Deletion size,Max growth rate,Min production rate,Deleted genes,,,
4,0.359606707775731,0.119388682420267,PHATRDRAFT_9619,PHATRDRAFT_50372,PHATRDRAFT_23913,PHATRDRAFT_10693
4,0.359606707775739,0.119388682420041,PHATRDRAFT_9619,PHATRDRAFT_50372,PHATRDRAFT_48078,PHATRDRAFT_10693
4,0.359606707775708,0.088282856652698,PHATRDRAFT_9619,PHATRDRAFT_2215,PHATRDRAFT_48078,PHATRDRAFT_10693
