Deletion size,Max growth rate,Min production rate,Deleted genes,,,
3,0.348367223628421,0.0275043424824042,PHATRDRAFT_draft521,PHATRDRAFT_41969,PHATRDRAFT_47293,
4,0.348367223628449,0.0275043424824597,PHATRDRAFT_54015,PHATRDRAFT_38946,PHATRDRAFT_23723,PHATRDRAFT_28181
4,0.348367223628448,0.0275043424827466,PHATRDRAFT_54015,PHATRDRAFT_54478,PHATRDRAFT_47293,PHATRDRAFT_21970
