Deletion size,Max growth rate,Min production rate,Deleted genes,,,
3,0.0748297009332822,0.201419225950472,PHATRDRAFT_30145,PHATRDRAFT_48983,PHATRDRAFT_8982,
4,0.277464331694465,0.15110353255406,PHATRDRAFT_14792,PHATRDRAFT_50742,PHATRDRAFT_19979,PHATRDRAFT_859
4,0.332598977152314,0.132182200358518,PHATRDRAFT_50742,PHATRDRAFT_19708,PHATRDRAFT_8982,PHATRDRAFT_19979
