Deletion size,Max growth rate,Min production rate,Deleted genes,,,
4,0.336762592861081,0.111804483566849,PHATRDRAFT_9619,PHATRDRAFT_50372,PHATRDRAFT_23913,PHATRDRAFT_10693
4,0.340053689318217,0.0956970816758804,PHATRDRAFT_30145,PHATRDRAFT_28882,PHATRDRAFT_9619,PHATRDRAFT_50372
4,0.350808310118137,0.043061432232865,PHATRDRAFT_9619,PHATRDRAFT_2215,PHATRDRAFT_23913,PHATRDRAFT_10693
