Deletion size,Max growth rate,Min production rate,Deleted genes,,,,
4,0.241147863801994,0.080060591488416,PHATRDRAFT_9619,PHATRDRAFT_50372,PHATRDRAFT_48078,PHATRDRAFT_10693,
4,0.293879804730309,0.0735137239522476,PHATRDRAFT_26290,PHATRDRAFT_28882,PHATRDRAFT_9619,PHATRDRAFT_50372,
5,0.241147863802145,0.0800605914884664,PHATRDRAFT_55192,PHATRDRAFT_28882,PHATRDRAFT_9619,PHATRDRAFT_50372,PHATRDRAFT_35240
