Deletion size,Max growth rate,Min production rate,Deleted genes,,,,,
4,0.301452322883094,0.0406601812471805,PHATRDRAFT_45947,PHATRDRAFT_36257,PHATRDRAFT_20183,PHATRDRAFT_23913,,
6,0.301452322883209,0.040660181247196,PHATRDRAFT_49112,PHATRDRAFT_20183,PHATRDRAFT_36256,PHATRDRAFT_41886,PHATRDRAFT_39681,PHATRDRAFT_22019
6,0.301452322883094,0.0406601812471717,PHATRDRAFT_36257,PHATRDRAFT_55035,PHATRDRAFT_20310,PHATRDRAFT_31367,PHATRDRAFT_20445,PHATRDRAFT_23365
