Deletion size,Max growth rate,Min production rate,Deleted genes,,,,
3,0.359606707775515,0.195837221827017,PHATRDRAFT_14792,PHATRDRAFT_50742,PHATRDRAFT_48078,,
4,0.359606707775729,0.119388682420038,PHATRDRAFT_28882,PHATRDRAFT_9619,PHATRDRAFT_50372,PHATRDRAFT_48078,
5,0.359606707775842,0.142915670710227,PHATRDRAFT_19708,PHATRDRAFT_8982,PHATRDRAFT_41063,PHATRDRAFT_33839,PHATRDRAFT_55069
