Deletion size,Max growth rate,Min production rate,Deleted genes,,,,
4,0.35960670777583,0.119388682420072,PHATRDRAFT_28882,PHATRDRAFT_9619,PHATRDRAFT_50372,PHATRDRAFT_42245,
4,0.359606707775706,0.0259523904512723,PHATRDRAFT_26290,PHATRDRAFT_9619,PHATRDRAFT_2215,PHATRDRAFT_10693,
5,0.359606707775729,0.0638196600328251,PHATRDRAFT_19708,PHATRDRAFT_9619,PHATRDRAFT_50372,PHATRDRAFT_55069,PHATRDRAFT_10693
