Deletion size,Max growth rate,Min production rate,Deleted genes,,,
4,0.22339503453424,0.0548431143921034,PHATRDRAFT_9619,PHATRDRAFT_2215,PHATRDRAFT_859,PHATRDRAFT_10693
4,0.298072731261891,0.0430231124020787,PHATRDRAFT_30145,PHATRDRAFT_9619,PHATRDRAFT_2215,PHATRDRAFT_10693
4,0.29807273126191,0.0430231124020723,PHATRDRAFT_26290,PHATRDRAFT_28882,PHATRDRAFT_9619,PHATRDRAFT_2215
