Deletion size,Max growth rate,Min production rate,Deleted genes,,,,,
4,0.241147863801991,0.080060591488415,PHATRDRAFT_9619,PHATRDRAFT_50372,PHATRDRAFT_42245,PHATRDRAFT_10693,,
4,0.359606707775731,0.0259523904512127,PHATRDRAFT_30145,PHATRDRAFT_9619,PHATRDRAFT_2215,PHATRDRAFT_10693,,
6,0.359606707775565,0.0163569171320107,PHATRDRAFT_40430,PHATRDRAFT_28191,PHATRDRAFT_28882,PHATRDRAFT_9619,PHATRDRAFT_2215,PHATRDRAFT_20310
