Deletion size,Max growth rate,Min production rate,Deleted genes,,,
4,0.359606707775728,0.250391997398663,PHATRDRAFT_14792,PHATRDRAFT_32747,PHATRDRAFT_25308,PHATRDRAFT_48078
4,0.359606707775564,0.171498804852149,PHATRDRAFT_14792,PHATRDRAFT_48983,PHATRDRAFT_19708,PHATRDRAFT_42245
4,0.359606707775621,0.0441414283263384,PHATRDRAFT_28882,PHATRDRAFT_9619,PHATRDRAFT_2215,PHATRDRAFT_48078
