Deletion size,Max growth rate,Min production rate,Deleted genes,,,
4,0.314153275118904,0.0317799734886164,PHATRDRAFT_55192,PHATRDRAFT_36257,PHATRDRAFT_55035,PHATRDRAFT_23913
4,0.31415327511896,0.0317799734886032,PHATRDRAFT_36257,PHATRDRAFT_55035,PHATRDRAFT_23913,PHATRDRAFT_51245
4,0.314153275118812,0.0317799734885673,PHATRDRAFT_36257,PHATRDRAFT_55035,PHATRDRAFT_19708,PHATRDRAFT_23913
