Deletion size,Max growth rate,Min production rate,Deleted genes,,,
3,0.353897749137528,0.0279409893810225,PHATRDRAFT_54015,PHATRDRAFT_20310,PHATRDRAFT_28181,
3,0.353897749137477,0.0279409893807951,PHATRDRAFT_54015,PHATRDRAFT_23913,PHATRDRAFT_28181,
4,0.353897749137527,0.0279409893807951,PHATRDRAFT_18572,PHATRDRAFT_22418,PHATRDRAFT_54015,PHATRDRAFT_21970
