Deletion size,Max growth rate,Min production rate,Deleted genes,,,,,,
4,0.219117793005234,0.0551971380713747,PHATRDRAFT_54219,PHATRDRAFT_20183,PHATRDRAFT_36256,PHATRDRAFT_23913,,,
4,0.219117793005444,0.0551971380728485,PHATRDRAFT_36257,PHATRDRAFT_55035,PHATRDRAFT_20310,PHATRDRAFT_23913,,,
7,0.219117793005395,0.0551971380724865,PHATRDRAFT_draft976,PHATRDRAFT_49112,PHATRDRAFT_20183,PHATRDRAFT_36256,PHATRDRAFT_20310,PHATRDRAFT_31367,Phatr3_EG02101
