Deletion size,Max growth rate,Min production rate,Deleted genes,
2,0.359606707775731,0.048308492552281,PHATRDRAFT_10454,PHATRDRAFT_48078
2,0.359606707775731,0.0267728486019647,PHATRDRAFT_26290,PHATRDRAFT_10454
