Deletion size,Max growth rate,Min production rate,Deleted genes,,,,
4,0.31415327511896,0.0317799734883908,PHATRDRAFT_36257,PHATRDRAFT_20183,PHATRDRAFT_23913,PHATRDRAFT_51245,
4,0.31415327511896,0.0317799734883908,PHATRDRAFT_55035,PHATRDRAFT_36256,PHATRDRAFT_23913,PHATRDRAFT_46728,
5,0.314153275118791,0.0317799734885289,PHATRDRAFT_42015,PHATRDRAFT_36257,PHATRDRAFT_55035,PHATRDRAFT_23913,PHATRDRAFT_23365
