Deletion size,Max growth rate,Min production rate,Deleted genes,,,
4,0.336762592860945,0.111804483566804,PHATRDRAFT_9619,PHATRDRAFT_50372,PHATRDRAFT_48078,PHATRDRAFT_10693
4,0.340053689318332,0.0956970816759123,PHATRDRAFT_30145,PHATRDRAFT_28882,PHATRDRAFT_9619,PHATRDRAFT_50372
4,0.350808310118191,0.0430614322329474,PHATRDRAFT_28882,PHATRDRAFT_9619,PHATRDRAFT_2215,PHATRDRAFT_859
