Deletion size,Max growth rate,Min production rate,Deleted genes,,,,,
4,0.26645414761394,0.0512791478519891,PHATRDRAFT_30145,PHATRDRAFT_28882,PHATRDRAFT_9619,PHATRDRAFT_2215,,
5,0.176806056981124,0.0586992448428496,PHATRDRAFT_28882,PHATRDRAFT_9619,PHATRDRAFT_50372,PHATRDRAFT_41886,PHATRDRAFT_39681,
6,0.219117793005443,0.0551971380729034,PHATRDRAFT_55035,PHATRDRAFT_36256,PHATRDRAFT_20310,PHATRDRAFT_18064,PHATRDRAFT_25572,PHATRDRAFT_23365
