Deletion size,Max growth rate,Min production rate,Deleted genes,
2,0.359606707775889,0.0493272007107801,PHATRDRAFT_36821,PHATRDRAFT_20310
2,0.359606707775676,0.0322056617015158,PHATRDRAFT_10454,PHATRDRAFT_42245
2,0.359606707775717,0.0322056617015194,PHATRDRAFT_10454,PHATRDRAFT_859
