Deletion size,Max growth rate,Min production rate,Deleted genes,,,
4,0.3344428681818,0.0410525876628343,PHATRDRAFT_28882,PHATRDRAFT_9619,PHATRDRAFT_2215,PHATRDRAFT_859
4,0.3344428681818,0.0410525876628343,PHATRDRAFT_9619,PHATRDRAFT_2215,PHATRDRAFT_859,PHATRDRAFT_10693
4,0.344372683334766,0.0248529689391405,PHATRDRAFT_26290,PHATRDRAFT_9619,PHATRDRAFT_2215,PHATRDRAFT_10693
