Deletion size,Max growth rate,Min production rate,Deleted genes,,,
2,0.208663405110445,0.0560624389576075,PHATRDRAFT_10454,PHATRDRAFT_23913,,
4,0.30590181983,0.037549197395249,PHATRDRAFT_28882,PHATRDRAFT_9619,PHATRDRAFT_2215,PHATRDRAFT_23913
4,0.325961090477964,0.0235242260755748,PHATRDRAFT_30145,PHATRDRAFT_28882,PHATRDRAFT_9619,PHATRDRAFT_2215
