Deletion size,Max growth rate,Min production rate,Deleted genes,,,,,
4,0.359606707775806,0.0184894306049885,PHATRDRAFT_55035,PHATRDRAFT_48078,PHATRDRAFT_23913,PHATRDRAFT_51245,,
4,0.359606707775682,0.0184894306049821,PHATRDRAFT_20183,PHATRDRAFT_859,PHATRDRAFT_42245,PHATRDRAFT_44384,,
6,0.359606707775729,0.0184894306049846,PHATRDRAFT_draft976,PHATRDRAFT_55035,PHATRDRAFT_48078,PHATRDRAFT_20445,PHATRDRAFT_36390,PHATRDRAFT_51245
