Deletion size,Max growth rate,Min production rate,Deleted genes,,,,
4,0.359606707775731,0.101199644544886,PHATRDRAFT_26290,PHATRDRAFT_28882,PHATRDRAFT_9619,PHATRDRAFT_50372,
5,0.359606707775731,0.119388682419858,PHATRDRAFT_9619,PHATRDRAFT_50372,PHATRDRAFT_20310,PHATRDRAFT_31367,PHATRDRAFT_10693
5,0.359606707775731,0.0638196600328463,PHATRDRAFT_14401,PHATRDRAFT_19708,PHATRDRAFT_9619,PHATRDRAFT_50372,PHATRDRAFT_10693
