Deletion size,Max growth rate,Min production rate,Deleted genes,,,,,,
4,0.322300888277269,0.026083353562805,PHATRDRAFT_36257,PHATRDRAFT_55035,PHATRDRAFT_20310,PHATRDRAFT_23913,,,
5,0.322300888277272,0.0260833535628053,PHATRDRAFT_54219,PHATRDRAFT_13894,PHATRDRAFT_17401,PHATRDRAFT_36256,PHATRDRAFT_23913,,
7,0.322300888277321,0.0260833535628093,PHATRDRAFT_54219,Phatr3_EG02215,PHATRDRAFT_13894,PHATRDRAFT_17401,PHATRDRAFT_36256,PHATRDRAFT_41886,PHATRDRAFT_39681
