Deletion size,Max growth rate,Min production rate,Deleted genes,,,,,
4,0.176806056981039,0.0586992448428212,PHATRDRAFT_9619,PHATRDRAFT_50372,PHATRDRAFT_23913,PHATRDRAFT_10693,,
5,0.305901819829999,0.0375491973952489,PHATRDRAFT_28882,PHATRDRAFT_9619,PHATRDRAFT_20143,PHATRDRAFT_2215,PHATRDRAFT_20310,
6,0.230514309572867,0.0542538579906043,PHATRDRAFT_29016,PHATRDRAFT_28191,PHATRDRAFT_9619,PHATRDRAFT_50372,PHATRDRAFT_19979,PHATRDRAFT_10693
