Deletion size,Max growth rate,Min production rate,Deleted genes,,,,,,
4,0.219117793005354,0.0551971380724353,PHATRDRAFT_36257,PHATRDRAFT_55035,PHATRDRAFT_23913,PHATRDRAFT_46728,,,
7,0.219117793005415,0.0551971380727991,Phatr3_EG02215,PHATRDRAFT_36257,PHATRDRAFT_55035,PHATRDRAFT_20143,PHATRDRAFT_20310,PHATRDRAFT_20445,PHATRDRAFT_22019
7,0.219117793005445,0.0551971380726829,PHATRDRAFT_55192,Phatr3_EG02215,PHATRDRAFT_36257,PHATRDRAFT_55035,PHATRDRAFT_20310,PHATRDRAFT_18064,PHATRDRAFT_20445
