Deletion size,Max growth rate,Min production rate,Deleted genes,,,
2,0.340893038662814,0.0915891081188467,PHATRDRAFT_10454,PHATRDRAFT_20310,,
4,0.336762592860945,0.111804483566804,PHATRDRAFT_28882,PHATRDRAFT_9619,PHATRDRAFT_50372,PHATRDRAFT_42245
4,0.350808310118136,0.0430614322328649,PHATRDRAFT_28882,PHATRDRAFT_9619,PHATRDRAFT_2215,PHATRDRAFT_42245
