Deletion size,Max growth rate,Min production rate,Deleted genes,,
3,0.314016270583928,0.0247922607679882,PHATRDRAFT_draft521,PHATRDRAFT_17720,PHATRDRAFT_47293
3,0.314016270583928,0.0247922607679882,PHATRDRAFT_draft521,PHATRDRAFT_11319,PHATRDRAFT_5423
3,0.314016270583926,0.0247922607679252,PHATRDRAFT_draft521,PHATRDRAFT_35580,YP_874486_AT1
