Deletion size,Max growth rate,Min production rate,Deleted genes,,,,,
3,0.0625741135219622,0.204462379906326,PHATRDRAFT_14792,PHATRDRAFT_50742,PHATRDRAFT_48078,,,
6,0.0288627202516945,0.212833170832278,PHATRDRAFT_14792,PHATRDRAFT_45017,PHATRDRAFT_14762,PHATRDRAFT_41063,PHATRDRAFT_33839,PHATRDRAFT_55069
6,0.0835599463163759,0.199251440767743,PHATRDRAFT_40430,PHATRDRAFT_28191,PHATRDRAFT_8982,PHATRDRAFT_41063,PHATRDRAFT_33839,PHATRDRAFT_19979
