Deletion size,Max growth rate,Min production rate,Deleted genes,,,
4,0.201361906961789,0.0566667778125817,PHATRDRAFT_26290,PHATRDRAFT_28882,PHATRDRAFT_9619,PHATRDRAFT_50372
4,0.359606707775942,0.0259523904513241,PHATRDRAFT_30145,PHATRDRAFT_9619,PHATRDRAFT_2215,PHATRDRAFT_10693
4,0.359606707775729,0.0259523904512994,PHATRDRAFT_26290,PHATRDRAFT_28882,PHATRDRAFT_9619,PHATRDRAFT_2215
