Deletion size,Max growth rate,Min production rate,Deleted genes,,,,,,
4,0.301452322883107,0.0406601812471821,PHATRDRAFT_36257,PHATRDRAFT_55035,PHATRDRAFT_23913,PHATRDRAFT_51830,,,
7,0.301452322882983,0.0406601812471654,PHATRDRAFT_54219,PHATRDRAFT_36257,PHATRDRAFT_20183,PHATRDRAFT_20310,PHATRDRAFT_31367,Phatr3_EG02101,PHATRDRAFT_44384
7,0.301452322883094,0.0406601812472023,PHATRDRAFT_55192,PHATRDRAFT_55035,PHATRDRAFT_36256,PHATRDRAFT_20310,PHATRDRAFT_31367,Phatr3_EG02101,PHATRDRAFT_36390
