Deletion size,Max growth rate,Min production rate,Deleted genes,
2,0.349243166246412,0.0507216153013132,PHATRDRAFT_23908,PHATRDRAFT_23913
2,0.34924316624643,0.0507216153012564,PHATRDRAFT_23908,PHATRDRAFT_42245
2,0.349243166246376,0.0507216153011711,PHATRDRAFT_23908,PHATRDRAFT_20310
