Deletion size,Max growth rate,Min production rate,Deleted genes,,,
3,0.314016270583922,0.0247922607679936,PHATRDRAFT_draft521,PHATRDRAFT_12331,PHATRDRAFT_23723,
3,0.314016270583922,0.0247922607679936,PHATRDRAFT_draft521,PHATRDRAFT_11319,PHATRDRAFT_12331,
4,0.314016270583928,0.0247922607678368,PHATRDRAFT_54015,PHATRDRAFT_47293,PHATRDRAFT_51970,PHATRDRAFT_28181
