Deletion size,Max growth rate,Min production rate,Deleted genes,,,,,
3,0.0698403833511531,0.202658110798065,PHATRDRAFT_30145,PHATRDRAFT_50742,PHATRDRAFT_8982,,,
4,0.359606707775742,0.0441414283263604,PHATRDRAFT_28882,PHATRDRAFT_9619,PHATRDRAFT_2215,PHATRDRAFT_859,,
6,0.303358710314843,0.144673764798492,PHATRDRAFT_48983,PHATRDRAFT_40430,PHATRDRAFT_8982,PHATRDRAFT_51970,PHATRDRAFT_8945,PHATRDRAFT_41686
