Deletion size,Max growth rate,Min production rate,Deleted genes,,,,
4,0.359606707775732,0.119388682420039,PHATRDRAFT_9619,PHATRDRAFT_50372,PHATRDRAFT_48078,PHATRDRAFT_10693,
4,0.359606707775759,0.0809597156359809,PHATRDRAFT_30145,PHATRDRAFT_28882,PHATRDRAFT_9619,PHATRDRAFT_50372,
5,0.359606707775729,0.0441414283263516,PHATRDRAFT_9619,PHATRDRAFT_20143,PHATRDRAFT_2215,PHATRDRAFT_20310,PHATRDRAFT_10693
