Deletion size,Max growth rate,Min production rate,Deleted genes,,,,
4,0.241147863799918,0.0800605914877268,PHATRDRAFT_28882,PHATRDRAFT_9619,PHATRDRAFT_50372,PHATRDRAFT_859,
4,0.359606707775731,0.0441414283263519,PHATRDRAFT_28882,PHATRDRAFT_9619,PHATRDRAFT_2215,PHATRDRAFT_42245,
5,0.241147863801925,0.0800605914883933,PHATRDRAFT_9619,PHATRDRAFT_20143,PHATRDRAFT_50372,PHATRDRAFT_20310,PHATRDRAFT_10693
