Deletion size,Max growth rate,Min production rate,Deleted genes,,,,,,
3,0.282042969514507,1.03988984731972,PHATRDRAFT_26290,PHATRDRAFT_50742,PHATRDRAFT_8982,,,,
3,0.359606707775783,0.587511665481423,PHATRDRAFT_14792,PHATRDRAFT_50742,PHATRDRAFT_48078,,,,
7,0.359606707775732,0.587511665481413,PHATRDRAFT_45947,PHATRDRAFT_51128,PHATRDRAFT_29456,PHATRDRAFT_23598,PHATRDRAFT_50742,PHATRDRAFT_859,PHATRDRAFT_28068
