Deletion size,Max growth rate,Min production rate,Deleted genes,,
3,0.35960670777574,0.122009741998449,PHATRDRAFT_16490,PHATRDRAFT_29658,PHATRDRAFT_20310
3,0.359606707775731,0.122009741998768,PHATRDRAFT_16490,PHATRDRAFT_29658,PHATRDRAFT_23913
3,0.359606707775719,0.105841708331713,PHATRDRAFT_26290,PHATRDRAFT_16490,PHATRDRAFT_29658
