Deletion size,Max growth rate,Min production rate,Deleted genes,,,,,
3,0.0748297009331039,0.201419225952888,PHATRDRAFT_14792,PHATRDRAFT_30145,PHATRDRAFT_50742,,,
3,0.0748297009332199,0.201419225949604,PHATRDRAFT_14792,PHATRDRAFT_26290,PHATRDRAFT_48983,,,
6,0.277464331695013,0.151103532554545,PHATRDRAFT_50742,PHATRDRAFT_54017,PHATRDRAFT_43320,PHATRDRAFT_24610,PHATRDRAFT_19979,PHATRDRAFT_859
