Deletion size,Max growth rate,Min production rate,Deleted genes,,,,
5,0.258729374032105,0.0778777812877306,PHATRDRAFT_52208,PHATRDRAFT_12757,PHATRDRAFT_11414,PHATRDRAFT_23830,PHATRDRAFT_46728
5,0.258729374031875,0.0778777812879494,PHATRDRAFT_52208,PHATRDRAFT_12757,PHATRDRAFT_19708,PHATRDRAFT_11414,PHATRDRAFT_23830
5,0.25872937403221,0.0778777812877252,PHATRDRAFT_54219,PHATRDRAFT_52208,PHATRDRAFT_12757,PHATRDRAFT_11414,PHATRDRAFT_23830
