Deletion size,Max growth rate,Min production rate,Deleted genes,,,
2,0.359606707775842,0.0200796364514797,PHATRDRAFT_30145,PHATRDRAFT_10454,,
4,0.35960670777562,0.0147138094421127,PHATRDRAFT_9619,PHATRDRAFT_2215,PHATRDRAFT_859,PHATRDRAFT_10693
4,0.359606707775731,0.00865079681703685,PHATRDRAFT_26290,PHATRDRAFT_28882,PHATRDRAFT_9619,PHATRDRAFT_2215
