Deletion size,Max growth rate,Min production rate,Deleted genes,,,
4,0.336762592860946,0.111804483566804,PHATRDRAFT_9619,PHATRDRAFT_50372,PHATRDRAFT_42245,PHATRDRAFT_10693
4,0.350808310118135,0.0430614322328653,PHATRDRAFT_28882,PHATRDRAFT_9619,PHATRDRAFT_2215,PHATRDRAFT_23913
4,0.354381118482961,0.0255752658572966,PHATRDRAFT_30145,PHATRDRAFT_9619,PHATRDRAFT_2215,PHATRDRAFT_10693
