Deletion size,Max growth rate,Min production rate,Deleted genes,,,,
5,0.347021064219166,0.0615971064515612,PHATRDRAFT_34010,PHATRDRAFT_28191,Phatr3_EG02361,PHATRDRAFT_draft645,PHATRDRAFT_15536
5,0.347021064219166,0.0615971064514843,PHATRDRAFT_34010,PHATRDRAFT_13476,PHATRDRAFT_19708,Phatr3_EG02361,PHATRDRAFT_15536
5,0.347021064219109,0.0615971064515524,PHATRDRAFT_34010,PHATRDRAFT_28191,Phatr3_EG02361,PHATRDRAFT_19482,PHATRDRAFT_15536
