Deletion size,Max growth rate,Min production rate,Deleted genes,
2,0.34980284684642,0.0479824065082483,PHATRDRAFT_36821,PHATRDRAFT_859
2,0.35335510058218,0.0305968393326312,PHATRDRAFT_30145,PHATRDRAFT_36821
2,0.355550275799426,0.019853134337878,PHATRDRAFT_30145,PHATRDRAFT_10454
