Deletion size,Max growth rate,Min production rate,Deleted genes,,,,
2,0.359606707775676,0.0483084925522736,PHATRDRAFT_10454,PHATRDRAFT_48078,,,
4,0.359606707775731,0.0441414283262698,PHATRDRAFT_28882,PHATRDRAFT_9619,PHATRDRAFT_2215,PHATRDRAFT_23913,
5,0.359606707775729,0.119388682420038,PHATRDRAFT_28882,PHATRDRAFT_9619,PHATRDRAFT_50372,PHATRDRAFT_25932,PHATRDRAFT_11014
