Deletion size,Max growth rate,Min production rate,Deleted genes,,,,
4,0.350808310118096,0.04306143223286,PHATRDRAFT_9619,PHATRDRAFT_2215,PHATRDRAFT_48078,PHATRDRAFT_10693,
5,0.336762592860994,0.11180448356682,PHATRDRAFT_9619,PHATRDRAFT_50372,PHATRDRAFT_25932,PHATRDRAFT_11014,PHATRDRAFT_10693
5,0.336762592860952,0.111804483566806,PHATRDRAFT_55192,PHATRDRAFT_28882,PHATRDRAFT_9619,PHATRDRAFT_50372,PHATRDRAFT_35240
