Deletion size,Max growth rate,Min production rate,Deleted genes,,,
3,0.158430032596046,1.16826016043671,PHATRDRAFT_14792,PHATRDRAFT_30145,PHATRDRAFT_50742,
3,0.321361992942216,1.05005783047644,PHATRDRAFT_50742,PHATRDRAFT_8982,PHATRDRAFT_48078,
4,0.156247009123377,1.15216258530849,PHATRDRAFT_14792,PHATRDRAFT_30145,PHATRDRAFT_41063,PHATRDRAFT_33839
