Deletion size,Max growth rate,Min production rate,Deleted genes,,,,
3,0.164488202396603,0.179156349890884,PHATRDRAFT_14792,PHATRDRAFT_50742,PHATRDRAFT_48078,,
5,0.0812917593698771,0.199814648537861,PHATRDRAFT_30145,PHATRDRAFT_51128,PHATRDRAFT_29456,PHATRDRAFT_23598,PHATRDRAFT_50742
5,0.210899320392333,0.1676321223962,PHATRDRAFT_54478,PHATRDRAFT_48983,PHATRDRAFT_40430,PHATRDRAFT_28191,PHATRDRAFT_8982
