Deletion size,Max growth rate,Min production rate,Deleted genes,,,,
4,0.359606707775732,0.044141428326352,PHATRDRAFT_9619,PHATRDRAFT_2215,PHATRDRAFT_859,PHATRDRAFT_10693,
4,0.359606707775707,0.0259523904512723,PHATRDRAFT_26290,PHATRDRAFT_9619,PHATRDRAFT_2215,PHATRDRAFT_10693,
5,0.359606707775717,0.119388682420034,PHATRDRAFT_28882,PHATRDRAFT_9619,PHATRDRAFT_50372,PHATRDRAFT_25932,PHATRDRAFT_11014
