Deletion size,Max growth rate,Min production rate,Deleted genes,,,,,
4,0.359606707775732,0.0259523904514494,PHATRDRAFT_30145,PHATRDRAFT_9619,PHATRDRAFT_2215,PHATRDRAFT_10693,,
4,0.35960670777562,0.0259523904507825,PHATRDRAFT_26290,PHATRDRAFT_9619,PHATRDRAFT_2215,PHATRDRAFT_10693,,
6,0.35960670777573,0.101199644544968,PHATRDRAFT_45017,PHATRDRAFT_14762,PHATRDRAFT_9619,PHATRDRAFT_50372,PHATRDRAFT_51970,PHATRDRAFT_10693
