Deletion size,Max growth rate,Min production rate,Deleted genes,,,,
4,0.176806056981201,0.0586992448428753,PHATRDRAFT_9619,PHATRDRAFT_50372,PHATRDRAFT_23913,PHATRDRAFT_10693,
4,0.176806056981073,0.0586992448428328,PHATRDRAFT_9619,PHATRDRAFT_50372,PHATRDRAFT_42245,PHATRDRAFT_10693,
4,0.356821362857394,0.043799529522969,PHATRDRAFT_9619,PHATRDRAFT_2215,PHATRDRAFT_859,PHATRDRAFT_10693,
4,0.356821362857216,0.0437995295229472,PHATRDRAFT_28882,PHATRDRAFT_9619,PHATRDRAFT_2215,PHATRDRAFT_42245,
5,0.176806056981508,0.058699244842977,PHATRDRAFT_9619,PHATRDRAFT_20143,PHATRDRAFT_50372,PHATRDRAFT_20310,PHATRDRAFT_10693
5,0.323190472300464,0.0465831300221885,PHATRDRAFT_19708,PHATRDRAFT_9619,PHATRDRAFT_50372,PHATRDRAFT_51970,PHATRDRAFT_10693
5,0.356821362857211,0.0437995295229465,PHATRDRAFT_9619,PHATRDRAFT_2215,PHATRDRAFT_41886,PHATRDRAFT_39681,PHATRDRAFT_10693
