Deletion size,Max growth rate,Min production rate,Deleted genes,,,
4,0.350808310118135,0.0430614322328648,PHATRDRAFT_9619,PHATRDRAFT_2215,PHATRDRAFT_23913,PHATRDRAFT_10693
4,0.350808310118135,0.0430614322328648,PHATRDRAFT_28882,PHATRDRAFT_9619,PHATRDRAFT_2215,PHATRDRAFT_23913
4,0.354381118482762,0.0255752658572823,PHATRDRAFT_30145,PHATRDRAFT_9619,PHATRDRAFT_2215,PHATRDRAFT_10693
