Deletion size,Max growth rate,Min production rate,Deleted genes,,,
4,0.323119524575484,0.0255109822736933,PHATRDRAFT_54015,PHATRDRAFT_38946,PHATRDRAFT_23723,PHATRDRAFT_21970
4,0.323119524575361,0.0255109822734495,PHATRDRAFT_54015,PHATRDRAFT_23913,PHATRDRAFT_12331,PHATRDRAFT_28181
4,0.323119524575384,0.0255109822735036,PHATRDRAFT_54015,PHATRDRAFT_22803,PHATRDRAFT_38085,PHATRDRAFT_28181
