Deletion size,Max growth rate,Min production rate,Deleted genes,,,
2,0.359606707775739,0.0483084925526301,PHATRDRAFT_10454,PHATRDRAFT_23913,,
2,0.359606707775733,0.0301194546772898,PHATRDRAFT_30145,PHATRDRAFT_10454,,
4,0.359606707775703,0.11938868242003,PHATRDRAFT_28882,PHATRDRAFT_9619,PHATRDRAFT_50372,PHATRDRAFT_42245
