Deletion size,Max growth rate,Min production rate,Deleted genes,,,,
4,0.359606707775731,0.119388682420266,PHATRDRAFT_28882,PHATRDRAFT_9619,PHATRDRAFT_50372,PHATRDRAFT_859,
4,0.359606707775845,0.0441414283264941,PHATRDRAFT_9619,PHATRDRAFT_2215,PHATRDRAFT_48078,PHATRDRAFT_10693,
5,0.359606707775797,0.063819660032863,PHATRDRAFT_19708,PHATRDRAFT_28882,PHATRDRAFT_9619,PHATRDRAFT_50372,PHATRDRAFT_51970
