Deletion size,Max growth rate,Min production rate,Deleted genes,,,,
4,0.0625741135222116,0.204462379907286,PHATRDRAFT_14792,PHATRDRAFT_48983,PHATRDRAFT_859,PHATRDRAFT_23723,
4,0.0835599463166738,0.199251440765779,PHATRDRAFT_48983,PHATRDRAFT_19708,PHATRDRAFT_8982,PHATRDRAFT_20310,
5,0.0288627202519202,0.212833170830468,PHATRDRAFT_45017,PHATRDRAFT_14762,PHATRDRAFT_50742,PHATRDRAFT_8982,PHATRDRAFT_51970
