Deletion size,Max growth rate,Min production rate,Deleted genes,,,
3,0.323119524575376,0.0255109822744856,PHATRDRAFT_54015,PHATRDRAFT_31544,PHATRDRAFT_28181,
4,0.323119524575372,0.0255109822735252,PHATRDRAFT_54015,PHATRDRAFT_12331,PHATRDRAFT_21970,PHATRDRAFT_31436
4,0.323119524575234,0.025510982273186,PHATRDRAFT_54015,PHATRDRAFT_47293,PHATRDRAFT_51970,PHATRDRAFT_28181
