Deletion size,Max growth rate,Min production rate,Deleted genes,,,,,
4,0.314153275118905,0.0317799734885899,PHATRDRAFT_55192,PHATRDRAFT_36257,PHATRDRAFT_20183,PHATRDRAFT_23913,,
5,0.314153275119016,0.031779973488614,PHATRDRAFT_36257,PHATRDRAFT_20183,PHATRDRAFT_41886,PHATRDRAFT_39681,PHATRDRAFT_23365,
6,0.314153275118905,0.0317799734885535,PHATRDRAFT_draft976,Phatr3_EG02215,PHATRDRAFT_36257,PHATRDRAFT_55035,PHATRDRAFT_41886,PHATRDRAFT_39681
