Deletion size,Max growth rate,Min production rate,Deleted genes,,
2,0.35960670777573,4.86048472018336,PHATRDRAFT_48983,PHATRDRAFT_15797,
3,0.359606707775641,4.86048472018225,PHATRDRAFT_41063,PHATRDRAFT_33839,PHATRDRAFT_15797
3,0.359606707775842,1.17502333096299,PHATRDRAFT_14792,PHATRDRAFT_50742,PHATRDRAFT_48078
