Deletion size,Max growth rate,Min production rate,Deleted genes,,,
4,0.359606707775731,0.101199644544962,PHATRDRAFT_26290,PHATRDRAFT_9619,PHATRDRAFT_50372,PHATRDRAFT_10693
4,0.359606707775806,0.0441414283267802,PHATRDRAFT_28882,PHATRDRAFT_9619,PHATRDRAFT_2215,PHATRDRAFT_23913
4,0.359606707775858,0.025952390451689,PHATRDRAFT_26290,PHATRDRAFT_9619,PHATRDRAFT_2215,PHATRDRAFT_10693
