Deletion size,Max growth rate,Min production rate,Deleted genes,,,
4,0.323119524575429,0.025510982273488,PHATRDRAFT_54015,PHATRDRAFT_22803,PHATRDRAFT_20318,PHATRDRAFT_21970
4,0.323119524575386,0.0255109822735447,PHATRDRAFT_54015,PHATRDRAFT_54478,PHATRDRAFT_38946,PHATRDRAFT_28181
4,0.323119524575429,0.025510982273488,PHATRDRAFT_54015,PHATRDRAFT_22803,PHATRDRAFT_21970,YP_874486_AT1
