Deletion size,Max growth rate,Min production rate,Deleted genes,,,
4,0.359606707775731,0.119388682420068,PHATRDRAFT_9619,PHATRDRAFT_50372,PHATRDRAFT_859,PHATRDRAFT_10693
4,0.359606707775731,0.119388682420039,PHATRDRAFT_28882,PHATRDRAFT_9619,PHATRDRAFT_50372,PHATRDRAFT_23913
4,0.359606707775731,0.0259523904514756,PHATRDRAFT_30145,PHATRDRAFT_9619,PHATRDRAFT_2215,PHATRDRAFT_10693
