Deletion size,Max growth rate,Min production rate,Deleted genes,,,,,
4,0.219117793005463,0.0551971380726624,PHATRDRAFT_36257,PHATRDRAFT_55035,PHATRDRAFT_20310,PHATRDRAFT_23913,,
6,0.219117793005546,0.055197138072583,PHATRDRAFT_55035,PHATRDRAFT_36256,PHATRDRAFT_20310,PHATRDRAFT_18064,PHATRDRAFT_25572,PHATRDRAFT_23365
6,0.219117793005317,0.0551971380720402,PHATRDRAFT_42015,PHATRDRAFT_55035,PHATRDRAFT_36256,PHATRDRAFT_29016,PHATRDRAFT_20310,PHATRDRAFT_18064
