Deletion size,Max growth rate,Min production rate,Deleted genes,,,,,
2,0.219431851250874,0.0551711437359931,PHATRDRAFT_10454,PHATRDRAFT_23913,,,,
4,0.219117793005241,0.0551971380714633,PHATRDRAFT_54219,PHATRDRAFT_36257,PHATRDRAFT_55035,PHATRDRAFT_23913,,
6,0.219117793005414,0.0551971380723326,PHATRDRAFT_55035,PHATRDRAFT_36256,PHATRDRAFT_41886,PHATRDRAFT_39681,PHATRDRAFT_36390,PHATRDRAFT_22019
