Deletion size,Max growth rate,Min production rate,Deleted genes,,,,
4,0.359606707775734,0.11938868242004,PHATRDRAFT_9619,PHATRDRAFT_50372,PHATRDRAFT_859,PHATRDRAFT_10693,
4,0.359606707775729,0.0441414283262281,PHATRDRAFT_28882,PHATRDRAFT_9619,PHATRDRAFT_2215,PHATRDRAFT_859,
5,0.359606707775731,0.0638196600328669,PHATRDRAFT_19708,PHATRDRAFT_9619,PHATRDRAFT_50372,PHATRDRAFT_19979,PHATRDRAFT_10693
