Deletion size,Max growth rate,Min production rate,Deleted genes,,,
4,0.359606707775843,0.119388682420076,PHATRDRAFT_9619,PHATRDRAFT_50372,PHATRDRAFT_48078,PHATRDRAFT_10693
4,0.359606707775732,0.0441414283263519,PHATRDRAFT_9619,PHATRDRAFT_2215,PHATRDRAFT_48078,PHATRDRAFT_10693
4,0.359606707775701,0.0259523904511771,PHATRDRAFT_26290,PHATRDRAFT_28882,PHATRDRAFT_9619,PHATRDRAFT_2215
