Deletion size,Max growth rate,Min production rate,Deleted genes,,,,
4,0.336762592860943,0.111804483566803,PHATRDRAFT_9619,PHATRDRAFT_50372,PHATRDRAFT_48078,PHATRDRAFT_10693,
4,0.353556185332564,0.0296126831610992,PHATRDRAFT_45017,PHATRDRAFT_14762,PHATRDRAFT_10454,PHATRDRAFT_23723,
5,0.350808310118066,0.0430614322328563,PHATRDRAFT_28882,PHATRDRAFT_9619,PHATRDRAFT_20143,PHATRDRAFT_2215,PHATRDRAFT_20310
