Deletion size,Max growth rate,Min production rate,Deleted genes,,,,,
4,0.261562078011895,0.0516840603346373,PHATRDRAFT_29016,PHATRDRAFT_28191,PHATRDRAFT_10454,PHATRDRAFT_43469,,
5,0.314153275118905,0.031779973488514,PHATRDRAFT_54219,PHATRDRAFT_13894,PHATRDRAFT_17401,PHATRDRAFT_36256,PHATRDRAFT_23913,
6,0.316554245192903,0.030101271554671,PHATRDRAFT_19708,PHATRDRAFT_28882,PHATRDRAFT_10454,PHATRDRAFT_9619,PHATRDRAFT_2215,PHATRDRAFT_17720
