Deletion size,Max growth rate,Min production rate,Deleted genes,,,
4,0.219117793005418,0.0551971380727475,PHATRDRAFT_45947,PHATRDRAFT_36257,PHATRDRAFT_55035,PHATRDRAFT_23913
4,0.219117793005443,0.0551971380727718,PHATRDRAFT_55192,PHATRDRAFT_20183,PHATRDRAFT_36256,PHATRDRAFT_23913
4,0.219117793005414,0.0551971380728564,PHATRDRAFT_36257,PHATRDRAFT_55035,PHATRDRAFT_23913,PHATRDRAFT_46728
