Deletion size,Max growth rate,Min production rate,Deleted genes,,,
4,0.327971549757913,0.0221185601250844,PHATRDRAFT_36257,PHATRDRAFT_20183,PHATRDRAFT_20310,PHATRDRAFT_23913
4,0.327971549757958,0.0221185601250867,PHATRDRAFT_54219,PHATRDRAFT_20183,PHATRDRAFT_36256,PHATRDRAFT_23913
4,0.327971549757958,0.0221185601250867,PHATRDRAFT_54219,PHATRDRAFT_55035,PHATRDRAFT_36256,PHATRDRAFT_23913
