Deletion size,Max growth rate,Min production rate,Deleted genes,,,,,,
4,0.327971549758153,0.0221185601252256,PHATRDRAFT_54219,PHATRDRAFT_36257,PHATRDRAFT_20183,PHATRDRAFT_23913,,,
4,0.327971549757964,0.0221185601250895,PHATRDRAFT_45947,PHATRDRAFT_20183,PHATRDRAFT_36256,PHATRDRAFT_23913,,,
7,0.327971549757964,0.0221185601250952,PHATRDRAFT_55192,PHATRDRAFT_49112,PHATRDRAFT_36257,PHATRDRAFT_20183,PHATRDRAFT_20143,PHATRDRAFT_20310,PHATRDRAFT_20445
