Deletion size,Max growth rate,Min production rate,Deleted genes,,,,
4,0.359606707775731,0.0259523904512811,PHATRDRAFT_30145,PHATRDRAFT_28882,PHATRDRAFT_9619,PHATRDRAFT_2215,
4,0.359606707775731,0.0259523904512811,PHATRDRAFT_30145,PHATRDRAFT_9619,PHATRDRAFT_2215,PHATRDRAFT_10693,
5,0.359606707775731,0.0163569171327455,PHATRDRAFT_19708,PHATRDRAFT_28882,PHATRDRAFT_9619,PHATRDRAFT_2215,PHATRDRAFT_20310
