Deletion size,Max growth rate,Min production rate,Deleted genes,,,,
2,0.316302767462747,0.0302770988825037,PHATRDRAFT_30145,PHATRDRAFT_10454,,,
4,0.219117793005596,0.0551971380732124,PHATRDRAFT_45947,PHATRDRAFT_36257,PHATRDRAFT_55035,PHATRDRAFT_23913,
5,0.219117793005915,0.0551971380747835,PHATRDRAFT_54219,PHATRDRAFT_36257,PHATRDRAFT_13894,PHATRDRAFT_17401,PHATRDRAFT_23913
