Deletion size,Max growth rate,Min production rate,Deleted genes,,,,
3,0.359606707775731,0.883911093614869,PHATRDRAFT_26290,PHATRDRAFT_50742,PHATRDRAFT_8982,,
3,0.359606707775732,0.391674443654034,PHATRDRAFT_14792,PHATRDRAFT_48983,PHATRDRAFT_48078,,
5,0.359606707775731,0.883911093615016,PHATRDRAFT_48983,PHATRDRAFT_45017,PHATRDRAFT_14762,PHATRDRAFT_8982,PHATRDRAFT_11319
