Deletion size,Max growth rate,Min production rate,Deleted genes,,,,,
4,0.301452322883094,0.0406601812471804,PHATRDRAFT_36257,PHATRDRAFT_20183,PHATRDRAFT_19708,PHATRDRAFT_23913,,
6,0.301452322883094,0.0406601812471918,PHATRDRAFT_54219,Phatr3_EG02215,PHATRDRAFT_20183,PHATRDRAFT_36256,PHATRDRAFT_41886,PHATRDRAFT_39681
6,0.301452322883094,0.0406601812470936,PHATRDRAFT_36257,PHATRDRAFT_55035,PHATRDRAFT_29016,PHATRDRAFT_20310,PHATRDRAFT_31367,PHATRDRAFT_23365
