Deletion size,Max growth rate,Min production rate,Deleted genes,,,,
4,0.359606707775723,0.119388682420036,PHATRDRAFT_9619,PHATRDRAFT_50372,PHATRDRAFT_23913,PHATRDRAFT_10693,
4,0.359606707775723,0.119388682420036,PHATRDRAFT_28882,PHATRDRAFT_9619,PHATRDRAFT_50372,PHATRDRAFT_23913,
5,0.359606707775791,0.0441414283263591,PHATRDRAFT_45947,PHATRDRAFT_28882,PHATRDRAFT_9619,PHATRDRAFT_2215,PHATRDRAFT_28068
