Deletion size,Max growth rate,Min production rate,Deleted genes,,,,,
5,0.35960670777573,0.0184894306049846,PHATRDRAFT_45947,PHATRDRAFT_55035,PHATRDRAFT_11319,PHATRDRAFT_859,PHATRDRAFT_23913,
5,0.359606707775731,0.00296963883674589,PHATRDRAFT_54219,PHATRDRAFT_36257,PHATRDRAFT_13894,PHATRDRAFT_17401,PHATRDRAFT_23913,
6,0.35960670777573,0.0184894306049846,PHATRDRAFT_13643,PHATRDRAFT_20183,PHATRDRAFT_29016,PHATRDRAFT_48078,PHATRDRAFT_44384,PHATRDRAFT_51830
