Deletion size,Max growth rate,Min production rate,Deleted genes,,,
2,0.359606707775728,0.0493272007107579,PHATRDRAFT_36821,PHATRDRAFT_48078,,
2,0.359606707775733,0.0241542462763011,PHATRDRAFT_10454,PHATRDRAFT_23913,,
4,0.359606707775731,0.0220707141632132,PHATRDRAFT_9619,PHATRDRAFT_2215,PHATRDRAFT_23913,PHATRDRAFT_10693
