Deletion size,Max growth rate,Min production rate,Deleted genes,,,,,
4,0.201361906961569,0.0566667778124883,PHATRDRAFT_30145,PHATRDRAFT_28882,PHATRDRAFT_9619,PHATRDRAFT_50372,,
5,0.176806056981012,0.0586992448428123,PHATRDRAFT_45947,PHATRDRAFT_28882,PHATRDRAFT_9619,PHATRDRAFT_50372,PHATRDRAFT_28068,
6,0.359606707775731,0.0259523904512813,PHATRDRAFT_45017,PHATRDRAFT_14762,PHATRDRAFT_9619,PHATRDRAFT_2215,PHATRDRAFT_19979,PHATRDRAFT_10693
