Deletion size,Max growth rate,Min production rate,Deleted genes,
2,0.359606707775732,0.0483084925527153,PHATRDRAFT_10454,PHATRDRAFT_23913
2,0.359606707775735,0.0483084925522815,PHATRDRAFT_10454,PHATRDRAFT_48078
2,0.359606707775732,0.0301194546772103,PHATRDRAFT_30145,PHATRDRAFT_10454
