Deletion size,Max growth rate,Min production rate,Deleted genes,,,
2,0.359606707766853,0.0301194546540135,PHATRDRAFT_30145,PHATRDRAFT_10454,,
4,0.359606707775731,0.0220707141631759,PHATRDRAFT_28882,PHATRDRAFT_9619,PHATRDRAFT_2215,PHATRDRAFT_42245
4,0.359606707775731,0.0220707141631759,PHATRDRAFT_28882,PHATRDRAFT_9619,PHATRDRAFT_2215,PHATRDRAFT_23913
