Deletion size,Max growth rate,Min production rate,Deleted genes,,,,,
2,0.359606707775844,0.0483084925522961,PHATRDRAFT_10454,PHATRDRAFT_20310,,,,
4,0.359606707775712,0.0220707141629206,PHATRDRAFT_9619,PHATRDRAFT_2215,PHATRDRAFT_23913,PHATRDRAFT_10693,,
6,0.359606707775732,0.0106859836505704,PHATRDRAFT_19708,PHATRDRAFT_28882,PHATRDRAFT_10454,PHATRDRAFT_9619,PHATRDRAFT_2215,PHATRDRAFT_19979
