Deletion size,Max growth rate,Min production rate,Deleted genes,,,,
3,0.0625741135216921,0.204462379911339,PHATRDRAFT_48983,PHATRDRAFT_8982,PHATRDRAFT_48078,,
5,0.0568613847872524,0.205880893151175,PHATRDRAFT_14792,PHATRDRAFT_36256,PHATRDRAFT_32747,PHATRDRAFT_25308,PHATRDRAFT_42245
5,0.0625741135217147,0.204462379906651,PHATRDRAFT_14792,PHATRDRAFT_32747,PHATRDRAFT_25308,PHATRDRAFT_859,PHATRDRAFT_23913
