Deletion size,Max growth rate,Min production rate,Deleted genes,,,,
3,0.359606707775618,0.599912418709517,PHATRDRAFT_26290,PHATRDRAFT_50742,PHATRDRAFT_8982,,
4,0.359606707775731,0.11938868241983,PHATRDRAFT_9619,PHATRDRAFT_50372,PHATRDRAFT_859,PHATRDRAFT_10693,
5,0.359606707775732,0.12249914632313,PHATRDRAFT_32747,PHATRDRAFT_25308,PHATRDRAFT_19708,PHATRDRAFT_8982,PHATRDRAFT_35580
