Deletion size,Max growth rate,Min production rate,Deleted genes,,,,
3,0.246817180024839,0.0793567246920759,PHATRDRAFT_49056,PHATRDRAFT_11414,PHATRDRAFT_23830,,
5,0.35960670777562,0.0541209761014443,PHATRDRAFT_45947,PHATRDRAFT_52208,PHATRDRAFT_12757,PHATRDRAFT_11414,PHATRDRAFT_23830
5,0.359606707775731,0.0541209761011459,PHATRDRAFT_52208,PHATRDRAFT_12757,PHATRDRAFT_11414,PHATRDRAFT_42245,PHATRDRAFT_23830
