Deletion size,Max growth rate,Min production rate,Deleted genes,,,,
4,0.359606707775625,0.0911692383566568,PHATRDRAFT_30145,PHATRDRAFT_16571,PHATRDRAFT_28882,Phatr3_EG02613,
4,0.359606707775731,0.0476233621388112,PHATRDRAFT_30145,PHATRDRAFT_9619,PHATRDRAFT_50372,PHATRDRAFT_10693,
5,0.359606707775745,0.0434842868602549,PHATRDRAFT_29016,PHATRDRAFT_10454,PHATRDRAFT_43469,PHATRDRAFT_8945,PHATRDRAFT_41686
