Deletion size,Max growth rate,Min production rate,Deleted genes,,,,
4,0.336762592860974,0.111804483566814,PHATRDRAFT_28882,PHATRDRAFT_9619,PHATRDRAFT_50372,PHATRDRAFT_42245,
4,0.336762592860974,0.111804483566814,PHATRDRAFT_9619,PHATRDRAFT_50372,PHATRDRAFT_48078,PHATRDRAFT_10693,
5,0.350808310118005,0.0430614322328488,PHATRDRAFT_9619,PHATRDRAFT_2215,PHATRDRAFT_25932,PHATRDRAFT_11014,PHATRDRAFT_10693
