Deletion size,Max growth rate,Min production rate,Deleted genes,,,
2,0.35960670777562,0.0322056617015107,PHATRDRAFT_10454,PHATRDRAFT_20310,,
4,0.359606707775978,0.105961834692974,PHATRDRAFT_16571,Phatr3_EG02613,PHATRDRAFT_23913,PHATRDRAFT_10693
4,0.359606707775731,0.0220707141631759,PHATRDRAFT_28882,PHATRDRAFT_9619,PHATRDRAFT_2215,PHATRDRAFT_48078
