Deletion size,Max growth rate,Min production rate,Deleted genes,,,
4,0.176806056980786,0.0586992448427374,PHATRDRAFT_9619,PHATRDRAFT_50372,PHATRDRAFT_42245,PHATRDRAFT_10693
4,0.220274391840161,0.0551014073605608,PHATRDRAFT_30145,PHATRDRAFT_28882,PHATRDRAFT_9619,PHATRDRAFT_50372
4,0.356821362857313,0.043799529522959,PHATRDRAFT_28882,PHATRDRAFT_9619,PHATRDRAFT_2215,PHATRDRAFT_48078
