Deletion size,Max growth rate,Min production rate,Deleted genes,,,,,
4,0.176806056980786,0.0586992448427376,PHATRDRAFT_9619,PHATRDRAFT_50372,PHATRDRAFT_23913,PHATRDRAFT_10693,,
4,0.176806056981119,0.058699244842848,PHATRDRAFT_28882,PHATRDRAFT_9619,PHATRDRAFT_50372,PHATRDRAFT_42245,,
4,0.201361906961136,0.056666777812366,PHATRDRAFT_30145,PHATRDRAFT_9619,PHATRDRAFT_50372,PHATRDRAFT_10693,,
4,0.35682136285818,0.0437995295230655,PHATRDRAFT_28882,PHATRDRAFT_9619,PHATRDRAFT_2215,PHATRDRAFT_48078,,
4,0.359606707775731,0.0259523904512811,PHATRDRAFT_30145,PHATRDRAFT_28882,PHATRDRAFT_9619,PHATRDRAFT_2215,,
4,0.359606707775731,0.0259523904512811,PHATRDRAFT_30145,PHATRDRAFT_9619,PHATRDRAFT_2215,PHATRDRAFT_10693,,
5,0.356821362856992,0.0437995295229197,PHATRDRAFT_28882,PHATRDRAFT_9619,PHATRDRAFT_2215,PHATRDRAFT_41886,PHATRDRAFT_39681,
5,0.359606707775731,0.0163569171327455,PHATRDRAFT_19708,PHATRDRAFT_28882,PHATRDRAFT_9619,PHATRDRAFT_2215,PHATRDRAFT_20310,
6,0.35960670777573,0.025952390451281,PHATRDRAFT_45017,PHATRDRAFT_14762,PHATRDRAFT_9619,PHATRDRAFT_2215,PHATRDRAFT_35580,PHATRDRAFT_10693
