Deletion size,Max growth rate,Min production rate,Deleted genes,,,,
4,0.35080831011814,0.0430614322328654,PHATRDRAFT_9619,PHATRDRAFT_2215,PHATRDRAFT_42245,PHATRDRAFT_10693,
4,0.354381118482765,0.0255752658572604,PHATRDRAFT_30145,PHATRDRAFT_9619,PHATRDRAFT_2215,PHATRDRAFT_10693,
5,0.336762592860938,0.111804483566802,PHATRDRAFT_9619,PHATRDRAFT_50372,PHATRDRAFT_41886,PHATRDRAFT_39681,PHATRDRAFT_10693
