Deletion size,Max growth rate,Min production rate,Deleted genes,,
2,0.353144630223076,0.0316269308851879,PHATRDRAFT_10454,PHATRDRAFT_20310,
3,0.349802846846401,0.0479824065082458,PHATRDRAFT_55192,PHATRDRAFT_36821,PHATRDRAFT_35240
3,0.349802846846418,0.0479824065082481,PHATRDRAFT_36821,PHATRDRAFT_41886,PHATRDRAFT_39681
