Deletion size,Max growth rate,Min production rate,Deleted genes,,,
4,0.0748297009328829,0.20141922594896,PHATRDRAFT_26290,PHATRDRAFT_8982,PHATRDRAFT_41063,PHATRDRAFT_33839
4,0.340699871764936,0.135401675305123,PHATRDRAFT_48983,PHATRDRAFT_19708,PHATRDRAFT_8982,PHATRDRAFT_41969
4,0.359606707775725,0.020761912360963,PHATRDRAFT_26290,PHATRDRAFT_9619,PHATRDRAFT_2215,PHATRDRAFT_10693
