Deletion size,Max growth rate,Min production rate,Deleted genes,,,,
3,0.0288627202518911,0.212833170831403,PHATRDRAFT_14792,PHATRDRAFT_30145,PHATRDRAFT_48983,,
3,0.0288627202517814,0.212833170830464,PHATRDRAFT_26290,PHATRDRAFT_48983,PHATRDRAFT_8982,,
5,0.0835599463164868,0.199251440765573,PHATRDRAFT_48983,PHATRDRAFT_29016,PHATRDRAFT_14401,PHATRDRAFT_28191,PHATRDRAFT_8982
