Deletion size,Max growth rate,Min production rate,Deleted genes,,,
3,0.0288627202518082,0.212833170832841,PHATRDRAFT_26290,PHATRDRAFT_48983,PHATRDRAFT_8982,
3,0.0625741135214792,0.204462379905981,PHATRDRAFT_50742,PHATRDRAFT_8982,PHATRDRAFT_48078,
4,0.0625741135219414,0.204462379907736,PHATRDRAFT_32747,PHATRDRAFT_25308,PHATRDRAFT_8982,PHATRDRAFT_48078
