Deletion size,Max growth rate,Min production rate,Deleted genes,,,,
4,0.359606707775732,0.119388682420039,PHATRDRAFT_9619,PHATRDRAFT_50372,PHATRDRAFT_859,PHATRDRAFT_10693,
4,0.359606707775825,0.0259523904515944,PHATRDRAFT_30145,PHATRDRAFT_9619,PHATRDRAFT_2215,PHATRDRAFT_10693,
5,0.359606707775733,0.0638196600328014,PHATRDRAFT_19708,PHATRDRAFT_28882,PHATRDRAFT_9619,PHATRDRAFT_50372,PHATRDRAFT_31436
