Deletion size,Max growth rate,Min production rate,Deleted genes,,,,
4,0.176806056980703,0.0586992448427098,PHATRDRAFT_9619,PHATRDRAFT_50372,PHATRDRAFT_859,PHATRDRAFT_10693,
4,0.359606707775731,0.0259523904512811,PHATRDRAFT_30145,PHATRDRAFT_9619,PHATRDRAFT_2215,PHATRDRAFT_10693,
5,0.308493285324452,0.0477996038147692,PHATRDRAFT_19708,PHATRDRAFT_9619,PHATRDRAFT_50372,PHATRDRAFT_23723,PHATRDRAFT_10693
