Deletion size,Max growth rate,Min production rate,Deleted genes,,,,,
4,0.354381118482707,0.0255752658572784,PHATRDRAFT_26290,PHATRDRAFT_9619,PHATRDRAFT_2215,PHATRDRAFT_10693,,
4,0.354381118482986,0.0255752658572984,PHATRDRAFT_30145,PHATRDRAFT_9619,PHATRDRAFT_2215,PHATRDRAFT_10693,,
6,0.340053689318226,0.095697081675886,PHATRDRAFT_45017,PHATRDRAFT_14762,PHATRDRAFT_9619,PHATRDRAFT_50372,PHATRDRAFT_51970,PHATRDRAFT_10693
