Deletion size,Max growth rate,Min production rate,Deleted genes,,,
4,0.350808310118136,0.0430614322328649,PHATRDRAFT_9619,PHATRDRAFT_2215,PHATRDRAFT_859,PHATRDRAFT_10693
4,0.350808310118026,0.0430614322328515,PHATRDRAFT_28882,PHATRDRAFT_9619,PHATRDRAFT_2215,PHATRDRAFT_23913
4,0.354381118482986,0.0255752658572984,PHATRDRAFT_26290,PHATRDRAFT_9619,PHATRDRAFT_2215,PHATRDRAFT_10693
