Deletion size,Max growth rate,Min production rate,Deleted genes,,,,,
3,0.0288627202517718,0.212833170828475,PHATRDRAFT_14792,PHATRDRAFT_30145,PHATRDRAFT_50742,,,
4,0.0625741135218943,0.204462379908258,PHATRDRAFT_48983,PHATRDRAFT_8982,PHATRDRAFT_11319,PHATRDRAFT_859,,
6,0.0288627202520243,0.212833170829005,PHATRDRAFT_26290,PHATRDRAFT_51128,PHATRDRAFT_29456,PHATRDRAFT_23598,PHATRDRAFT_32747,PHATRDRAFT_25308
