Deletion size,Max growth rate,Min production rate,Deleted genes,,,,
2,0.354738278378272,0.0238272411338516,PHATRDRAFT_10454,PHATRDRAFT_48078,,,
4,0.355153025441199,0.0217973712370001,PHATRDRAFT_9619,PHATRDRAFT_2215,PHATRDRAFT_48078,PHATRDRAFT_10693,
5,0.355153025441243,0.021797371236994,PHATRDRAFT_55192,PHATRDRAFT_28882,PHATRDRAFT_9619,PHATRDRAFT_2215,PHATRDRAFT_35240
