Deletion size,Max growth rate,Min production rate,Deleted genes,,,,,
4,0.359606707775732,0.101199644545329,PHATRDRAFT_26290,PHATRDRAFT_28882,PHATRDRAFT_9619,PHATRDRAFT_50372,,
4,0.359606707775719,0.0441414283263503,PHATRDRAFT_9619,PHATRDRAFT_2215,PHATRDRAFT_23913,PHATRDRAFT_10693,,
6,0.359606707775733,0.0638196600328216,PHATRDRAFT_29016,PHATRDRAFT_28191,PHATRDRAFT_28882,PHATRDRAFT_9619,PHATRDRAFT_50372,PHATRDRAFT_23723
