Deletion size,Max growth rate,Min production rate,Deleted genes,,,,
3,0.0288627202518855,0.212833170831033,PHATRDRAFT_30145,PHATRDRAFT_50742,PHATRDRAFT_8982,,
4,0.0288627202517971,0.212833170829792,PHATRDRAFT_30145,PHATRDRAFT_8982,PHATRDRAFT_41063,PHATRDRAFT_33839,
5,0.0835599463164159,0.199251440767062,PHATRDRAFT_19708,PHATRDRAFT_8982,PHATRDRAFT_41063,PHATRDRAFT_33839,PHATRDRAFT_51970
