Deletion size,Max growth rate,Min production rate,Deleted genes,,,,
4,0.350808310118136,0.0430614322328648,PHATRDRAFT_28882,PHATRDRAFT_9619,PHATRDRAFT_2215,PHATRDRAFT_42245,
4,0.350808310118135,0.0430614322328648,PHATRDRAFT_9619,PHATRDRAFT_2215,PHATRDRAFT_48078,PHATRDRAFT_10693,
5,0.350808310118135,0.0430614322328648,PHATRDRAFT_45947,PHATRDRAFT_28882,PHATRDRAFT_9619,PHATRDRAFT_2215,PHATRDRAFT_28068
