Deletion size,Max growth rate,Min production rate,Deleted genes,,,
3,0.359606707775732,2.65173328084478,PHATRDRAFT_14792,PHATRDRAFT_30145,PHATRDRAFT_50742,
4,0.359606707775736,1.17502333096145,PHATRDRAFT_14792,PHATRDRAFT_41063,PHATRDRAFT_33839,PHATRDRAFT_48078
4,0.359606707775849,1.17502333096333,PHATRDRAFT_48983,PHATRDRAFT_8982,PHATRDRAFT_859,PHATRDRAFT_20310
