Deletion size,Max growth rate,Min production rate,Deleted genes,,,
2,0.340893038662815,0.0305297027062824,PHATRDRAFT_10454,PHATRDRAFT_42245,,
2,0.341482064379054,0.0295687591365318,PHATRDRAFT_30145,PHATRDRAFT_36821,,
4,0.331053448162573,0.0465821278566619,PHATRDRAFT_30145,PHATRDRAFT_9619,PHATRDRAFT_50372,PHATRDRAFT_10693
