Deletion size,Max growth rate,Min production rate,Deleted genes,,,,
4,0.359606707775731,0.0230687915122498,PHATRDRAFT_26290,PHATRDRAFT_9619,PHATRDRAFT_2215,PHATRDRAFT_10693,
5,0.359606707775731,0.119388682420541,PHATRDRAFT_28882,PHATRDRAFT_9619,PHATRDRAFT_50372,PHATRDRAFT_20310,PHATRDRAFT_18064
5,0.359606707775723,0.0441414283263508,PHATRDRAFT_45947,PHATRDRAFT_9619,PHATRDRAFT_2215,PHATRDRAFT_28068,PHATRDRAFT_10693
