Deletion size,Max growth rate,Min production rate,Deleted genes,,,
3,0.156247009123556,1.15216258530949,PHATRDRAFT_14792,PHATRDRAFT_26290,PHATRDRAFT_48983,
3,0.321386612725359,1.05013827619417,PHATRDRAFT_14792,PHATRDRAFT_50742,PHATRDRAFT_48078,
4,0.321386612725359,1.05013827619417,PHATRDRAFT_50742,PHATRDRAFT_8982,PHATRDRAFT_859,PHATRDRAFT_23723
