Deletion size,Max growth rate,Min production rate,Deleted genes,,
3,0.0748297009334671,0.201419225950885,PHATRDRAFT_30145,PHATRDRAFT_50742,PHATRDRAFT_8982
3,0.0748297009334268,0.201419225949888,PHATRDRAFT_30145,PHATRDRAFT_48983,PHATRDRAFT_8982
