Deletion size,Max growth rate,Min production rate,Deleted genes,,,,,
5,0.359606707775731,0.108241952203905,PHATRDRAFT_45947,PHATRDRAFT_52208,PHATRDRAFT_12757,PHATRDRAFT_11414,PHATRDRAFT_23830,
5,0.359606707775734,0.108241952203944,PHATRDRAFT_55192,PHATRDRAFT_52208,PHATRDRAFT_12757,PHATRDRAFT_11414,PHATRDRAFT_23830,
6,0.359606707775728,0.108241952203615,PHATRDRAFT_49372,PHATRDRAFT_50097,PHATRDRAFT_41886,PHATRDRAFT_39681,PHATRDRAFT_11414,PHATRDRAFT_23830
