Deletion size,Max growth rate,Min production rate,Deleted genes,,
3,0.336293586351854,0.114099911985265,PHATRDRAFT_16490,PHATRDRAFT_29658,PHATRDRAFT_20310
3,0.336293586351589,0.114099911985175,PHATRDRAFT_16490,PHATRDRAFT_29658,PHATRDRAFT_23913
3,0.339207663146936,0.0998377331967728,PHATRDRAFT_26290,PHATRDRAFT_16490,PHATRDRAFT_29658
