Deletion size,Max growth rate,Min production rate,Deleted genes,,,,,
3,0.359606707775732,0.391674443654192,PHATRDRAFT_14792,PHATRDRAFT_50742,PHATRDRAFT_48078,,,
4,0.359606707775732,0.391674443654192,PHATRDRAFT_50742,PHATRDRAFT_8982,PHATRDRAFT_22803,PHATRDRAFT_859,,
6,0.359606707775732,0.285831341421434,PHATRDRAFT_54478,PHATRDRAFT_29016,PHATRDRAFT_32747,PHATRDRAFT_25308,PHATRDRAFT_28191,PHATRDRAFT_8982
