Deletion size,Max growth rate,Min production rate,Deleted genes,,,,
3,0.0288627202517945,0.212833170828053,PHATRDRAFT_14792,PHATRDRAFT_26290,PHATRDRAFT_48983,,
4,0.0625741135216983,0.204462379907323,PHATRDRAFT_48983,PHATRDRAFT_8982,PHATRDRAFT_17720,PHATRDRAFT_859,
5,0.0288627202517255,0.212833170832488,PHATRDRAFT_45017,PHATRDRAFT_14762,PHATRDRAFT_50742,PHATRDRAFT_8982,PHATRDRAFT_51970
