Deletion size,Max growth rate,Min production rate,Deleted genes,,,,,,,,
3,0.35960670777573,0.174089143366933,PHATRDRAFT_18572,PHATRDRAFT_23908,PHATRDRAFT_22418,,,,,,
7,0.359606707775745,0.00739577224199415,PHATRDRAFT_18572,PHATRDRAFT_22418,PHATRDRAFT_55192,Phatr3_EG02215,PHATRDRAFT_20183,PHATRDRAFT_40430,PHATRDRAFT_859,,
8,0.359606707775729,0.00739577224199382,PHATRDRAFT_18572,PHATRDRAFT_22418,PHATRDRAFT_54219,PHATRDRAFT_49112,PHATRDRAFT_13894,PHATRDRAFT_17401,PHATRDRAFT_859,PHATRDRAFT_20445,
8,0.359606707775705,0.00739577224284597,PHATRDRAFT_18572,PHATRDRAFT_22418,PHATRDRAFT_draft976,Phatr3_EG02215,PHATRDRAFT_55035,PHATRDRAFT_40430,PHATRDRAFT_859,PHATRDRAFT_46728,
8,0.359606707775745,0.00739577224199415,PHATRDRAFT_18572,PHATRDRAFT_22418,PHATRDRAFT_54219,Phatr3_EG02215,PHATRDRAFT_13894,PHATRDRAFT_17401,PHATRDRAFT_29016,PHATRDRAFT_859,
9,0.359606707775732,0.00739577224199387,PHATRDRAFT_18572,PHATRDRAFT_22418,PHATRDRAFT_42015,PHATRDRAFT_49112,PHATRDRAFT_55035,PHATRDRAFT_859,PHATRDRAFT_20445,PHATRDRAFT_22019,PHATRDRAFT_16649
