Deletion size,Max growth rate,Min production rate,Deleted genes,,
2,0.352630665672124,0.0341423945573798,PHATRDRAFT_23908,PHATRDRAFT_20310,
3,0.352630665672012,0.0341423945573448,PHATRDRAFT_23908,PHATRDRAFT_55192,PHATRDRAFT_35240
3,0.352630665672123,0.0341423945573387,PHATRDRAFT_23908,PHATRDRAFT_45947,PHATRDRAFT_28068
