Deletion size,Max growth rate,Min production rate,Deleted genes,
2,0.352630665672123,0.0341423945574562,PHATRDRAFT_23908,PHATRDRAFT_20310
2,0.352630665672126,0.0341423945573827,PHATRDRAFT_23908,PHATRDRAFT_42245
