Deletion size,Max growth rate,Min production rate,Deleted genes,,,
4,0.323119524575379,0.0255109822735248,PHATRDRAFT_54015,PHATRDRAFT_55069,PHATRDRAFT_20318,PHATRDRAFT_28181
4,0.323119524575403,0.0255109822736161,PHATRDRAFT_54015,PHATRDRAFT_11319,PHATRDRAFT_20318,PHATRDRAFT_21970
4,0.323119524575403,0.0255109822736161,PHATRDRAFT_54015,PHATRDRAFT_22803,PHATRDRAFT_20318,PHATRDRAFT_21970
