Deletion size,Max growth rate,Min production rate,Deleted genes,,,
2,0.353556185332562,0.0296126831611069,PHATRDRAFT_30145,PHATRDRAFT_10454,,
4,0.336762592860945,0.111804483566804,PHATRDRAFT_9619,PHATRDRAFT_50372,PHATRDRAFT_859,PHATRDRAFT_10693
4,0.336762592860945,0.111804483566804,PHATRDRAFT_28882,PHATRDRAFT_9619,PHATRDRAFT_50372,PHATRDRAFT_48078
