Deletion size,Max growth rate,Min production rate,Deleted genes,,,,,,,,,,,,
2,0.351664599853411,0.00555293548727479,PHATRDRAFT_draft521,PHATRDRAFT_42245,,,,,,,,,,,
2,0.351664599853412,0.0055529354868568,PHATRDRAFT_draft521,PHATRDRAFT_48078,,,,,,,,,,,
2,0.351664599853438,0.0055529354872117,PHATRDRAFT_draft521,PHATRDRAFT_23913,,,,,,,,,,,
3,0.35166459985341,0.00555293548786515,PHATRDRAFT_draft521,PHATRDRAFT_45947,PHATRDRAFT_28068,,,,,,,,,,
3,0.351664599853441,0.00555293548720223,PHATRDRAFT_draft521,PHATRDRAFT_41886,PHATRDRAFT_39681,,,,,,,,,,
8,0.32073896641649,0.0271754126753495,PHATRDRAFT_30519,Phatr3_EG02261,PHATRDRAFT_49339,PHATRDRAFT_40430,PHATRDRAFT_draft1572,PHATRDRAFT_28191,PHATRDRAFT_48078,PHATRDRAFT_54528,,,,,
10,0.289654997962296,0.0489085939919362,PHATRDRAFT_13643,PHATRDRAFT_42015,PHATRDRAFT_30145,Phatr3_EG02261,PHATRDRAFT_49339,PHATRDRAFT_draft1572,PHATRDRAFT_28191,Phatr3_EG02042,PHATRDRAFT_36906,PHATRDRAFT_43194,,,
13,0.300450984953524,0.0413602932297822,PHATRDRAFT_49372,PHATRDRAFT_50097,PHATRDRAFT_45846,PHATRDRAFT_36048,PHATRDRAFT_51703,PHATRDRAFT_48164,PHATRDRAFT_48162,PHATRDRAFT_23717,Phatr3_EG02321,PHATRDRAFT_42018,PHATRDRAFT_49162,PHATRDRAFT_42245,PHATRDRAFT_45428
