Deletion size,Max growth rate,Min production rate,Deleted genes,,,,
4,0.359606707775768,0.119388682420051,PHATRDRAFT_28882,PHATRDRAFT_9619,PHATRDRAFT_50372,PHATRDRAFT_23913,
4,0.359606707775731,0.119388682420039,PHATRDRAFT_9619,PHATRDRAFT_50372,PHATRDRAFT_48078,PHATRDRAFT_10693,
4,0.359606707775768,0.119388682420051,PHATRDRAFT_9619,PHATRDRAFT_50372,PHATRDRAFT_23913,PHATRDRAFT_10693,
4,0.359606707775731,0.0882828566527037,PHATRDRAFT_9619,PHATRDRAFT_2215,PHATRDRAFT_859,PHATRDRAFT_10693,
4,0.359606707775733,0.0882828566527042,PHATRDRAFT_28882,PHATRDRAFT_9619,PHATRDRAFT_2215,PHATRDRAFT_42245,
4,0.359606707775733,0.088282856652704,PHATRDRAFT_28882,PHATRDRAFT_9619,PHATRDRAFT_2215,PHATRDRAFT_48078,
4,0.359606707775731,0.0882828566526652,PHATRDRAFT_9619,PHATRDRAFT_2215,PHATRDRAFT_23913,PHATRDRAFT_10693,
4,0.359606707775842,0.0346031872683988,PHATRDRAFT_30145,PHATRDRAFT_9619,PHATRDRAFT_2215,PHATRDRAFT_10693,
5,0.359606707775732,0.0510557280262329,PHATRDRAFT_19708,PHATRDRAFT_9619,PHATRDRAFT_50372,PHATRDRAFT_55069,PHATRDRAFT_10693
