Deletion size,Max growth rate,Min production rate,Deleted genes,,,
2,0.208663405110053,0.056062438957502,PHATRDRAFT_10454,PHATRDRAFT_23913,,
3,0.208663405109938,0.056062438957471,PHATRDRAFT_10454,PHATRDRAFT_41886,PHATRDRAFT_39681,
4,0.176806056980332,0.0586992448425866,PHATRDRAFT_9619,PHATRDRAFT_50372,PHATRDRAFT_23913,PHATRDRAFT_10693
