Deletion size,Max growth rate,Min production rate,Deleted genes,,,
4,0.336762592860945,0.111804483566804,PHATRDRAFT_9619,PHATRDRAFT_50372,PHATRDRAFT_23913,PHATRDRAFT_10693
4,0.336762592860946,0.111804483566804,PHATRDRAFT_28882,PHATRDRAFT_9619,PHATRDRAFT_50372,PHATRDRAFT_859
4,0.350808310118119,0.0430614322328628,PHATRDRAFT_28882,PHATRDRAFT_9619,PHATRDRAFT_2215,PHATRDRAFT_42245
