Deletion size,Max growth rate,Min production rate,Deleted genes,,,,,
4,0.271706069772627,0.0508444506765603,PHATRDRAFT_55192,PHATRDRAFT_36257,PHATRDRAFT_20183,PHATRDRAFT_23913,,
4,0.271706069772834,0.0508444506767166,PHATRDRAFT_36257,PHATRDRAFT_20183,PHATRDRAFT_23913,PHATRDRAFT_46728,,
6,0.271706069772436,0.0508444506764133,PHATRDRAFT_draft976,PHATRDRAFT_49112,PHATRDRAFT_36257,PHATRDRAFT_20183,PHATRDRAFT_41886,PHATRDRAFT_39681
