Deletion size,Max growth rate,Min production rate,Deleted genes,,,
3,0.340044570949242,2.50748244195373,PHATRDRAFT_14792,PHATRDRAFT_26290,PHATRDRAFT_50742,
3,0.359606707775731,1.17502333096449,PHATRDRAFT_48983,PHATRDRAFT_8982,PHATRDRAFT_48078,
4,0.335770945520691,2.47596880626838,PHATRDRAFT_14792,PHATRDRAFT_30145,PHATRDRAFT_41063,PHATRDRAFT_33839
