Deletion size,Max growth rate,Min production rate,Deleted genes
1,0.195504840770698,0.0783271815968791,TM0428
1,0.195504839915635,0.0783271812543246,TM0066
