Deletion size,Max growth rate,Min production rate,Deleted genes
1,0.169213731456382,0.171816238646072,TM1767
1,0.220465518687847,0.0194263191792492,TM0913
1,0.220465481410291,0.0194263158944213,TM1744
1,0.220465481410291,0.0194263158944549,TM1662
