Deletion size,Max growth rate,Min production rate,Deleted genes,,
3,0.0277100231593006,0.260830624013675,TM1611,TM0202,TM1419
3,0.0277100231593573,0.260830624015795,TM1415,TM1611,TM0202
3,0.0277100231593006,0.260830624013675,TM1611,TM0202,TM_1418
