Deletion size,Max growth rate,Min production rate,Deleted genes
1,0.207449797879854,0.0365588778801664,TM1744
1,0.207449797879854,0.0365588778803153,TM1559
1,0.207449797879854,0.0365588778803117,TM0167
1,0.207449797879854,0.0365588778803195,TM0913
