Deletion size,Max growth rate,Min production rate,Deleted genes,
1,0.206677133590292,0.0364227112526349,TM0167,
1,0.206677133590292,0.0364227112525762,TM1744,
1,0.206677133590292,0.0364227112526349,TM1662,
1,0.206677166351213,0.0364227170261232,TM0913,
1,0.206677166351213,0.036422717026124,TM1559,
2,0.206677166350716,0.0364227170260375,TM0936,TM1384
2,0.206677133590463,0.0364227112526689,TM1737,TM1596
2,0.206677133590344,0.0364227112525553,TM1384,TM0206
