Deletion size,Max growth rate,Min production rate,Deleted genes,
1,0.171473310599659,0.174110570116661,TM1767,
1,0.220794443160026,0.0194553023590581,TM1559,
1,0.220794480548912,0.019455305653573,TM0167,
1,0.220794443160055,0.0194553023590563,TM1662,
1,0.220794443159944,0.0194553023590265,TM1744,
1,0.220794480548772,0.0194553056535644,TM0913,
2,0.220794443160055,0.0194553023590402,TM0936,TM1384
2,0.220794443159916,0.019455302358958,TM1737,TM1596
2,0.220794443159973,0.0194553023590614,TM1384,TM0206
