Deletion size,Max growth rate,Min production rate,Deleted genes
1,0.223087614984067,0.0393147303884754,TM1744
1,0.223087576814408,0.039314723661969,TM1559
1,0.223087576814408,0.0393147236619704,TM1662
