Deletion size,Max growth rate,Min production rate,Deleted genes
1,0.194442170114409,0.623211460487857,TM1155
1,0.194442170114409,0.623211460487857,TM1154
