Deletion size,Max growth rate,Min production rate,Deleted genes,
1,0.22665656988912,0.0399436873116913,TM0913,
1,0.22665656988912,0.0399436873116422,TM0167,
2,0.226656569889201,0.0399436873116589,TM1384,TM0206
