Deletion size,Max growth rate,Min production rate,Deleted genes,
1,0.206677133590233,0.0364227112526289,TM0167,
2,0.206677166350935,0.036422717026078,TM0936,TM1384
