Deletion size,Max growth rate,Min production rate,Deleted genes
1,0.124259175887682,0.199133095558345,TM0428
1,0.124259175887682,0.199133095558307,TM0066
