Deletion size,Max growth rate,Min production rate,Deleted genes,,,
3,0.0789455720584033,0.371551887648284,TM1415,TM1611,TM0202,
3,0.0736258747640767,0.346515011041133,TM0273,TM1611,TM0202,
3,0.0789455720582922,0.371551887647579,TM1611,TM0202,TM1419,
3,0.0789455720582922,0.371551887647579,TM1611,TM0202,TM_1418,
4,0.0789455720582112,0.0964895828753051,TM1385,TM1611,TM0202,TM1667
4,0.0789455720582112,0.0964895828753051,TM1385,TM1611,TM0202,TM0296
4,0.0736304033444495,0.346536567465146,TM0209,TM0289,TM1611,TM0202
