Deletion size,Max growth rate,Min production rate,Deleted genes,,,
2,0.226035762102057,0.0146403363111812,TM0211,TM0545,,
4,0.0406537816577361,1.98064304738248,TM0273,TM1062,TM1640,TM1217
