Deletion size,Max growth rate,Min production rate,Deleted genes,
2,0.225557372964127,0.0146093510476161,TM0211,TM0546
2,0.225557372964127,0.0146093510476161,TM0211,TM0545
