Deletion size,Max growth rate,Min production rate,Deleted genes,,
2,0.220610667201421,0.235611530739202,TM0540,TM0444,
3,0.220610667201421,0.235611530739202,TM0444,TM1867,TM0542
