Deletion size,Max growth rate,Min production rate,Deleted genes
1,0.194595622153361,0.623703293454086,TM0066
1,0.225123986103043,0.0396736000707766,TM1744
1,0.225123986103017,0.0396736000708639,TM1662
