Deletion size,Max growth rate,Min production rate,Deleted genes,
2,0.225304927000463,0.0145904654414785,TM0211,TM0545
2,0.225304927000463,0.0145904654414785,TM0211,TM0546
