Deletion size,Max growth rate,Min production rate,Deleted genes
1,0.203069882313766,0.650865574995688,TM0428
1,0.203069882313794,0.650864356550821,TM1154
1,0.203069873879721,0.650864329518497,TM0066
1,0.203069882313794,0.650864356550821,TM1155
