Deletion size,Max growth rate,Min production rate,Deleted genes
1,0.195825671791067,0.0570587051181241,TM0066
1,0.195825671791042,0.057058705118092,TM0428
