Deletion size,Max growth rate,Min production rate,Deleted genes,
2,0.226374711450034,0.0146627329677184,TM0211,TM0546
2,0.226374711450034,0.0146627329677184,TM0211,TM0545
