Deletion size,Max growth rate,Min production rate,Deleted genes
1,0.190765776366038,0.20380938632517,TM1155
1,0.190765776366038,0.20380938632517,TM1154
