Deletion size,Max growth rate,Min production rate,Deleted genes,,,
3,0.0564786780939971,2.55636228318583,TM0273,TM1640,TM1217,
4,0.0564837828003262,2.55634722487615,TM0209,TM0289,TM1640,TM1217
