Deletion size,Max growth rate,Min production rate,Deleted genes,,
3,0.0277100231592601,0.26083062401414,TM1611,TM0202,TM1419
3,0.0277100231593295,0.260830624015158,TM1415,TM1611,TM0202
3,0.0277100231592601,0.26083062401414,TM1611,TM0202,TM_1418
