Deletion size,Max growth rate,Min production rate,Deleted genes,
1,0.105900689247066,0.289496266364987,TM0273,
2,0.227055589846245,0.0147066824827871,TM0211,TM0546
2,0.227055589846245,0.0147066824827871,TM0211,TM0545
