Deletion size,Max growth rate,Min production rate,Deleted genes,
2,0.226205129426271,0.0146518151945152,TM0211,TM0545
2,0.226205129426271,0.0146518151945152,TM0211,TM0546
