Deletion size,Max growth rate,Min production rate,Deleted genes
1,0.220165801689361,0.705658915139731,TM0066
1,0.220165801689299,0.705658915139458,TM0428
