Deletion size,Max growth rate,Min production rate,Deleted genes
1,0.221497753357271,0.709927986734723,TM0066
1,0.221497753357278,0.709927986731085,TM0428
