Deletion size,Max growth rate,Min production rate,Deleted genes,,,
3,0.10327218891597,0.00668893967798401,TM0273,TM0211,TM0546,
4,0.103281083664757,0.00668951578940238,TM0209,TM0289,TM0211,TM0546
