Deletion size,Max growth rate,Min production rate,Deleted genes,,
3,0.103313411606124,0.00669160966985175,TM0273,TM0211,TM0546
3,0.103313411606124,0.00669160966985175,TM0273,TM0211,TM0545
