Deletion size,Max growth rate,Min production rate,Deleted genes
1,0.202268902259499,0.648297115355029,TM1154
1,0.202268902259499,0.648297115355029,TM1155
