Deletion size,Max growth rate,Min production rate,Deleted genes,,
3,0.0277100231593011,0.260830624014885,TM1415,TM1611,TM0202
3,0.208464782596739,0.102942272248219,TM0882,TM0211,TM0546
