Deletion size,Max growth rate,Min production rate,Deleted genes
1,0.194442170114409,0.623211460487857,TM1155
1,0.194442170114409,0.623211460487857,TM1154
1,0.19444217011436,0.623211460486383,TM0066
1,0.194442170114387,0.623211460488005,TM0428
