Deletion size,Max growth rate,Min production rate,Deleted genes
1,0.19204384499039,0.307762264337264,TM0066
1,0.192043844990446,0.307762264337305,TM0428
