Deletion size,Max growth rate,Min production rate,Deleted genes,,,
3,0.103272215636068,0.00668894140657717,TM0273,TM0211,TM0545,
3,0.103272215636068,0.00668894140657717,TM0273,TM0211,TM0546,
4,0.181205718224511,0.0117484727376865,TM0209,TM0272,TM0211,TM0545
4,0.181205718224511,0.0117484727376865,TM0209,TM0272,TM0211,TM0546
4,0.103281083664743,0.00668951578818379,TM0209,TM0289,TM0211,TM0546
4,0.103281083664743,0.00668951578818379,TM0209,TM0289,TM0211,TM0545
