Deletion size,Max growth rate,Min production rate,Deleted genes,,,,
3,0.0935477538964284,1.69974538922728,TM0273,TM1640,TM1217,,
5,0.0979015153589291,1.65219327738276,TM1385,TM1062,TM1640,TM1217,TM0296
5,0.0979015153589291,1.65219327738276,TM1385,TM1640,TM1217,TM0067,TM1667
