Deletion size,Max growth rate,Min production rate,Deleted genes,,,,
3,0.0886814148263939,2.48337361890719,TM0273,TM1640,TM1217,,
5,0.106254609341706,2.18678930418852,TM1385,TM1640,TM1217,TM0069,TM1667
5,0.106254609341706,2.18678930418852,TM1385,TM1062,TM1640,TM1217,TM1667
