Deletion size,Max growth rate,Min production rate,Deleted genes,,,,,,,,,,,,,,,,,,,,,,,,,,
23,0.577410945985378,0.456233367686918,b4382,b4269,b0493,b3588,b3003,b3011,b1241,b0351,b4384,b2744,b3752,b0871,b3617,b2407,b1982,b0261,b0411,b0112,b0114,b0529,b2492,b0904,b3662,,,,
26,0.547494012372624,1.04925776612125,b3399,b1241,b0351,b4069,b2502,b4384,b2744,b3115,b1849,b2296,b3617,b0030,b2883,b1982,b1623,b4374,b2361,b2291,b0261,b0411,b0112,b0114,b0529,b2492,b0904,b3662,
27,0.571562390597612,0.855119865259749,b4382,b1241,b0351,b4069,b4384,b3708,b3115,b1849,b2296,b3617,b0030,b2407,b1982,b2797,b3117,b1814,b4471,b0261,b2406,b0112,b0452,b0114,b2366,b2492,b0904,b1533,b3662
