Deletion size,Max growth rate,Min production rate,Deleted genes,,,,,,,,,,,,,,,,,,,,,,,,,,,,,,,,,
21,0.661490738738359,0.349363026188176,b0474,b2518,b3831,b1278,b3752,b4152,b2779,b2781,b1612,b1611,b4122,b1759,b4161,b4138,b4123,b0621,b4381,b2406,b3821,b3918,b1206,,,,,,,,,,,,,
21,0.657971835850883,0.347451502717643,b2836,b0474,b2518,b3831,b1278,b3752,b4152,b2779,b2781,b1612,b1611,b4122,b1759,b4161,b4138,b4123,b0621,b4381,b2406,b3918,b1206,,,,,,,,,,,,,
23,0.713274524378013,0.376712373677128,b3831,b3614,b0910,b4152,b2781,b0030,b1612,b1611,b4122,b0651,b2162,b1759,b4138,b4123,b0621,b4381,b2406,b2197,b2835,b3918,b4042,b0494,b1206,,,,,,,,,,,
24,0.694351140324944,0.366718082917934,b0474,b2518,b2744,b4152,b2781,b1612,b1611,b4122,b1759,b2440,b4374,b4161,b0675,b4138,b4123,b0621,b2913,b4381,b2239,b2406,b2197,b3918,b1912,b1206,,,,,,,,,,
25,0.686167179983996,0.362395765256273,b3916,b3831,b3614,b0910,b3752,b4152,b2781,b1851,b1612,b1611,b4122,b1759,b3946,b0825,b4138,b4123,b0621,b4381,b2406,b1723,b2835,b3918,b1912,b0494,b1206,,,,,,,,,
34,0.461822315539855,0.243909146840705,b4467,b2242,b0474,b2518,b3831,b1278,b3752,b2926,b2781,b1004,b3713,b1109,b0046,b1612,b1611,b4122,b1759,b3449,b2210,b4161,b1415,b4138,b4123,b0621,b4381,b2239,b2406,b2492,b0904,b3028,b3918,b0418,b1206,b2285
