Deletion size,Max growth rate,Min production rate,Deleted genes,,,,,,,,,,,,,,,,,,,,,,,,
23,0.651223319528754,0.343940340092567,b4382,b0474,b2518,b3831,b4384,b3752,b4152,b2781,b1612,b1611,b4122,b1759,b4161,b4138,b4123,b0621,b2406,b0452,b2197,b3918,b1912,b1206,b0221,,
24,0.231836584188884,0.244824378733533,b2836,b4382,b3831,b4384,b3614,b0910,b3752,b4152,b2781,b1612,b1611,b4122,b1759,b4138,b4123,b0621,b2406,b3736,b2197,b3918,b4042,b1695,b1206,b4209,
25,0.24354775548008,0.12858926941782,b4382,b3831,b4384,b1278,b3614,b0910,b4152,b2781,b0030,b3844,b1612,b1611,b4122,b0651,b2162,b1759,b4138,b4123,b0621,b2406,b3736,b0452,b2197,b3918,b1206
