Deletion size,Max growth rate,Min production rate,Deleted genes,,,,,,,,,,,,,,,,,,,,,,,,,,,,,,,,,,,,,,,,,,,,,,,,,,,
22,0.459733171270681,0.881066439812082,b1241,b0351,b4069,b4384,b3752,b2297,b2458,b3617,b2407,b1982,b0261,b0507,b4381,b2406,b0112,b2975,b0114,b3603,b0529,b2492,b0904,b3662,,,,,,,,,,,,,,,,,,,,,,,,,,,,,,
23,0.459735814008267,0.881071504548169,b3553,b4382,b1241,b0351,b4069,b4384,b2297,b2458,b0030,b2407,b1982,b3616,b3589,b1033,b0261,b0507,b2406,b0112,b0114,b0529,b2492,b0904,b3662,,,,,,,,,,,,,,,,,,,,,,,,,,,,,
24,0.445340579654632,0.853483419286134,b3553,b3399,b1241,b0351,b4069,b2744,b2297,b2458,b3617,b0160,b1982,b1033,b0675,b2361,b2291,b0261,b0507,b2913,b4381,b0112,b0114,b0529,b2492,b0904,,,,,,,,,,,,,,,,,,,,,,,,,,,,
24,0.445339753041417,0.853481835213111,b3553,b4382,b1241,b0351,b4069,b4384,b2744,b3752,b2297,b2458,b3617,b2407,b0907,b1982,b1033,b0261,b0411,b0507,b0112,b0114,b0529,b2492,b0904,b3662,,,,,,,,,,,,,,,,,,,,,,,,,,,,
32,0.589727690163947,0.0264339539839352,b4467,b1478,b1241,b0351,b3708,b2779,b3844,b1004,b3713,b1109,b0046,b3236,b0937,b2920,b2799,b3945,b1602,b0452,b2975,b3603,b0728,b0509,b3125,b0529,b3622,b1380,b0508,b2660,b3546,b0606,b2285,b1010,,,,,,,,,,,,,,,,,,,,
52,0.483970381465392,0.167366153341219,b3553,b3399,b3846,b2341,b0474,b2518,b3831,b4069,b2502,b2744,b3708,b3008,b0910,b3752,b2297,b2458,b3236,b1779,b3962,b1982,b2797,b3117,b1814,b4471,b4267,b1033,b0675,b2361,b0261,b3709,b4381,b2406,b3161,b0112,b0452,b0114,b0509,b3125,b0529,b1539,b2492,b0904,b2578,b1533,b3927,b0325,b1473,b0594,b3447,b4266,b4141,b1798
