Deletion size,Max growth rate,Min production rate,Deleted genes,,,,
5,0.737116686448667,0.765781680150494,b3942,b1732,b2926,b3236,b2210
