Deletion size,Max growth rate,Min production rate,Deleted genes,,,,,,,,,,,,,,,,,,,,,,,,,,,
24,0.556017956731358,0.0166087182972416,b3399,b1241,b0351,b4069,b2502,b2744,b2297,b2458,b2779,b1779,b1982,b3616,b3589,b0675,b2361,b2291,b0261,b2913,b0112,b0114,b0529,b2492,b0904,b1378,,,,
28,0.420320761177794,0.414335393535514,b4269,b0493,b3588,b3003,b3011,b1241,b0351,b4384,b2744,b3752,b0871,b3617,b2407,b3124,b0907,b1779,b1982,b0261,b0411,b4381,b0112,b0114,b0755,b3612,b0529,b2492,b0904,b3662
19,0.445822112555065,0.362414702453268,b3403,b1479,b2779,b2925,b2097,b1850,b1779,b2690,b2463,b1493,b3517,b0726,b3945,b4388,b1444,b0529,b0118,b2285,b1378,,,,,,,,,
