Deletion size,Max growth rate,Min production rate,Deleted genes,,,,,,,,,,,,,,,,,,,,,,,,,,,,,,,,,,,,,
25,0.460007664761064,0.220552572401198,b1241,b0351,b4069,b4384,b3115,b1849,b2296,b3617,b0030,b2407,b4381,b2406,b0112,b3654,b2868,b3714,b3664,b4064,b4464,b0114,b0529,b2492,b0904,b3662,b1518,,,,,,,,,,,,,
31,0.308562899318204,0.113951545883175,b3399,b4382,b1241,b0351,b4069,b4384,b2744,b0871,b2297,b2458,b2925,b2097,b2926,b2883,b1982,b3616,b3589,b3946,b0825,b3665,b0675,b2361,b0411,b4381,b0112,b0114,b0529,b2492,b0904,b1511,b2285,,,,,,,
38,0.312517973900262,0.127077582074102,b4269,b0493,b3588,b3003,b3011,b0238,b0125,b1241,b0351,b2744,b0871,b2925,b2097,b3236,b2883,b1779,b2690,b0477,b3616,b3589,b2210,b4374,b2361,b2291,b0261,b3945,b3654,b2868,b3714,b3664,b4064,b4464,b0114,b0529,b2492,b0904,b3662,b2285
