Deletion size,Max growth rate,Min production rate,Deleted genes,,,,,,,,,,,,,,,,,,,,,,,
19,0.740021037128394,0.390838410648076,b2744,b3614,b0910,b4152,b2781,b1612,b1611,b4122,b1759,b2440,b4374,b0675,b4138,b4123,b0621,b4381,b3918,b1912,b1206,,,,,
19,0.735615517629632,0.388455160745968,b2836,b3831,b3614,b0910,b3752,b4152,b2781,b1612,b1611,b4122,b1759,b4138,b4123,b0621,b4381,b2406,b3918,b1912,b1206,,,,,
24,0.477360423182516,0.252115520763862,b0474,b2518,b3831,b4152,b2781,b0030,b1612,b1611,b4122,b0651,b2162,b1779,b1759,b4161,b4138,b4123,b0621,b4381,b2406,b3918,b4042,b1206,b2285,b3924
