Deletion size,Max growth rate,Min production rate,Deleted genes,,,,,,,,,,,,,,,,,,,,,,,,,,,,,,,,,,,,,,,,,,,,,,
37,0.483785332034648,0.129667047411949,b3553,b4269,b0493,b3588,b3003,b3011,b4384,b3752,b0512,b0871,b2926,b2407,b3844,b1004,b3713,b1109,b0046,b3236,b1638,b1982,b4139,b1033,b1623,b0411,b1602,b2913,b4381,b1727,b0114,b0529,b2492,b0904,b3029,b1380,b1771,b1517,b2285,,,,,,,,,,
43,0.468195707843483,0.263228581192521,b2836,b3553,b1478,b1241,b4069,b4384,b3752,b3115,b1849,b2296,b2926,b2407,b1004,b3713,b1109,b0046,b3236,b1638,b0477,b4139,b1033,b3665,b4015,b2799,b3945,b1602,b4381,b2406,b3915,b3654,b3714,b3664,b0529,b2492,b0904,b2954,b3029,b1380,b2660,b3662,b1518,b2285,b1007,,,,
47,0.424848807468786,0.321729611125386,b4467,b1478,b1241,b3831,b4069,b4384,b3708,b3115,b1849,b2296,b2779,b2925,b2097,b0030,b3844,b1004,b3713,b1109,b0046,b3236,b0651,b2162,b2690,b1982,b2797,b3117,b1814,b4471,b0411,b2799,b3945,b1602,b4381,b2406,b3915,b4064,b4464,b2366,b2492,b0904,b1533,b1380,b2660,b1517,b0606,b2285,b1009
