Deletion size,Max growth rate,Min production rate,Deleted genes,,,,,,
5,0.813238763029494,3.36103529696189,b0871,b4381,b0114,b3893,b1474,,
6,0.813236544667056,3.36102612870066,b4384,b0871,b2407,b0114,b3893,b1474,
7,0.811324256859889,3.35312283252924,b3115,b1849,b2296,b4381,b0114,b3893,b1474
