Deletion size,Max growth rate,Min production rate,Deleted genes,,,,,,,,,,,,,,,,,,,,,,,,,,,,,,,
19,0.582163728818365,0.202854792533961,b4382,b1241,b0351,b4069,b4384,b3752,b2297,b2458,b2407,b1982,b3616,b3589,b0261,b2406,b0114,b0529,b2492,b0904,b3662,,,,,,,,,,,,,
19,0.582163728818387,0.20285479253497,b3399,b1241,b0351,b4069,b2744,b2297,b2458,b3617,b0160,b1238,b1982,b0675,b2361,b0261,b4381,b0114,b0529,b2492,b0904,,,,,,,,,,,,,
25,0.4138263688251,0.144231242861394,b3399,b1241,b0351,b4069,b2744,b3115,b1849,b2296,b3617,b0160,b1612,b1611,b4122,b4374,b0675,b2361,b2291,b0261,b0114,b0755,b3612,b0529,b2492,b0904,b2285,,,,,,,
29,0.632037020776738,0.0617836607448074,b4382,b4069,b4384,b3708,b3115,b1849,b2296,b2925,b2097,b0030,b2407,b1779,b2690,b1982,b2797,b3117,b1814,b4471,b3449,b0261,b3945,b2239,b2406,b0114,b2366,b2492,b0904,b1533,b3927,,,
30,0.613140327310296,0.109470312881057,b1241,b0351,b4384,b3708,b0871,b2297,b2458,b2779,b2925,b2097,b3617,b0030,b2407,b2690,b1982,b2797,b3117,b1814,b4471,b2440,b0261,b3945,b4381,b0114,b2366,b0529,b2492,b0904,b1533,b1813,,
32,0.610258399014505,0.0402881152568782,b3831,b1278,b3614,b0910,b3752,b2930,b4232,b3697,b3925,b4152,b3115,b1849,b2296,b2781,b1612,b1611,b4122,b0907,b1779,b1759,b3946,b0825,b4015,b0411,b4138,b4123,b0621,b4381,b2197,b3821,b3918,b1206
