Deletion size,Max growth rate,Min production rate,Deleted genes,,,,,,,,,,,,,,,,,,,,,
20,0.73147177676174,0.386323161541113,b3831,b3614,b0910,b3752,b4152,b2781,b1612,b1611,b4122,b1759,b3449,b4138,b4123,b0621,b4381,b2239,b2406,b3918,b1912,b1206,,
20,0.731471776761503,0.386323161527207,b2744,b3614,b0910,b4152,b2781,b1612,b1611,b4122,b1759,b3449,b4374,b0675,b4138,b4123,b0621,b4381,b2239,b3918,b1912,b1206,,
22,0.72588704231161,0.383256598964781,b0474,b2518,b3831,b4152,b2781,b0030,b1612,b1611,b4122,b0651,b2162,b1759,b4161,b0411,b4138,b4123,b0621,b4381,b0452,b3918,b4042,b1206
