Deletion size,Max growth rate,Min production rate,Deleted genes,,,,,,,,,,,,,,,,,,,,,,,
22,0.600998105942069,0.317414144662633,b2744,b1278,b3614,b0910,b4152,b2781,b1612,b1611,b4122,b1759,b4374,b0675,b4138,b4123,b0621,b4381,b2406,b2197,b2835,b3918,b0494,b1206,,
22,0.600120289885752,0.316950530501592,b0474,b2518,b3831,b3752,b4152,b2781,b1612,b1611,b4122,b1759,b4161,b4138,b4123,b0621,b4381,b2406,b2197,b3821,b3918,b0789,b1249,b1206,,
22,0.600120289885752,0.316950530501785,b0474,b2518,b3831,b1278,b3752,b4152,b2781,b1612,b1611,b4122,b1759,b4161,b4138,b4123,b0621,b4381,b2406,b2197,b2835,b3918,b0494,b1206,,
23,0.600120289885766,0.316950530501764,b4382,b0474,b2518,b4384,b2744,b1278,b4152,b2781,b1612,b1611,b4122,b1759,b4374,b4161,b0675,b4138,b4123,b0621,b2406,b2197,b3821,b3918,b1206,
24,0.600998105941847,0.317414144662591,b3831,b2744,b3614,b0910,b3752,b4152,b2781,b1612,b1611,b4122,b1759,b4374,b2361,b2291,b0411,b4138,b4123,b0621,b2197,b2835,b3918,b4042,b0494,b1206
24,0.600998105941848,0.317414144662793,b3831,b2744,b3614,b0910,b3752,b4152,b2781,b1612,b1611,b4122,b1759,b4374,b2361,b2291,b0411,b1701,b1805,b4138,b4123,b0621,b2197,b3918,b4042,b1206
