Deletion size,Max growth rate,Min production rate,Deleted genes,,,,,,,,,,,,,,,,,,,,,,,,,,,,,,,,,,,,,,
39,0.549901611062575,0.64926470792781,b4467,b1478,b4382,b1241,b4069,b4384,b2297,b2458,b0030,b2407,b3844,b1004,b3713,b1109,b0046,b3236,b0207,b3012,b0937,b1982,b0261,b2799,b1602,b2913,b2406,b0755,b3612,b0529,b2492,b0904,b1781,b3001,b1380,b0325,b1771,b3662,b0606,b2285,b1007
29,0.513529053642349,0.758121658072288,b3399,b4382,b0474,b2518,b1241,b0351,b4069,b2502,b4384,b2744,b3752,b2297,b2458,b2781,b0099,b3617,b2883,b1982,b1623,b0261,b0411,b0112,b2868,b0114,b0529,b2492,b0904,b2954,b3662,,,,,,,,,,
26,0.350015145285766,1.10098734013384,b3399,b4382,b4269,b0493,b3588,b3003,b3011,b1241,b0351,b2502,b4384,b2744,b0871,b1982,b3616,b3589,b0675,b2361,b2291,b0261,b0507,b0112,b0114,b0529,b2492,b0904,,,,,,,,,,,,,
