Deletion size,Max growth rate,Min production rate,Deleted genes,,,,,,,,,,,,,,,,,,,,,,,,,,,,,,,,,,,,,,,,,,,,,
46,0.699484664199889,0.369429327974395,b4382,b4269,b0493,b3588,b3003,b3011,b4384,b2744,b3614,b0910,b2221,b2930,b4232,b3697,b3925,b4152,b0871,b3115,b1849,b2296,b2779,b2781,b1612,b1611,b4122,b2690,b1759,b4374,b0675,b4015,b0822,b0614,b4138,b4123,b0621,b2913,b1727,b0728,b0529,b2197,b3821,b3918,b4042,b1206,b2285,b3924
22,0.69437181873836,0.36672900420782,b3831,b3614,b0910,b3752,b4152,b2781,b1612,b1611,b4122,b1759,b1701,b1805,b4138,b4123,b0621,b4381,b2406,b2197,b3918,b0789,b1249,b1206,,,,,,,,,,,,,,,,,,,,,,,,
25,0.358496678167707,0.189338228090905,b0474,b2518,b3831,b1278,b4152,b2781,b0030,b1612,b1611,b4122,b0651,b2162,b1759,b4161,b2342,b3845,b4138,b4123,b0621,b4381,b2406,b0452,b2197,b3918,b1206,,,,,,,,,,,,,,,,,,,,,
