Deletion size,Max growth rate,Min production rate,Deleted genes,,,,,,,,,,,,,,,,,,,,,,,,,,,
21,0.626520491807489,0.330893665145,b3831,b3614,b0910,b3752,b4152,b2781,b1612,b1611,b4122,b1759,b4138,b4123,b0621,b4381,b2406,b2197,b3825,b3918,b4042,b0494,b1206,,,,,,,
22,0.626520491807378,0.330893665144917,b2744,b3614,b0910,b4152,b2781,b1612,b1611,b4122,b1759,b4374,b0675,b2361,b2291,b4138,b4123,b0621,b2197,b3825,b3918,b4042,b0494,b1206,,,,,,
22,0.626520491807378,0.33089366514562,b2744,b1278,b3614,b0910,b4152,b2781,b1612,b1611,b4122,b1759,b4374,b0675,b2361,b2291,b4138,b4123,b0621,b2197,b3825,b3918,b0494,b1206,,,,,,
22,0.625566596006512,0.330389869847821,b0474,b2518,b3831,b1278,b3752,b4152,b2781,b1612,b1611,b4122,b1759,b4161,b4138,b4123,b0621,b4381,b2406,b2197,b2835,b3918,b0494,b1206,,,,,,
23,0.625566596006623,0.330389869847681,b0474,b2518,b2744,b1278,b4152,b2781,b1612,b1611,b4122,b1759,b4374,b4161,b0675,b2361,b2291,b4138,b4123,b0621,b2197,b2835,b3918,b0494,b1206,,,,,
28,0.625566596006512,0.330389869847839,b0474,b2518,b3831,b2744,b4152,b2781,b0030,b1612,b1611,b4122,b0651,b2162,b1759,b4374,b4161,b2361,b2291,b0411,b4138,b4123,b0621,b2197,b2835,b3918,b0789,b1249,b0494,b1206
