Deletion size,Max growth rate,Min production rate,Deleted genes,,,,,,,,,,,,,,,,,,,,,,,,,,,,,,,,
19,0.619506698169534,1.17133445783853,b3399,b1241,b0351,b4069,b2744,b2297,b2458,b3617,b0160,b1982,b0675,b2361,b0261,b4381,b2406,b0114,b0529,b2492,b0904,,,,,,,,,,,,,,
26,0.753438333238979,0.239572331367783,b2836,b4069,b4384,b2744,b3708,b3008,b2297,b2458,b0030,b2883,b1982,b2797,b3117,b1814,b4471,b0261,b4381,b2868,b4064,b4464,b0114,b1539,b2492,b0904,b1533,b3927,,,,,,,
33,0.437844046385246,0.151546362409403,b3553,b4382,b4069,b4384,b3752,b3115,b1849,b2296,b2407,b3844,b1004,b3713,b1109,b0046,b3236,b1779,b1982,b1033,b0261,b0411,b1602,b2913,b3915,b1727,b0114,b0529,b2492,b0904,b1380,b1771,b0606,b2285,b1009
