Deletion size,Max growth rate,Min production rate,Deleted genes,,,,,,,,,,,,,,,,,,,,,,,,,,,,,,,,,,,,,,,,,,,,
33,0.768353883205217,0.0551634623839154,b4382,b4384,b3708,b3008,b0512,b0871,b2925,b2097,b0030,b2407,b1982,b2797,b3117,b1814,b4471,b3946,b0825,b0595,b0261,b2406,b0511,b0114,b0886,b2366,b2492,b0904,b2578,b1533,b3927,b3821,b4141,b1798,b3662,,,,,,,,,,,,
34,0.765506677868735,0.0580854984160858,b3399,b0586,b2744,b3708,b3008,b0910,b0871,b2883,b0120,b1982,b2797,b3117,b1814,b4471,b4374,b0675,b2361,b0261,b0411,b4381,b2406,b0452,b0114,b0886,b2366,b2492,b0904,b2578,b1533,b3927,b4141,b1798,b3662,b0221,,,,,,,,,,,
40,0.549051476511858,0.441106858121418,b4269,b0493,b3588,b3003,b3011,b1241,b0351,b4384,b3708,b3008,b3752,b0871,b2407,b1238,b1982,b2797,b3117,b1814,b4471,b3616,b3589,b2440,b0261,b0507,b4381,b2239,b2406,b0112,b2868,b0114,b0886,b2366,b2492,b0904,b2578,b1533,b1600,b4141,b1798,b3662,,,,,
41,0.551581022972438,0.43351731132889,b3399,b4382,b4269,b0493,b3588,b3003,b3011,b1241,b0351,b2744,b3708,b3008,b0871,b0160,b0120,b1982,b2797,b3117,b1814,b4471,b3616,b3589,b0675,b2361,b0261,b0507,b4381,b2406,b0112,b2975,b0114,b3603,b0886,b2366,b2492,b0904,b2578,b1533,b3821,b4141,b1798,,,,
44,0.487748096235107,0.391855845018081,b3399,b4269,b0493,b3588,b3003,b3011,b1241,b0351,b2744,b3708,b3008,b0871,b2779,b0160,b1238,b1779,b0120,b1982,b2797,b3117,b1814,b4471,b3616,b3589,b0675,b2361,b0261,b4381,b2406,b0112,b2789,b3127,b2975,b0114,b3603,b0886,b1539,b2492,b0904,b2578,b1533,b3821,b4141,b1798,
45,0.372236667261524,0.556936779087807,b3553,b3399,b1241,b0351,b4069,b2502,b2744,b3708,b0871,b2297,b2458,b2925,b2097,b3617,b0517,b1779,b2690,b1982,b2797,b3117,b1814,b4471,b1033,b4374,b0675,b2361,b2291,b0261,b0822,b3709,b3161,b0112,b1727,b0114,b0509,b3125,b1539,b2492,b0904,b1533,b3821,b1380,b1912,b1473,b0594
