Deletion size,Max growth rate,Min production rate,Deleted genes,,,,,,,,,,,,,,,,,,,,,,,,,,,,,
20,0.742191048136942,0.391984491115492,b2836,b0474,b2518,b3831,b3752,b3926,b4152,b2781,b1612,b1611,b4122,b1759,b4161,b3945,b4138,b4123,b0621,b4381,b3918,b1206,,,,,,,,,,
21,0.728188059571233,0.384588882727391,b4382,b3831,b4384,b3614,b0910,b4152,b2781,b0030,b1612,b1611,b4122,b0651,b2162,b1759,b4388,b4138,b4123,b0621,b3918,b1912,b1206,,,,,,,,,
21,0.652940107055102,0.0813899637320233,b0474,b2518,b3831,b3752,b3926,b4152,b2781,b1612,b1611,b4122,b1779,b1759,b4161,b3945,b4138,b4123,b0621,b2913,b3918,b1206,b3924,,,,,,,,,
26,0.401437457901802,0.212017186198015,b4382,b0474,b2518,b4384,b2744,b0910,b4152,b0871,b2925,b2097,b1612,b1611,b4122,b1779,b3946,b0825,b4374,b0675,b4138,b4123,b0621,b0114,b1206,b2285,b3893,b1474,,,,
30,0.578280351378126,0.305415876168232,b4467,b2242,b3831,b3614,b0910,b2781,b0030,b1004,b3713,b1109,b0046,b1612,b1611,b4122,b0651,b2162,b1759,b2210,b1415,b4138,b4123,b0621,b4381,b2492,b0904,b3028,b3918,b4042,b1206,b2285
30,0.620764859255828,0.0765668703002957,b0474,b2518,b2744,b2930,b4232,b3697,b3925,b4152,b0871,b1232,b1612,b1611,b4122,b1779,b2690,b4374,b4161,b0675,b0822,b4138,b4123,b0621,b1727,b0114,b3821,b1380,b4042,b1206,b3893,b1474
