Deletion size,Max growth rate,Min production rate,Deleted genes,,,,,,,,,,,,,,,,,,,,,,,,
21,0.552488783828355,0.291794188737231,b3831,b3614,b0910,b3752,b4152,b2781,b1612,b1611,b4122,b1759,b1701,b1805,b4138,b4123,b0621,b4381,b2406,b2197,b3918,b4042,b1206,,,,
21,0.540636400402267,0.285534411688951,b2836,b3831,b3614,b0910,b3752,b4152,b2781,b1612,b1611,b4122,b1759,b4138,b4123,b0621,b4381,b2406,b2197,b3918,b4042,b0494,b1206,,,,
22,0.55174686661413,0.291402348867933,b0474,b2518,b3831,b3752,b4152,b2781,b1612,b1611,b4122,b1759,b4161,b4138,b4123,b0621,b4381,b2406,b2197,b3825,b3918,b4042,b0494,b1206,,,
22,0.55174686661413,0.291402348867859,b0474,b2518,b3831,b3752,b4152,b2781,b1612,b1611,b4122,b1759,b4161,b4138,b4123,b0621,b4381,b2406,b2197,b2835,b3918,b4042,b0494,b1206,,,
24,0.539925953551091,0.285159192737945,b0474,b2518,b2744,b1278,b4152,b2781,b1612,b1611,b4122,b1759,b4374,b4161,b0675,b2361,b2291,b4138,b4123,b0621,b0452,b2197,b3918,b1206,b3546,b0221,
25,0.539925953551291,0.285159192738333,b1054,b2836,b0474,b2518,b3831,b1278,b4152,b2781,b0030,b1612,b1611,b4122,b0651,b2162,b1759,b4161,b4138,b4123,b0621,b4381,b2406,b2197,b3918,b0494,b1206
