Deletion size,Max growth rate,Min production rate,Deleted genes,,,,,,,,,,,,,,,,,,,,,,,,,,,,,,,,,,,,,,,,,,,
22,0.4522878119346,1.73359521189268,b3553,b1241,b0351,b4069,b4384,b2297,b2458,b3617,b0030,b2407,b1982,b1033,b0261,b0507,b4381,b2406,b0112,b0114,b0529,b2492,b0904,b3662,,,,,,,,,,,,,,,,,,,,,,
23,0.452287811934583,1.73359521188999,b3553,b1241,b0351,b4069,b4384,b2297,b2458,b3617,b0030,b2407,b1982,b1033,b0261,b4381,b2406,b0112,b0114,b0509,b3125,b0529,b2492,b0904,b3662,,,,,,,,,,,,,,,,,,,,,
23,0.452287811934597,1.73359521188856,b3553,b1241,b0351,b4069,b4384,b3115,b1849,b2296,b3617,b0030,b2407,b1982,b1033,b0261,b0507,b4381,b2406,b0112,b0114,b0529,b2492,b0904,b3662,,,,,,,,,,,,,,,,,,,,,
26,0.454381161905999,1.71784023641919,b3553,b3399,b1241,b0351,b4069,b2502,b2744,b3115,b1849,b2296,b1982,b3616,b3589,b1033,b0675,b2361,b0261,b4381,b2406,b0112,b0114,b0509,b3125,b0529,b2492,b0904,,,,,,,,,,,,,,,,,,
34,0.441968070652774,1.29937171956755,b3399,b4382,b1241,b0351,b4069,b2744,b3708,b3115,b1849,b2296,b2926,b3617,b0160,b1982,b2797,b3117,b1814,b4471,b3449,b0675,b2361,b0261,b0507,b4381,b2406,b0112,b0452,b2975,b0114,b3603,b1539,b2492,b0904,b1533,,,,,,,,,,
44,0.370575902712717,0.7758097314381,b3553,b1478,b3399,b1241,b4069,b2744,b2297,b2458,b2926,b0160,b1238,b1004,b3713,b1109,b0046,b3236,b1638,b1982,b4139,b1033,b0675,b2361,b4014,b0261,b2976,b2799,b3945,b1602,b4381,b3915,b0509,b3125,b0529,b2492,b0904,b2954,b1298,b3029,b1380,b2660,b1985,b0221,b2285,b1007
