Deletion size,Max growth rate,Min production rate,Deleted genes,,,,,,,,,,,,,,,,,,,,,,,,,,,,,,
28,0.55808745695453,0.556669914815564,b3399,b1241,b0351,b4069,b2502,b2744,b3708,b2297,b2458,b3617,b1982,b2797,b3117,b1814,b4471,b3449,b4374,b0675,b2361,b2291,b0261,b0112,b0114,b1539,b2492,b0904,b1533,b0494,,,
29,0.558087456954538,0.556669914815712,b3399,b1241,b0351,b4069,b2744,b3708,b2297,b2458,b0160,b1982,b2797,b3117,b1814,b4471,b3616,b3589,b3449,b4374,b0675,b2361,b2291,b0261,b0112,b0114,b1539,b2492,b0904,b1533,b0494,,
31,0.558087456954538,0.556669914814873,b1241,b0351,b4069,b4384,b2744,b3708,b3115,b1849,b2296,b0030,b2407,b1982,b2797,b3117,b1814,b4471,b3616,b3589,b4374,b2361,b2291,b0261,b0411,b0112,b0114,b2366,b2492,b0904,b1533,b3821,b3662
