Deletion size,Max growth rate,Min production rate,Deleted genes,,,,,,,,,,,,,,,,,,,,,,,
22,0.558171088249861,0.294795269403886,b1054,b2744,b1278,b3614,b0910,b4152,b2781,b1612,b1611,b4122,b1759,b4374,b0675,b2361,b2291,b4138,b4123,b0621,b2197,b3821,b3918,b1206,,
22,0.546076317972401,0.288407476955719,b3831,b3614,b0910,b3752,b4152,b2781,b1612,b1611,b4122,b1759,b2342,b3845,b4138,b4123,b0621,b4381,b2406,b0452,b2197,b3918,b4042,b1206,,
24,0.545351511654082,0.288024674122524,b2836,b0474,b2518,b3831,b3752,b4152,b2781,b1612,b1611,b4122,b1759,b4161,b4138,b4123,b0621,b4381,b2406,b2197,b3918,b0789,b1249,b1206,b3546,b0221
