Deletion size,Max growth rate,Min production rate,Deleted genes,,,,,,,,,,,,,,,,,,,,,,,,,,,,,,,,,,,,,
34,0.549647528916831,1.78677275074801,b3942,b1732,b1241,b0351,b4069,b4384,b2744,b1479,b3752,b0871,b2297,b2458,b2925,b2097,b3617,b3236,b2883,b0907,b2463,b1982,b3946,b2210,b0825,b4381,b2868,b4064,b4464,b0114,b0529,b2492,b0904,b1511,b3662,b2285,,,,
22,0.386197290616492,1.48079125084724,b4382,b4269,b0493,b3588,b3003,b3011,b1241,b0351,b4384,b3752,b0871,b3617,b2407,b1982,b0261,b2406,b0112,b0114,b0529,b2492,b0904,b3662,,,,,,,,,,,,,,,,
38,0.741783453692376,0.510796536913299,b3399,b2502,b2744,b3708,b3008,b0512,b0871,b1982,b2797,b3117,b1814,b4471,b0595,b4374,b0675,b2361,b2291,b0261,b0507,b3709,b3161,b0112,b2975,b0114,b3603,b0886,b2366,b2492,b0904,b2578,b1533,b3927,b3825,b1473,b0494,b1600,b4141,b1798
