Deletion size,Max growth rate,Min production rate,Deleted genes,,,,,,,,,,,,,,,,,,,,,,,
22,0.738582309377533,0.390078553787631,b3831,b2744,b1278,b3614,b0910,b3752,b4152,b2781,b1612,b1611,b4122,b1759,b4374,b2361,b2291,b4138,b4123,b0621,b2406,b3821,b3918,b1206,,
22,0.547673471285865,0.289251005492576,b3831,b1278,b3614,b0910,b3752,b4152,b2781,b1612,b1611,b4122,b1759,b4138,b4123,b0621,b2913,b4381,b2406,b2835,b3918,b1206,b2285,b3924,,
24,0.719761078977328,0.0557013147529005,b0474,b2518,b3831,b3752,b3926,b4152,b2781,b1612,b1611,b4122,b0907,b1759,b4161,b0411,b3945,b4138,b4123,b0621,b4381,b2239,b2835,b3918,b4042,b1206
