Deletion size,Max growth rate,Min production rate,Deleted genes,,,,,,,,,,,,,,,,,,,,,,,,,,,
18,0.577705431350622,0.553578574995829,b4382,b1241,b0351,b4069,b4384,b3752,b2297,b2458,b3617,b2407,b1982,b0261,b2406,b0114,b0529,b2492,b0904,b3662,,,,,,,,,,
23,0.5968683816219,0.485069114278388,b4382,b4269,b0493,b3588,b3003,b3011,b1241,b0351,b4384,b0871,b0030,b2407,b3236,b1982,b3616,b3589,b0261,b2406,b0114,b0529,b2492,b0904,b3662,,,,,
28,0.632799862735943,0.0725739600442132,b3399,b2744,b3708,b3008,b0871,b2925,b2097,b0160,b1779,b2690,b1982,b2797,b3117,b1814,b4471,b4374,b0675,b2361,b2291,b0261,b3945,b0452,b0114,b2366,b2492,b0904,b1533,b3927
