Deletion size,Max growth rate,Min production rate,Deleted genes,,,,
3,0.847042920996254,0.501285082903048,b0008,b2464,b2029,,
5,0.847042920996145,0.501285082906089,b0008,b2464,b1852,b3437,b4268
