Deletion size,Max growth rate,Min production rate,Deleted genes,,,,,,,,,,,,,,,,,,,,,,,,,,
22,0.566705713325434,0.299302788963941,b1855,b3831,b1278,b3614,b0910,b3752,b4152,b2781,b1612,b1611,b4122,b1759,b1701,b1805,b4138,b4123,b0621,b4381,b2406,b2197,b3918,b1206,,,,,
23,0.566705713325434,0.299302788963881,b1054,b2744,b3614,b0910,b4152,b2781,b1612,b1611,b4122,b1759,b4374,b0675,b4138,b4123,b0621,b4381,b2406,b2197,b3821,b3918,b0789,b1249,b1206,,,,
24,0.56670463608671,0.299302220025737,b1855,b4382,b4384,b2744,b3614,b0910,b4152,b2781,b1612,b1611,b4122,b1759,b4374,b0675,b4138,b4123,b0621,b2406,b2197,b3821,b3918,b0789,b1249,b1206,,,
24,0.565925149012523,0.298890537825088,b0474,b2518,b3831,b2744,b3752,b4152,b2781,b1612,b1611,b4122,b1759,b4374,b4161,b2361,b2291,b0411,b4138,b4123,b0621,b2197,b3821,b3918,b4042,b1206,,,
25,0.56592514901263,0.298890537825197,b4382,b0474,b2518,b3831,b4384,b4152,b2781,b0030,b1612,b1611,b4122,b0651,b2162,b1759,b4161,b1701,b1805,b4138,b4123,b0621,b2406,b2197,b3918,b4042,b1206,,
27,0.566705713325434,0.29930278896388,b1054,b3831,b2744,b1278,b3614,b0910,b4152,b2781,b0030,b1612,b1611,b4122,b0651,b2162,b1759,b4374,b2361,b2291,b1701,b1805,b4138,b4123,b0621,b2406,b2197,b3918,b1206
