Deletion size,Max growth rate,Min production rate,Deleted genes,,,,,,,
6,0.8550206029379,0.154761294192059,b2066,b3831,b0910,b3752,b0337,b0411,,
8,0.85502060293789,0.154761294193734,b2066,b3831,b0910,b0030,b0651,b2162,b0337,b0411
3,0.855020602937903,0.154761294190515,b0910,b2143,b0337,,,,,
