Deletion size,Max growth rate,Min production rate,Deleted genes,,,,,,,,,,,,,,,,,,,,,,,,,,,,,,,,,,,,,,,,,,,,,,,,,,
37,0.751453825021568,0.103491122526457,b4384,b3708,b3008,b0871,b0030,b2407,b1238,b1982,b2797,b3117,b1814,b4471,b0261,b0507,b3709,b4381,b2406,b3161,b0112,b2975,b0114,b3603,b0886,b1539,b2492,b0904,b3035,b2578,b1533,b3927,b2835,b1473,b0494,b1600,b4141,b1798,b3662,,,,,,,,,,,,,,
39,0.394448280331701,0.579848438847864,b3553,b3399,b4382,b1241,b0351,b4069,b2502,b2744,b3708,b2297,b2458,b3617,b1982,b2797,b3117,b1814,b4471,b1033,b0595,b0675,b2361,b4014,b0261,b2976,b0507,b3709,b4381,b2406,b3161,b0112,b0114,b2366,b2492,b0904,b1533,b3821,b1473,b4141,b1798,,,,,,,,,,,,
41,0.39333295333873,0.335185903711549,b2836,b3553,b3399,b1241,b0351,b4069,b2502,b2744,b3708,b3115,b1849,b2296,b3617,b1982,b2797,b3117,b1814,b4471,b1033,b4374,b0675,b2361,b2291,b4014,b0261,b2976,b3709,b3161,b0112,b0114,b0509,b3125,b2366,b2492,b0904,b3035,b1533,b1473,b4141,b1798,b4209,,,,,,,,,,
43,0.390292352419115,0.583606632927576,b1241,b0351,b4069,b4384,b2744,b3708,b3752,b2297,b2458,b2407,b3844,b0583,b1982,b2797,b3117,b1814,b4471,b3616,b3589,b4374,b2361,b2291,b4014,b0261,b2976,b0411,b0507,b3709,b3161,b0112,b3915,b0452,b2975,b0114,b3603,b1539,b2492,b0904,b1533,b1473,b4141,b1798,b3662,,,,,,,,
44,0.387965918637708,0.58045509274892,b3553,b1241,b0351,b4069,b4384,b2744,b3708,b3115,b1849,b2296,b0030,b2407,b3844,b3236,b1982,b2797,b3117,b1814,b4471,b3616,b3589,b3449,b1033,b4374,b2361,b2291,b0261,b0411,b0507,b3709,b3161,b0112,b0452,b2868,b0114,b1539,b2492,b0904,b1533,b1473,b0594,b4141,b1798,b3662,,,,,,,
51,0.295902838701291,0.27728224513868,b2836,b0474,b2518,b1241,b0351,b4069,b4384,b2744,b3708,b2297,b2458,b2779,b2926,b2781,b3617,b0030,b2407,b3844,b1759,b1982,b2797,b3117,b1814,b4471,b4374,b4161,b0675,b0261,b3709,b2913,b4381,b2406,b3161,b0112,b2789,b3127,b2975,b0114,b3603,b2366,b2492,b0904,b0591,b1533,b3918,b1912,b1473,b4141,b1798,b3662,b2285
