Deletion size,Max growth rate,Min production rate,Deleted genes,,,,,,,,,,,,,,,,,,,,,,,,,,,,,,,,,
21,0.683747743022107,0.361117951741528,b3831,b3614,b0910,b3752,b4152,b2781,b1612,b1611,b4122,b1759,b1701,b1805,b4138,b4123,b0621,b4381,b2406,b2197,b3918,b4042,b1206,,,,,,,,,,,,,
23,0.616030066488936,0.650706398933831,b2836,b4382,b3831,b4384,b3614,b0910,b3752,b4152,b2781,b1612,b1611,b4122,b1759,b2342,b3845,b4138,b4123,b0621,b2406,b2197,b3918,b4042,b1206,,,,,,,,,,,
34,0.377974857944191,0.399190133149364,b2836,b2242,b3553,b3831,b3614,b0910,b3752,b2781,b1004,b3713,b1109,b0046,b1612,b1611,b4122,b2029,b1759,b2210,b1033,b1415,b4138,b4123,b0621,b4381,b2406,b2197,b3028,b3918,b1912,b1206,b2285,b3893,b1474,b4209
