Deletion size,Max growth rate,Min production rate,Deleted genes,,,,,,,,,,,,,,,,,,,,,,
21,0.542566741752352,0.286553911821792,b2836,b3831,b3614,b0910,b3752,b4152,b2781,b1612,b1611,b4122,b1759,b4138,b4123,b0621,b4381,b2406,b2197,b3918,b4042,b0494,b1206,,
22,0.541851215903088,0.286176010423198,b2836,b0474,b2518,b3831,b3752,b4152,b2781,b1612,b1611,b4122,b1759,b4161,b4138,b4123,b0621,b4381,b2406,b2197,b3918,b4042,b1206,b0221,
23,0.541851215903088,0.286176010423037,b0474,b2518,b3831,b3752,b4152,b2781,b1612,b1611,b4122,b1759,b4161,b2342,b3845,b4138,b4123,b0621,b4381,b2406,b0452,b2197,b3918,b4042,b1206
