Deletion size,Max growth rate,Min production rate,Deleted genes,,,,,,,,,,,,,,,,,,,,,,,,,,,,,,,,,,,,
23,0.589412710540535,0.311295376008346,b0474,b2518,b2744,b4152,b2781,b1612,b1611,b4122,b1759,b4374,b4161,b0675,b2361,b2291,b4138,b4123,b0621,b2197,b2835,b3918,b1912,b0494,b1206,,,,,,,,,,,,,,
26,0.579456413632344,0.306037007577542,b4382,b3846,b2341,b0474,b2518,b3831,b4384,b1278,b4152,b2781,b0030,b1612,b1611,b4122,b0651,b2162,b1759,b4161,b4138,b4123,b0621,b2406,b0452,b2197,b3918,b1206,,,,,,,,,,,
37,0.469734713755153,0.24808804039568,b2836,b2242,b3553,b4382,b0474,b2518,b3831,b4384,b1278,b2781,b0030,b1004,b3713,b1109,b0046,b1612,b1611,b4122,b0651,b2162,b1759,b2210,b1033,b4161,b1415,b4138,b4123,b0621,b2406,b2492,b0904,b2197,b3028,b3918,b1206,b0221,b2285
