Deletion size,Max growth rate,Min production rate,Deleted genes,,,,,,,,,,,,,,,,,,,,,,,,,,,,,,,,,,,
20,0.718671904743476,0.379562973235958,b3831,b3614,b0910,b3752,b4152,b2781,b1612,b1611,b4122,b1759,b2440,b4138,b4123,b0621,b4381,b2239,b2406,b3918,b1912,b1206,,,,,,,,,,,,,,,,
21,0.718671904743366,0.379562973090364,b2744,b3614,b0910,b4152,b2781,b1612,b1611,b4122,b1759,b3449,b4374,b0675,b2361,b2291,b4138,b4123,b0621,b2239,b3918,b1912,b1206,,,,,,,,,,,,,,,
21,0.71867190474336,0.379562973097716,b2744,b3614,b0910,b4152,b2781,b1612,b1611,b4122,b1759,b2440,b4374,b0675,b2361,b2291,b4138,b4123,b0621,b2239,b3918,b1912,b1206,,,,,,,,,,,,,,,
23,0.717417047083975,0.378900226306264,b4382,b0474,b2518,b3831,b4384,b1278,b3752,b4152,b2781,b1612,b1611,b4122,b1759,b3449,b4161,b4138,b4123,b0621,b2239,b2406,b3918,b0418,b1206,,,,,,,,,,,,,
36,0.553686694828264,0.292426859440061,b4467,b2242,b0474,b2518,b3831,b1278,b3752,b2781,b1004,b3713,b1109,b0046,b1612,b1611,b4122,b1759,b2210,b4161,b4138,b4123,b0621,b4381,b2239,b2406,b3453,b0306,b3605,b2197,b2835,b3028,b3918,b0418,b1206,b2285,b3893,b1474
