Deletion size,Max growth rate,Min production rate,Deleted genes,,,,,,,,,,,,,,,,,,,,,,,,,,,
18,0.668770243346602,1.06995514632107,b4269,b0493,b3588,b3003,b3011,b1241,b0351,b2744,b0871,b3616,b3589,b4381,b2868,b0114,b0529,b2492,b0904,b1517,,,,,,,,,,
19,0.662120059697806,0.973775999087781,b1241,b0351,b4069,b2744,b3708,b2297,b2458,b3617,b2797,b3117,b1814,b4471,b4381,b2868,b0114,b2366,b2492,b0904,b1518,,,,,,,,,
20,0.649341207720469,1.24531728229295,b4382,b1241,b0351,b4069,b4384,b3115,b1849,b2296,b3617,b0030,b2407,b3654,b2868,b3714,b3664,b0114,b0529,b2492,b0904,b1518,,,,,,,,
20,0.649341207720625,1.24531728229614,b4382,b1241,b0351,b4069,b4384,b2744,b3115,b1849,b2296,b3617,b2407,b3654,b2868,b3714,b3664,b0114,b0529,b2492,b0904,b1517,,,,,,,,
26,0.505740661500853,0.0815352059423529,b3553,b4382,b0238,b0125,b4384,b0871,b1004,b3713,b1109,b0046,b2883,b0477,b2210,b1033,b1602,b2913,b2868,b0114,b0755,b3612,b0529,b2492,b0904,b1380,b1511,b2285,,
28,0.506052183543248,0.201346693314908,b3553,b4069,b3708,b2297,b2458,b1004,b3713,b1109,b0046,b3236,b2797,b3117,b1814,b4471,b1033,b0261,b1602,b2913,b4381,b1727,b0114,b0529,b1539,b2492,b0904,b1380,b0515,b2285
