Deletion size,Max growth rate,Min production rate,Deleted genes,,,,,,,,,,,,,,,,,,,,,,,,,,,,,,
26,0.502958205508654,0.132649945647854,b4467,b2836,b1241,b0351,b3926,b0871,b2779,b1004,b3713,b1109,b0046,b3236,b0261,b3945,b1602,b4381,b3915,b0529,b2492,b0904,b1380,b2660,b0606,b2285,b1007,b4209,,,,,
27,0.489242264378719,1.20965311898383,b3553,b1241,b0351,b3926,b2930,b4232,b3697,b3925,b0871,b2926,b1004,b3713,b1109,b0046,b3236,b2690,b1033,b3945,b1602,b2913,b4381,b2492,b0904,b1380,b0606,b2285,b4209,,,,
31,0.441840681723435,0.544174518371714,b4467,b3942,b1732,b1241,b0351,b3926,b2925,b2097,b3844,b1004,b3713,b1109,b0046,b1779,b2690,b2463,b2210,b3551,b3945,b1602,b4219,b1832,b1778,b1539,b1380,b1710,b2480,b0606,b2285,b3893,b1474
