Deletion size,Max growth rate,Min production rate,Deleted genes,,,,,,,,,,,,,,,,,,,,,,,
21,0.570749914108808,0.301438713387372,b1054,b3831,b1278,b3614,b0910,b3752,b4152,b2781,b1612,b1611,b4122,b1759,b4138,b4123,b0621,b4381,b2406,b2197,b3821,b3918,b1206,,,
23,0.569958177092382,0.301020561440414,b1054,b0474,b2518,b2744,b1278,b4152,b2781,b1612,b1611,b4122,b1759,b4374,b4161,b0675,b2361,b2291,b4138,b4123,b0621,b2197,b3821,b3918,b1206,
24,0.559754730257654,0.295631662011432,b1855,b2744,b3614,b0910,b4152,b2781,b1612,b1611,b4122,b1759,b4374,b0675,b2361,b2291,b4138,b4123,b0621,b0452,b2197,b3918,b0789,b1249,b1206,b0221
