Deletion size,Max growth rate,Min production rate,Deleted genes,,,,,,,,,,,,,,,,,,,,,
18,0.585741633335885,1.12295076503093,b1241,b0351,b4069,b4384,b2744,b3752,b2297,b2458,b3617,b2407,b1982,b3665,b4381,b0114,b0529,b2492,b0904,b1518,,,,
20,0.585752819477354,1.10764540220244,b1241,b0351,b4069,b4384,b2744,b3752,b2297,b2458,b3617,b2883,b1982,b4381,b2868,b4064,b4464,b0114,b0529,b2492,b0904,b1518,,
22,0.58571919308508,1.12330193281663,b1241,b0351,b4069,b4384,b2744,b3115,b1849,b2296,b3617,b2407,b4381,b3654,b2868,b3714,b3664,b4064,b4464,b0114,b0529,b2492,b0904,b1518
