Deletion size,Max growth rate,Min production rate,Deleted genes,,,,,,,,,,,,,,,,,,,,,,
23,0.801116165266694,0.272659486239237,b3399,b4069,b2744,b3708,b2297,b2458,b0160,b2797,b3117,b1814,b4471,b4374,b2361,b2291,b1701,b1805,b0114,b2366,b2492,b0904,b1533,b0516,b1517
16,0.780551916437459,0.49287365354017,b3708,b3008,b0871,b2797,b3117,b1814,b4471,b2440,b4381,b0114,b2366,b2492,b0904,b1533,b0516,b1518,,,,,,,
17,0.78054578447297,0.496652696667534,b4069,b3708,b0512,b2297,b2458,b2797,b3117,b1814,b4471,b4381,b0114,b2366,b2492,b0904,b1533,b3821,b1518,,,,,,
