Deletion size,Max growth rate,Min production rate,Deleted genes,,,,,,,,,,,,,,,,,,,,,,,,
24,0.59094809446682,0.312106281351454,b0474,b2518,b2744,b4152,b2781,b1612,b1611,b4122,b1759,b4374,b4161,b0675,b4138,b4123,b0621,b4381,b2406,b3915,b0452,b2197,b3918,b4042,b1206,b4209,
22,0.580316264721325,0.305918651636007,b2744,b3614,b0910,b4152,b2781,b1612,b1611,b4122,b1759,b3449,b4374,b0675,b4138,b4123,b0621,b4381,b2406,b2197,b3918,b1912,b0494,b1206,,,
25,0.580120058244529,0.30638750816126,b2836,b0474,b2518,b3831,b2744,b1278,b3752,b4152,b2781,b1612,b1611,b4122,b1759,b4374,b4161,b2361,b2291,b0411,b4138,b4123,b0621,b2197,b3918,b1206,b0221
