Deletion size,Max growth rate,Min production rate,Deleted genes,,,,,,,,,,,,,,,,,,,,,,,,,,,,,,,,,,,,,,,,
20,0.668755661778282,0.0174986606439973,b4269,b0493,b3588,b3003,b3011,b1241,b0351,b2744,b0871,b2883,b3616,b3589,b0411,b4381,b2868,b0114,b0529,b2492,b0904,b1517,,,,,,,,,,,,,,,,,,,,,
22,0.567235048679779,1.08734392574518,b3399,b1241,b0351,b4069,b2744,b2297,b2458,b3236,b2883,b1779,b3616,b3589,b2210,b0261,b0411,b4381,b0511,b0114,b0529,b2492,b0904,b0516,,,,,,,,,,,,,,,,,,,
22,0.794638855912982,0.173525689915322,b1478,b0469,b2066,b0238,b0125,b0474,b1241,b0871,b2925,b2097,b2883,b2690,b0477,b2498,b0675,b0411,b0822,b2868,b0114,b0529,b2492,b0904,,,,,,,,,,,,,,,,,,,
22,0.652421113914403,0.0170712508729641,b3399,b1241,b0351,b4069,b4384,b2744,b3115,b1849,b2296,b3617,b2883,b1982,b1623,b0411,b4381,b0511,b0114,b0529,b2492,b0904,b0516,b1517,,,,,,,,,,,,,,,,,,,
23,0.794654790932873,0.173880138770399,b0238,b0125,b3831,b2744,b2930,b4232,b3697,b3925,b0871,b2883,b2690,b0477,b2498,b2361,b2291,b0411,b3945,b0114,b0529,b2492,b0904,b2954,b0516,,,,,,,,,,,,,,,,,,
41,0.448194845291208,0.357364446276605,b3553,b1478,b3399,b1241,b4069,b4384,b2744,b3115,b1849,b2296,b0030,b3844,b1004,b3713,b1109,b0046,b3236,b2883,b1638,b1779,b0937,b1982,b4139,b1033,b1623,b0261,b0411,b2799,b3945,b1602,b0507,b2913,b4381,b0529,b2492,b0904,b2954,b3029,b1380,b2285,b1009
