Deletion size,Max growth rate,Min production rate,Deleted genes,,,,,,,,,,,,,,,,,,,,,,,,,,,,,
19,0.584968273075218,1.12107619369105,b3399,b1241,b0351,b4069,b2502,b2744,b2297,b2458,b3617,b1982,b4374,b0675,b2361,b2291,b0261,b0114,b0529,b2492,b0904,,,,,,,,,,,
20,0.584923202367989,1.1213817154045,b3399,b4382,b1241,b0351,b4069,b4384,b2744,b3752,b2297,b2458,b2407,b1982,b3616,b3589,b3665,b0114,b0529,b2492,b0904,b1518,,,,,,,,,,
30,0.406997691561449,0.0922820325255601,b3399,b2502,b2744,b3708,b3008,b0512,b0871,b2779,b2925,b2097,b2690,b1982,b2797,b3117,b1814,b4471,b0675,b2361,b2291,b3945,b4381,b0452,b0114,b2366,b2492,b0904,b1533,b3927,b1517,b2285
