Deletion size,Max growth rate,Min production rate,Deleted genes,,,,,,,,,,,,,,,,,,,,,,,,,,,,,,,,,,,,,,,,,,,,
26,0.549901611062575,0.649264707893724,b3399,b4382,b4269,b0493,b3588,b3003,b3011,b1241,b0351,b2502,b4384,b2744,b0871,b1982,b3616,b3589,b0675,b2361,b2291,b0261,b0507,b0112,b0114,b0529,b2492,b0904,,,,,,,,,,,,,,,,,,,
29,0.513529053642349,0.758121658054277,b3399,b4382,b0474,b2518,b1241,b0351,b4069,b2502,b4384,b2744,b3752,b2297,b2458,b2781,b0099,b3617,b2883,b1982,b1623,b0261,b0411,b0112,b2868,b0114,b0529,b2492,b0904,b2954,b3662,,,,,,,,,,,,,,,,
30,0.728681033745204,0.463001014114657,b4069,b4384,b2744,b3708,b3008,b3115,b1849,b2296,b0030,b2407,b1982,b2797,b3117,b1814,b4471,b4374,b2361,b2291,b0261,b0411,b0114,b0529,b1539,b2492,b0904,b1533,b3927,b2835,b0494,b3662,,,,,,,,,,,,,,,
39,0.350015145285766,1.10098734011342,b4467,b1478,b4382,b1241,b4069,b4384,b2297,b2458,b0030,b2407,b3844,b1004,b3713,b1109,b0046,b3236,b0207,b3012,b0937,b1982,b0261,b2799,b1602,b2913,b2406,b0755,b3612,b0529,b2492,b0904,b1781,b3001,b1380,b0325,b1771,b3662,b0606,b2285,b1007,,,,,,
40,0.350256163278246,1.09893274020678,b3553,b1478,b1241,b4069,b4384,b3752,b3115,b1849,b2296,b2407,b3844,b1004,b3713,b1109,b0046,b3236,b0207,b3012,b1982,b1033,b0261,b0411,b2799,b1602,b4381,b3915,b0755,b3612,b0529,b2492,b0904,b1781,b3001,b1380,b0325,b2660,b1771,b0606,b2285,b1010,,,,,
45,0.368931008647426,0.0207604857530773,b4467,b1478,b3942,b1732,b1241,b0351,b4384,b3752,b0871,b2779,b2925,b2097,b3844,b1004,b3713,b1109,b0046,b3236,b2690,b2463,b0937,b1982,b2210,b3551,b0261,b0411,b2799,b3945,b1602,b4219,b1832,b1778,b4381,b4064,b4464,b0529,b2492,b0904,b3927,b1380,b1710,b2480,b0606,b2285,b1011
