Deletion size,Max growth rate,Min production rate,Deleted genes,,,,,,,,,,,,,,,,,,,,,,
22,0.543926203061801,0.28727190451618,b2836,b2744,b3614,b0910,b4152,b2781,b1612,b1611,b4122,b1759,b4374,b0675,b2361,b2291,b4138,b4123,b0621,b2197,b3918,b4042,b0494,b1206,
23,0.555173702810216,0.293212215270637,b0474,b2518,b2744,b4152,b2781,b1612,b1611,b4122,b1759,b4374,b4161,b0675,b4138,b4123,b0621,b4381,b2406,b2197,b2835,b3918,b4042,b0494,b1206
23,0.555173702810105,0.293212215270801,b4382,b0474,b2518,b3831,b4384,b3752,b4152,b2781,b1612,b1611,b4122,b1759,b4161,b4138,b4123,b0621,b2406,b2197,b2835,b3918,b4042,b0494,b1206
