Deletion size,Max growth rate,Min production rate,Deleted genes,,,,,,,,,,,,,,,,,,,,,,,,
23,0.573118607603795,0.302689727012669,b0474,b2518,b3831,b3752,b4152,b2781,b1612,b1611,b4122,b1759,b4161,b2342,b3845,b4138,b4123,b0621,b4381,b2406,b0452,b2197,b3918,b4042,b1206,,
25,0.573118607603846,0.302689727012583,b2836,b0474,b2518,b3831,b4152,b2781,b0030,b1612,b1611,b4122,b0651,b2162,b1759,b4161,b4138,b4123,b0621,b4381,b2406,b2197,b3918,b0789,b1249,b1206,b0221
25,0.573158261061731,0.302618276676798,b4382,b0474,b2518,b3831,b4384,b3752,b4152,b2781,b3844,b1612,b1611,b4122,b1759,b4161,b4138,b4123,b0621,b0153,b2406,b0452,b3035,b2197,b3918,b4042,b1206
