Deletion size,Max growth rate,Min production rate,Deleted genes,,,,,,,,,,,,,,,,,,,,,,,,,,,,,,,,,,,,,,,,,,,
19,0.731015754689959,0.38602339589206,b2836,b3831,b3614,b0910,b3752,b4152,b2781,b1612,b1611,b4122,b1759,b4138,b4123,b0621,b4381,b2406,b3918,b4042,b1206,,,,,,,,,,,,,,,,,,,,,,,,,
44,0.387077121434821,0.834274093677928,b4467,b2242,b0469,b4269,b0493,b3588,b3003,b3011,b0474,b2518,b1241,b0351,b2744,b0871,b2781,b3617,b1004,b3713,b1109,b0046,b3236,b1612,b1611,b4122,b1759,b4374,b4161,b0675,b1415,b4138,b4123,b0621,b4381,b2406,b0452,b0114,b0529,b2492,b0904,b3028,b3918,b1912,b1206,b2285
