Deletion size,Max growth rate,Min production rate,Deleted genes,,,,,,,,,,,,,,,,,,,,,,,
22,0.566917136621038,0.299414451120068,b1855,b3831,b1278,b3614,b0910,b3752,b4152,b2781,b1612,b1611,b4122,b1759,b1701,b1805,b4138,b4123,b0621,b4381,b2406,b2197,b3918,b1206,,
22,0.566135990184114,0.299001892535797,b1054,b0474,b2518,b3831,b1278,b3752,b4152,b2781,b1612,b1611,b4122,b1759,b4161,b4138,b4123,b0621,b4381,b2406,b2197,b3821,b3918,b1206,,
24,0.566917136621038,0.29941445111981,b1855,b3831,b2744,b1278,b3614,b0910,b3752,b4152,b2781,b1612,b1611,b4122,b1759,b4374,b2361,b2291,b4138,b4123,b0621,b2406,b2197,b3821,b3918,b1206
