Deletion size,Max growth rate,Min production rate,Deleted genes,,,,,,,
8,0.799896958263848,0.473383819280338,b0008,b0767,b2464,b1907,b0112,b0837,b0124,b1473
8,0.799896958264538,0.473383819221696,b0008,b0767,b2464,b1907,b0112,b3437,b4268,b1473
