Deletion size,Max growth rate,Min production rate,Deleted genes,,,,,,,,,,,,,,,,,,,,,,,,,,
22,0.562656378188356,0.297164152858539,b2744,b3614,b0910,b4152,b2781,b1612,b1611,b4122,b1759,b4374,b0675,b4138,b4123,b0621,b4381,b2406,b0452,b2197,b3918,b4042,b1206,b0221,,,,,
27,0.561886921327425,0.296757768064747,b4382,b0474,b2518,b3831,b4384,b1278,b4152,b2781,b0030,b3844,b1612,b1611,b4122,b0651,b2162,b1759,b4161,b4138,b4123,b0621,b2406,b3915,b0452,b2197,b3918,b1206,b3546
23,0.56226920464354,0.295965970721463,b1054,b2836,b0474,b2518,b3831,b1278,b3752,b4152,b2781,b1612,b1611,b4122,b1759,b4161,b4138,b4123,b0621,b4381,b2406,b2197,b3918,b1206,b0221,,,,
