Deletion size,Max growth rate,Min production rate,Deleted genes,,,,,,,,,
10,0.794370180048776,0.470113038764239,b0008,b0767,b2464,b1907,b0112,b0837,b0124,b3035,b1473,b0576
