Deletion size,Max growth rate,Min production rate,Deleted genes,,,,,,,,,,,,,,,,,,,,,,,,,
21,0.682083538545993,0.360239010468201,b3831,b1278,b3614,b0910,b3752,b4152,b2781,b1612,b1611,b4122,b1759,b4138,b4123,b0621,b4381,b2406,b0755,b3612,b3821,b3918,b1206,,,,,
23,0.711704941103728,0.375883406119235,b4382,b0474,b2518,b3831,b4384,b3752,b4152,b2781,b1612,b1611,b4122,b1759,b4161,b4138,b4123,b0621,b2406,b2197,b3825,b3918,b1912,b0494,b1206,,,
26,0.696781602772059,0.368001719603592,b4382,b0474,b2518,b3831,b4384,b1278,b3752,b4152,b2925,b2097,b2781,b1850,b1612,b1611,b4122,b1759,b1200,b4161,b4138,b4123,b0621,b2406,b3825,b3918,b0494,b1206
