Deletion size,Max growth rate,Min production rate,Deleted genes,,,,,,,,,,,,,,,,,,,,,,,,,,,,,,,,,,,,
20,0.699716004414485,0.369495112039762,b2836,b3831,b1278,b3614,b0910,b3752,b4152,b2781,b1612,b1611,b4122,b1759,b4138,b4123,b0621,b4381,b2406,b2197,b3918,b1206,,,,,,,,,,,,,,,,,
22,0.698526317932144,0.368866880962749,b2836,b0474,b2518,b2744,b4152,b2781,b1612,b1611,b4122,b1759,b4374,b4161,b0675,b2361,b2291,b4138,b4123,b0621,b2197,b3918,b1912,b1206,,,,,,,,,,,,,,,
37,0.381034336604629,0.201241379708349,b1478,b0474,b2518,b1241,b0351,b3831,b1278,b3752,b4152,b2297,b2458,b2925,b2097,b2781,b3617,b1612,b1611,b4122,b1779,b2690,b1759,b4161,b0675,b0411,b0822,b4388,b4138,b4123,b0621,b4381,b0529,b2197,b3821,b3918,b1206,b2285,b1378
