Deletion size,Max growth rate,Min production rate,Deleted genes,,,,,,,,,,,,,,,,,,,,,,,,
24,0.788854363022056,0.181421778212987,b3553,b3399,b1241,b0351,b4069,b2744,b2297,b2458,b3617,b0160,b1982,b1033,b4374,b0675,b2361,b2291,b0261,b0112,b0114,b0509,b3125,b0529,b2492,b0904,
25,0.4643235334409,1.7797274945316,b3399,b4382,b4384,b2744,b3708,b3008,b0871,b2407,b1982,b2797,b3117,b1814,b4471,b0675,b2361,b2239,b3453,b0114,b2366,b2492,b0904,b1533,b3927,b2835,b1518
21,0.788815977643917,0.181530746812001,b4384,b3708,b3008,b3752,b0871,b2407,b1982,b2797,b3117,b1814,b4471,b2440,b0261,b4381,b0114,b2366,b2492,b0904,b1533,b3927,b2240,,,,
