Deletion size,Max growth rate,Min production rate,Deleted genes,,,,,,,,,,,,,,,,,,,,,,,
24,0.576466223263803,0.303608762863792,b2836,b2744,b3614,b0910,b4152,b2781,b3844,b1612,b1611,b4122,b1759,b4374,b0675,b2361,b2291,b4138,b4123,b0621,b3915,b2197,b3918,b4042,b1695,b1206
21,0.586161117913401,0.309578063620574,b2744,b1278,b3614,b0910,b4152,b2781,b1612,b1611,b4122,b1759,b4374,b0675,b2361,b2291,b4138,b4123,b0621,b2197,b3821,b3918,b1206,,,
