Deletion size,Max growth rate,Min production rate,Deleted genes,,,,,,,,,,,,,,,,,
18,0.802306368091315,0.836638662254398,b3942,b1732,b1479,b3236,b2463,b2210,b3551,b4138,b4123,b0621,b4219,b1832,b1778,b1710,b2480,b1206,b0606,b4209
18,0.802456694533735,0.833662630357753,b3942,b1732,b1479,b3844,b3236,b2463,b2210,b3551,b4138,b4123,b0621,b4219,b1832,b1778,b1710,b2480,b1206,b0606
