Deletion size,Max growth rate,Min production rate,Deleted genes,,,,,,,,,,,,,,,,,,,,,,,,,,,,,,,,,,,,,
27,0.555194812556176,0.553784617733838,b2836,b3399,b1241,b0351,b4069,b2744,b3708,b2297,b2458,b3617,b0160,b1982,b2797,b3117,b1814,b4471,b4374,b0675,b2361,b2291,b0261,b0112,b0114,b2366,b2492,b0904,b1533,,,,,,,,,,,
27,0.73900272229951,0.187823749498758,b3399,b4069,b2744,b3708,b3008,b3115,b1849,b2296,b0160,b1982,b2797,b3117,b1814,b4471,b4374,b0675,b2361,b2291,b0261,b0114,b2366,b2492,b0904,b1533,b3927,b3825,b0494,,,,,,,,,,,
27,0.734413208689337,0.186621769832969,b4382,b4069,b4384,b3708,b3008,b3115,b1849,b2296,b0030,b2407,b1982,b2797,b3117,b1814,b4471,b0261,b2406,b0452,b0114,b2366,b2492,b0904,b1533,b3927,b3825,b3662,b4209,,,,,,,,,,,
27,0.75598768093321,0.183487886805162,b4382,b4384,b3708,b3008,b0871,b0030,b2407,b2920,b1982,b2797,b3117,b1814,b4471,b0261,b1701,b1805,b2406,b0114,b0728,b0886,b2366,b2492,b0904,b2578,b1533,b3927,b3662,,,,,,,,,,,
28,0.557700625864164,0.556284066274872,b3399,b1241,b0351,b4069,b2502,b2744,b3708,b2297,b2458,b3617,b1238,b1982,b2797,b3117,b1814,b4471,b0675,b2361,b0261,b4381,b2406,b0112,b0114,b2366,b2492,b0904,b1533,b3821,,,,,,,,,,
38,0.526628290882255,0.0604399001361152,b3399,b4382,b4384,b2744,b3708,b3008,b0871,b3115,b1849,b2296,b2926,b2407,b3962,b1982,b4139,b2797,b3117,b1814,b4471,b4267,b2440,b0675,b2361,b0261,b0822,b2799,b2239,b0114,b0886,b1539,b2492,b0904,b2578,b1533,b3927,b2413,b0508,b4266
