Deletion size,Max growth rate,Min production rate,Deleted genes,,,,,,,,,,,,,,,,,,,,,,,,,,,,,,,,,,,,,,,,,,,
21,0.492736225474534,0.944315918611597,b3399,b1241,b0351,b4069,b2502,b2744,b2297,b2458,b3617,b1982,b4374,b0675,b2361,b2291,b0261,b0507,b0112,b0114,b0529,b2492,b0904,,,,,,,,,,,,,,,,,,,,,,,
23,0.521216537192528,0.847175195830228,b4269,b0493,b3588,b3003,b3011,b1241,b0351,b4384,b0871,b3617,b0030,b2407,b1982,b0261,b0507,b4381,b2406,b0112,b0114,b0529,b2492,b0904,b3662,,,,,,,,,,,,,,,,,,,,,
44,0.494219590955012,0.0241225905180336,b3553,b3399,b4382,b4269,b0493,b3846,b3588,b3003,b3011,b2502,b4384,b2744,b0871,b2779,b2407,b1004,b3713,b1109,b0046,b3236,b1638,b1982,b4139,b1033,b0675,b2361,b0261,b2799,b3945,b1602,b0507,b2913,b3915,b1727,b0114,b0529,b2492,b0904,b2954,b3927,b3029,b1380,b2285,b1007
