Deletion size,Max growth rate,Min production rate,Deleted genes,,,,,,,,,,,,,,,,,,,,,,,,,,,,
22,0.528465086535064,0.520114457381066,b3399,b4382,b1241,b0351,b4069,b4384,b2744,b2297,b2458,b0160,b2407,b1982,b3616,b3589,b0675,b2361,b0261,b0112,b0114,b0529,b2492,b0904,,,,,,,
29,0.690549166990098,0.140436523548151,b3399,b2502,b2744,b3708,b3008,b0871,b1779,b1982,b2797,b3117,b1814,b4471,b0675,b2361,b0261,b4381,b2406,b2868,b0114,b0886,b2366,b2492,b0904,b2578,b1533,b3927,b3821,b4141,b1798
