Deletion size,Max growth rate,Min production rate,Deleted genes,,,,,,
3,0.843934076467623,0.499445250061389,b0008,b2464,b2029,,,,
5,0.843934076467623,0.499445250060712,b0008,b0767,b2464,b0837,b0124,,
7,0.84393407646763,0.49944525006073,b0008,b2464,b1852,b4265,b4321,b3415,b4476
