Deletion size,Max growth rate,Min production rate,Deleted genes,,,,,,,,,,,,,,,,,,,,,,
21,0.638096259908108,0.337007349188873,b3831,b1278,b3614,b0910,b3752,b4152,b2781,b1612,b1611,b4122,b1759,b4138,b4123,b0621,b4381,b2406,b2197,b3825,b3918,b0494,b1206,,
23,0.638094894164987,0.337006627878435,b4382,b3831,b4384,b3614,b0910,b3752,b4152,b2781,b1612,b1611,b4122,b1759,b3449,b4138,b4123,b0621,b2406,b2197,b3918,b0789,b1249,b0494,b1206
23,0.637106817414688,0.336484780083386,b0474,b2518,b2744,b4152,b2781,b1612,b1611,b4122,b1759,b4374,b4161,b0675,b2361,b2291,b4138,b4123,b0621,b2197,b3825,b3918,b4042,b0494,b1206
