Deletion size,Max growth rate,Min production rate,Deleted genes,,,,,,,,,,,,,,,,,,,,,,,,,,,,,,,,,,,
17,0.637163626568859,0.81435607007677,b1241,b0351,b4069,b4384,b3752,b2297,b2458,b2407,b1982,b3616,b3589,b4381,b0114,b0529,b2492,b0904,b1517,,,,,,,,,,,,,,,,,,,
19,0.416514859194614,0.532283637073249,b1241,b0351,b4069,b4384,b2297,b2458,b0030,b2407,b1779,b3616,b3589,b0261,b4381,b2868,b0114,b0529,b2492,b0904,b2285,,,,,,,,,,,,,,,,,
20,0.412677726156873,0.520242863190998,b3399,b1241,b0351,b4069,b2744,b2297,b2458,b2926,b3236,b3616,b3589,b2210,b4381,b0114,b0529,b2492,b0904,b0515,b1511,b2285,,,,,,,,,,,,,,,,
22,0.763081072429695,0.049130173918991,b4069,b4384,b3708,b3115,b1849,b2296,b0030,b2407,b1982,b2797,b3117,b1814,b4471,b2440,b4381,b0114,b2366,b2492,b0904,b1533,b3927,b1517,,,,,,,,,,,,,,
29,0.489035413115026,0.0590892686909278,b4467,b4069,b4384,b3752,b3926,b3115,b1849,b2296,b2407,b1004,b3713,b1109,b0046,b3236,b1638,b1779,b1982,b4139,b1602,b2913,b4381,b0114,b0529,b2492,b0904,b3029,b1380,b1517,b2285,,,,,,,
36,0.485503171101146,0.0837968763249106,b3553,b4382,b4384,b3708,b3008,b0871,b3115,b1849,b2296,b0030,b2407,b1004,b3713,b1109,b0046,b3236,b1779,b1982,b2797,b3117,b1814,b4471,b1033,b1602,b2913,b0452,b1727,b0114,b0529,b1539,b2492,b0904,b3927,b1380,b1517,b2285
