Deletion size,Max growth rate,Min production rate,Deleted genes,,,
3,0.254015503348667,0.280376851262542,b1054,b2914,b4090,
3,0.254015503348886,0.280376851262905,b2914,b4090,b4042,
3,0.254015503348667,0.280376851263193,b2914,b4090,b3546,
4,0.251662924975561,0.277836246964849,b0907,b0529,b2914,b4090
4,0.250395506828437,0.276437015618199,b0910,b0907,b2914,b4090
4,0.242373432554936,0.267580633020909,b0907,b2914,b4090,b2285
4,0.242406082042555,0.267562621539262,b4388,b2914,b4090,b2285
4,0.242406082041884,0.267562621305676,b2913,b2914,b4090,b2285
