Deletion size,Max growth rate,Min production rate,Deleted genes,,,,,,,,,,,,,,,,,,,,,,,,,,,,,,,,,,,,,,,,,,,,,
22,0.508286836895702,1.9482365066193,b4382,b1241,b0351,b4069,b4384,b2744,b3752,b2297,b2458,b2407,b1982,b3616,b3589,b0261,b0411,b2913,b0112,b0114,b0529,b2492,b0904,b3662,,,,,,,,,,,,,,,,,,,,,,,,
46,0.490748594829092,1.8810133543056,b4467,b3399,b4269,b0493,b3588,b3003,b3011,b2744,b0871,b0160,b1004,b3713,b1109,b0046,b3236,b1779,b0207,b3012,b1982,b4374,b0675,b2361,b2291,b0261,b2799,b1602,b2913,b3915,b1727,b2975,b0114,b3603,b0529,b1539,b2492,b0904,b1781,b3001,b3927,b1380,b0325,b1771,b0606,b2285,b1008,b4209
20,0.483098589858756,0.232027240727536,b3399,b1241,b0351,b4069,b2502,b2744,b2297,b2458,b3617,b1982,b4374,b0675,b2361,b2291,b0261,b0112,b0114,b0529,b2492,b0904,,,,,,,,,,,,,,,,,,,,,,,,,,
