Deletion size,Max growth rate,Min production rate,Deleted genes,,,,,,,,,,,,,,,,,,,,,,,,,,,,,,,,,,,,,,,,,
22,0.44157565844667,1.69253609531548,b4382,b1241,b0351,b4069,b4384,b3752,b2297,b2458,b3617,b2407,b1982,b0261,b0507,b2406,b0112,b2975,b0114,b3603,b0529,b2492,b0904,b3662,,,,,,,,,,,,,,,,,,,,
24,0.456229786482887,1.7487045914097,b3553,b1241,b0351,b4069,b4384,b3752,b3115,b1849,b2296,b3617,b2407,b1982,b1033,b0261,b4381,b2406,b0112,b0114,b0509,b3125,b0529,b2492,b0904,b3662,,,,,,,,,,,,,,,,,,
42,0.447402324826621,0.277048371688476,b4467,b1478,b1241,b4069,b4384,b2744,b3115,b1849,b2296,b2779,b0030,b2407,b3844,b1004,b3713,b1109,b0046,b3236,b1638,b3908,b1656,b1982,b4139,b1623,b4374,b2361,b2291,b4015,b0261,b0411,b2799,b3945,b1602,b2913,b3915,b0529,b2492,b0904,b2954,b1380,b2285,b1007
