Deletion size,Max growth rate,Min production rate,Deleted genes,,,,,,,,,,,
7,0.555223221180283,6.18341851224299,b3916,b1851,b1200,b1852,b4381,b1723,b1518,,,,,
11,0.438414869884408,9.6184180188049,b4382,b0238,b0125,b4384,b2925,b2097,b1851,b2029,b0477,b1200,b1511,
12,0.547220234527885,6.19038405041279,b3916,b1241,b0351,b4069,b3115,b1849,b2296,b1851,b1200,b1852,b1723,b1518
