Deletion size,Max growth rate,Min production rate,Deleted genes,,,,,,,,,,,,,,,,,,,,,,
21,0.646237209705888,0.341306951121225,b3831,b3614,b0910,b3752,b4152,b2781,b1612,b1611,b4122,b1759,b4138,b4123,b0621,b4381,b2406,b2197,b2835,b3918,b4042,b0494,b1206,,
21,0.646237209705888,0.341306951120088,b3831,b3614,b0910,b3752,b4152,b2781,b1612,b1611,b4122,b1759,b2440,b4138,b4123,b0621,b4381,b2406,b2197,b3918,b1912,b0494,b1206,,
23,0.645222379256359,0.340770973492333,b0474,b2518,b3831,b1278,b3752,b4152,b2781,b1612,b1611,b4122,b1759,b2440,b4161,b4138,b4123,b0621,b4381,b2406,b2197,b3918,b0418,b0494,b1206
