Deletion size,Max growth rate,Min production rate,Deleted genes,,,,,,,,,,,,
11,0.527517857357186,0.312188233091379,b0008,b2464,b1852,b1907,b0112,b0591,b3437,b4268,b1473,b0576,b1336,,
11,0.52751785735737,0.312188233091227,b0008,b0767,b2464,b0583,b1907,b0112,b0837,b0124,b1473,b0576,b1338,,
13,0.527517857357399,0.312188233091202,b0008,b2464,b0595,b1852,b1907,b0112,b4265,b4321,b3415,b4476,b1473,b0576,b1338
