Deletion size,Max growth rate,Min production rate,Deleted genes,,,
3,0.25461505123119,0.281038619325484,b2914,b4090,b4042,
4,0.250978186433753,0.277080294291019,b0910,b0907,b2914,b4090
