Deletion size,Max growth rate,Min production rate,Deleted genes,,,,,,,,,,,,,,,,,,,,,,,,,,,,,,,,,,,,,,,
27,0.311608282413888,1.19437803125492,b3399,b1241,b0351,b4069,b2744,b3115,b1849,b2296,b0160,b1982,b3616,b3589,b4374,b0675,b2361,b2291,b4014,b0261,b2976,b0507,b0112,b2975,b0114,b3603,b0529,b2492,b0904,,,,,,,,,,,,,
33,0.288737342462853,0.938616092118358,b4269,b0493,b3588,b3003,b3011,b1241,b0351,b4384,b0871,b3617,b0030,b2407,b3124,b1779,b1982,b4014,b0261,b2976,b2913,b4381,b2406,b0112,b2789,b3127,b2975,b0114,b3603,b0755,b3612,b0529,b2492,b0904,b3662,,,,,,,
40,0.669970449170242,0.153781890370425,b3553,b4384,b3708,b3008,b3752,b0871,b2779,b2407,b1238,b1779,b1982,b2797,b3117,b1814,b4471,b3449,b1033,b0261,b3709,b4381,b2406,b3161,b0112,b2789,b3127,b0114,b0886,b1539,b2492,b0904,b2578,b1533,b3927,b1473,b0494,b0594,b1600,b4141,b1798,b3662
