Deletion size,Max growth rate,Min production rate,Deleted genes,,,,
5,0.65532503683147,0.647670185075169,b3114,b3952,b0903,b0529,b1985
