Deletion size,Max growth rate,Min production rate,Deleted genes,,,,,,,,,,,,,,,,,
11,0.825156445514668,0.00115645702818429,b0871,b2925,b2097,b2690,b1302,b2662,b0726,b3945,b0114,b2492,b0904,,,,,,,
14,0.442984344497518,4.10880701852234,b0871,b2779,b2925,b2097,b0517,b3946,b0825,b4381,b0114,b0529,b2492,b0904,b1813,b2285,,,,
14,0.531737941310225,3.34557563655465,b2930,b4232,b3697,b3925,b0871,b2690,b0726,b3945,b4381,b0114,b0529,b2492,b0904,b2285,,,,
16,0.672059968000865,1.19795465638248,b0871,b2297,b2458,b2925,b2097,b2926,b0907,b2690,b1525,b4015,b2661,b0726,b3945,b0114,b3893,b1474,,
18,0.672070710205375,1.197664092601,b0871,b2297,b2458,b2925,b2097,b1779,b2690,b1493,b3517,b4015,b0726,b3945,b4388,b1444,b0114,b1301,b3893,b1474
18,0.556152126990892,0.496053860749829,b3942,b1732,b2066,b4384,b2930,b4232,b3697,b3925,b0871,b2407,b3236,b2690,b2210,b3945,b0114,b2492,b0904,b2285
