Deletion size,Max growth rate,Min production rate,Deleted genes,,,,,,,,,,,,,,,,,,,,,,,,,,,
19,0.662120059697806,0.974221605862113,b1241,b0351,b4069,b2744,b3708,b2297,b2458,b3617,b2797,b3117,b1814,b4471,b4381,b2868,b0114,b2366,b2492,b0904,b1518,,,,,,,,,
26,0.505740661500853,0.0815352060056584,b3553,b4382,b0238,b0125,b4384,b0871,b1004,b3713,b1109,b0046,b2883,b0477,b2210,b1033,b1602,b2913,b2868,b0114,b0755,b3612,b0529,b2492,b0904,b1380,b1511,b2285,,
28,0.506052183543248,0.214928627869619,b3553,b4069,b3708,b2297,b2458,b1004,b3713,b1109,b0046,b3236,b2797,b3117,b1814,b4471,b1033,b0261,b1602,b2913,b4381,b1727,b0114,b0529,b1539,b2492,b0904,b1380,b0515,b2285
