Deletion size,Max growth rate,Min production rate,Deleted genes,,,,,,,,,,,,,,,,,,,,,,,,,,,,,,,,,,,,
37,0.474060362041765,0.125028442862595,b4467,b3399,b4269,b0493,b3588,b3003,b3011,b1241,b0351,b2502,b2744,b0871,b1004,b3713,b1109,b0046,b3236,b4374,b2361,b2291,b0261,b3945,b1602,b3915,b0452,b1727,b0755,b3612,b0529,b2492,b0904,b1380,b2660,b0606,b2285,b1011,b4209
30,0.437741808182076,1.20963866087997,b4467,b1241,b0351,b2930,b4232,b3697,b3925,b0871,b2926,b3617,b1004,b3713,b1109,b0046,b3236,b2690,b1493,b3517,b4015,b3945,b1602,b2913,b1727,b1380,b0606,b0221,b2285,b3893,b1474,b4209,,,,,,,
