Deletion size,Max growth rate,Min production rate,Deleted genes,,,,,,,,,,,,,,,,,,,,,,,
21,0.556882856674962,0.294114896333977,b2836,b3831,b3614,b0910,b3752,b4152,b2781,b1612,b1611,b4122,b1759,b4138,b4123,b0621,b4381,b2406,b2197,b3918,b4042,b1206,b0221,,,
24,0.567764409692728,0.299861934157373,b3831,b2744,b1278,b3614,b0910,b3752,b4152,b2781,b1612,b1611,b4122,b1759,b4374,b2361,b2291,b0411,b4138,b4123,b0621,b2197,b3821,b3918,b1206,b3546
24,0.556129099298818,0.293716803149062,b0474,b2518,b3831,b4152,b2781,b0030,b1612,b1611,b4122,b0651,b2162,b1759,b4161,b4138,b4123,b0621,b4381,b2406,b0452,b2197,b3918,b4042,b1206,b0221
