Deletion size,Max growth rate,Min production rate,Deleted genes,,,,,,,,,,,,,,,,,,,,,,,,,,,,,,,,,,
31,0.504101017856693,0.503271939715887,b3399,b1241,b0351,b4069,b2502,b4384,b2744,b3708,b2297,b2458,b3617,b2797,b3117,b1814,b4471,b3665,b4374,b0675,b2361,b2291,b0112,b3654,b3714,b3664,b0114,b1539,b2492,b0904,b1533,b3821,b1511,,,,
33,0.502174955098107,0.500885938944954,b3553,b3399,b1241,b0351,b4069,b2744,b3708,b3115,b1849,b2296,b3617,b0160,b1982,b2797,b3117,b1814,b4471,b1033,b4374,b0675,b2361,b2291,b0261,b0112,b0452,b0114,b0509,b3125,b2366,b2492,b0904,b1533,b2835,,
35,0.504101870237041,0.503272790694506,b3399,b1241,b0351,b4069,b2744,b3708,b2297,b2458,b3617,b0160,b2883,b2797,b3117,b1814,b4471,b4374,b2361,b2291,b0411,b0112,b3654,b2868,b3714,b3664,b4064,b4464,b0114,b1539,b2492,b0904,b1533,b2835,b0494,b1511,b3662
