Deletion size,Max growth rate,Min production rate,Deleted genes,,,
3,0.254314923931413,0.280707345265006,b2914,b4090,b3546,
3,0.254314923931413,0.280707345264837,b1054,b2914,b4090,
4,0.251992405462406,0.27814379953547,b4388,b0529,b2914,b4090
