Deletion size,Max growth rate,Min production rate,Deleted genes,,,,,,,,,,,,,,,,,,,,,,,,,,,,,
21,0.742191048136942,0.391984491118999,b0474,b2518,b3831,b3752,b3926,b4152,b2781,b1612,b1611,b4122,b1779,b1759,b4161,b3945,b4138,b4123,b0621,b2913,b3918,b1206,b3924,,,,,,,,,
20,0.652940107055102,0.0813899637581407,b2836,b0474,b2518,b3831,b3752,b3926,b4152,b2781,b1612,b1611,b4122,b1759,b4161,b3945,b4138,b4123,b0621,b4381,b3918,b1206,,,,,,,,,,
30,0.578280351378126,0.305415876178066,b4467,b2242,b3831,b3614,b0910,b2781,b0030,b1004,b3713,b1109,b0046,b1612,b1611,b4122,b0651,b2162,b1759,b2210,b1415,b4138,b4123,b0621,b4381,b2492,b0904,b3028,b3918,b4042,b1206,b2285
