Deletion size,Max growth rate,Min production rate,Deleted genes,,,,,,,,,,,,,,,,,,,,,,,,,,,,,,,,,,,,
37,0.379903604497392,1.19500274389658,b4467,b1241,b0351,b4069,b4384,b2744,b3752,b2297,b2458,b2926,b1004,b3713,b1109,b0046,b3236,b2883,b1982,b3616,b3589,b0261,b0411,b1602,b4381,b2868,b1727,b4064,b4464,b0114,b0529,b2492,b0904,b1380,b2660,b3662,b0606,b2285,b4209
35,0.487281151835883,1.86837578582259,b3399,b4382,b3942,b1732,b1241,b0351,b4069,b4384,b2744,b1479,b2297,b2458,b3617,b0160,b2407,b3236,b0907,b2463,b1982,b2210,b0675,b2361,b3551,b4219,b1832,b1778,b0114,b0529,b2492,b0904,b1710,b2480,b1518,b0606,b4209,,
32,0.367314350043806,0.718389365356084,b4467,b1478,b1241,b4069,b4384,b2297,b2458,b2926,b0030,b2407,b3844,b1004,b3713,b1109,b0046,b3236,b0937,b1982,b0261,b0411,b2799,b3945,b1602,b4381,b0529,b2492,b0904,b1380,b2660,b0606,b2285,b1011,,,,,
