Deletion size,Max growth rate,Min production rate,Deleted genes,,,,
3,0.843050022278188,0.498922061491481,b0008,b2464,b2029,,
5,0.843050022278188,0.498922061491465,b0008,b2464,b1852,b3437,b4268
5,0.843050022278188,0.498922061491465,b0008,b0767,b2464,b3437,b4268
