Deletion size,Max growth rate,Min production rate,Deleted genes,,,,,,,,,,,,,,,,,,,,,,,,,,,,,,,,,,,,,,,,
38,0.464390116862507,0.363229618356672,b4467,b4069,b4384,b3752,b2297,b2458,b2407,b1004,b3713,b1109,b0046,b3236,b1779,b2799,b3945,b1602,b4381,b2406,b3915,b3654,b2868,b3714,b3664,b1727,b4064,b4464,b0114,b0529,b2492,b0904,b1380,b2660,b3662,b1517,b0606,b2285,b1010,b4209,,,
40,0.480807212096508,0.146672163279976,b4467,b2836,b3399,b0474,b2518,b2502,b2744,b3708,b3008,b0871,b1004,b3713,b1109,b0046,b1982,b2797,b3117,b1814,b4471,b2210,b0675,b2361,b0261,b1602,b4381,b2406,b0114,b0755,b3612,b0529,b1539,b2492,b0904,b2947,b2578,b1533,b3927,b1380,b1813,b2285,
41,0.352231105496448,0.244419328147025,b4467,b4069,b0871,b2297,b2458,b2779,b2925,b2097,b0030,b2407,b1004,b3713,b1109,b0046,b3236,b2883,b2690,b0261,b2799,b3945,b1602,b4381,b2406,b3654,b2868,b3714,b3664,b1727,b4064,b4464,b0114,b0529,b2492,b0904,b3927,b1380,b2660,b3662,b0606,b2285,b4209
