Deletion size,Max growth rate,Min production rate,Deleted genes,,,,,,,,,,
9,0.528210311561108,0.312598031642407,b0008,b2464,b2029,b1907,b0112,b3035,b1473,b0576,b1338,,
11,0.528210311560319,0.312598031643109,b0008,b2464,b0595,b1852,b1907,b0112,b3437,b4268,b1473,b0576,b1338
11,0.528210311561108,0.312598031642522,b0008,b0767,b2464,b0583,b1907,b0112,b3437,b4268,b1473,b0576,b1336
