Deletion size,Max growth rate,Min production rate,Deleted genes,,,,,,,,,,,,,,,,,,,,,,,,,,,,,,
21,0.502179464098971,0.962413635190094,b4382,b1241,b0351,b4069,b4384,b3752,b3115,b1849,b2296,b3617,b2407,b1982,b0261,b2406,b0112,b2868,b0114,b0529,b2492,b0904,b3662,,,,,,,,,,
22,0.521037146431191,0.511352802662989,b4382,b1241,b0351,b4069,b4384,b2744,b3752,b3115,b1849,b2296,b3617,b2407,b1982,b0261,b0411,b0505,b0112,b0114,b0529,b2492,b0904,b3662,,,,,,,,,
31,0.459296859297889,0.194519905471659,b2836,b2066,b4069,b4384,b3708,b3008,b0910,b3115,b1849,b2296,b0030,b2407,b1779,b1982,b2797,b3117,b1814,b4471,b0261,b4381,b2406,b0114,b0529,b1539,b2492,b0904,b1533,b3927,b2240,b3662,b2285
