Deletion size,Max growth rate,Min production rate,Deleted genes,,,,
3,0.810367677803786,0.479580453935267,b0008,b2464,b2029,,
5,0.810367677803911,0.479580453933646,b0008,b0767,b2464,b3437,b4268
