Deletion size,Max growth rate,Min production rate,Deleted genes,,,,,,,,,,,,,,,,,,,,,,,,,,,,,,,,,,,
21,0.651222257927044,0.34393977941127,b3831,b3614,b0910,b3752,b4152,b2781,b1612,b1611,b4122,b1759,b1701,b1805,b4138,b4123,b0621,b4381,b2406,b2197,b3918,b4042,b1206,,,,,,,,,,,,,,,
23,0.641247314236085,0.338671562775939,b2744,b3614,b0910,b4152,b2781,b1612,b1611,b4122,b1759,b4374,b0675,b2342,b3845,b4138,b4123,b0621,b4381,b2406,b0452,b2197,b3918,b4042,b1206,,,,,,,,,,,,,
23,0.640976829008314,0.338528707356523,b3846,b2341,b2744,b3614,b0910,b4152,b2781,b1612,b1611,b4122,b1759,b4374,b0675,b2361,b2291,b4138,b4123,b0621,b0452,b2197,b3918,b1912,b1206,,,,,,,,,,,,,
24,0.641272613222842,0.338581551164763,b4382,b3831,b4384,b3614,b0910,b3752,b4152,b2781,b3844,b1612,b1611,b4122,b1759,b4138,b4123,b0621,b0153,b0590,b2406,b0452,b2197,b3918,b4042,b1206,,,,,,,,,,,,
26,0.558993183819782,0.590458910137273,b2836,b0474,b2518,b3831,b2744,b3752,b4152,b2781,b1612,b1611,b4122,b1759,b4374,b4161,b2361,b2291,b0411,b4138,b4123,b0621,b2197,b3918,b1912,b1206,b3546,b0221,,,,,,,,,,
36,0.455837993384266,0.480154501663125,b4467,b1054,b2836,b2242,b0474,b2518,b3831,b1278,b3752,b2781,b3844,b1004,b3713,b1109,b0046,b1612,b1611,b4122,b1759,b2210,b4161,b1415,b4138,b4123,b0621,b4381,b2406,b3915,b2492,b0904,b2197,b3028,b3918,b1695,b1206,b2285
