Deletion size,Max growth rate,Min production rate,Deleted genes,,,,,,,,,,,,,,,,,,,,,,,,,,,,,,,,,,
21,0.553293447966989,0.292219168076717,b1054,b3831,b1278,b3614,b0910,b3752,b4152,b2781,b1612,b1611,b4122,b1759,b4138,b4123,b0621,b4381,b2406,b2197,b3821,b3918,b1206,,,,,,,,,,,,,,
22,0.553293447966989,0.292219168076655,b1855,b2744,b1278,b3614,b0910,b4152,b2781,b1612,b1611,b4122,b1759,b4374,b0675,b4138,b4123,b0621,b4381,b2406,b2197,b3821,b3918,b1206,,,,,,,,,,,,,
35,0.440742749642498,0.232776079510171,b4467,b2836,b2242,b3831,b3614,b0910,b2781,b0030,b1004,b3713,b1109,b0046,b1612,b1611,b4122,b0651,b2162,b1759,b2210,b4138,b4123,b0621,b4381,b2406,b0306,b3605,b2492,b0904,b2197,b3028,b3918,b4042,b0494,b1206,b2285
