Deletion size,Max growth rate,Min production rate,Deleted genes,,,,,,,,,,,,,,,,,,,,,,,,,,,,,,,,,
22,0.698520049246343,0.368919871409201,b2744,b1278,b3614,b0910,b4152,b2781,b1612,b1611,b4122,b1759,b4374,b0675,b2361,b2291,b1701,b1805,b4138,b4123,b0621,b2197,b3918,b1206,,,,,,,,,,,,
22,0.698518412602246,0.368919007022432,b4382,b4384,b2744,b3614,b0910,b4152,b2781,b1612,b1611,b4122,b1759,b4374,b0675,b4138,b4123,b0621,b2406,b2197,b3821,b3918,b1912,b1206,,,,,,,,,,,,
23,0.59093007284383,0.312049134358187,b2836,b0474,b2518,b2744,b4152,b2781,b1612,b1611,b4122,b1759,b4374,b4161,b0675,b2361,b2291,b4138,b4123,b0621,b2197,b3918,b1912,b1206,b2285,,,,,,,,,,,
24,0.694592315614903,0.366789474394025,b2836,b3831,b3614,b0910,b4152,b2781,b0030,b1612,b1611,b4122,b0651,b2162,b1759,b4138,b4123,b0621,b4381,b2406,b2197,b3029,b3918,b0789,b1249,b1206,,,,,,,,,,
27,0.438844775231791,0.231773673801621,b3831,b3614,b0910,b3752,b4152,b0871,b2779,b2781,b1612,b1611,b4122,b1759,b4138,b4123,b0621,b2913,b4381,b2406,b0452,b0114,b2492,b0904,b3918,b1912,b1206,b0221,b2285,,,,,,,
34,0.574016657548488,0.303164027759728,b3399,b0474,b2518,b1241,b0351,b2744,b1278,b4152,b2297,b2458,b2781,b3617,b1851,b1612,b1611,b4122,b1779,b1759,b4374,b4161,b0675,b2361,b2291,b4138,b4123,b0621,b0114,b2492,b0904,b3825,b1380,b3918,b0494,b1206
