Deletion size,Max growth rate,Min production rate,Deleted genes,,,
4,0.862360826818899,0.502054400326088,b4069,b2297,b2458,b0010
