Deletion size,Max growth rate,Min production rate,Deleted genes,,,,,,,,,,,,,,,,,,,,,,,,,,,,,,,,
22,0.695547286855648,0.367349821816013,b2836,b2744,b3614,b0910,b4152,b2781,b1612,b1611,b4122,b1759,b4374,b0675,b2361,b2291,b4138,b4123,b0621,b2197,b3918,b4042,b1206,b0221,,,,,,,,,,,
23,0.699483023032341,0.369428461197243,b4382,b4384,b2744,b3614,b0910,b4152,b2781,b1612,b1611,b4122,b1759,b4374,b0675,b4138,b4123,b0621,b2406,b2197,b3825,b3918,b4042,b0494,b1206,,,,,,,,,,
33,0.543936798324391,0.287233659035972,b2836,b2242,b3553,b2744,b3614,b0910,b2781,b1004,b3713,b1109,b0046,b1612,b1611,b4122,b1759,b2210,b1033,b4374,b0675,b1415,b4138,b4123,b0621,b4381,b2406,b2197,b3028,b3918,b1912,b1206,b2285,b3893,b1474
