Deletion size,Max growth rate,Min production rate,Deleted genes,,,,,,,,,,,,,,,,,,,,,,,
23,0.653547363227277,0.345167772151732,b0474,b2518,b2744,b4152,b2781,b1612,b1611,b4122,b1759,b4374,b4161,b0675,b2361,b2291,b1701,b1805,b4138,b4123,b0621,b2197,b3918,b4042,b1206,
23,0.651239317424113,0.343306341713976,b3831,b3614,b0910,b3752,b4152,b2781,b1612,b1611,b4122,b1759,b4138,b4123,b0621,b4381,b2406,b3915,b0452,b2197,b3918,b0789,b1249,b1206,b4209,
24,0.65010889232814,0.343351760938752,b2836,b0474,b2518,b3831,b4152,b2781,b0030,b1612,b1611,b4122,b0651,b2162,b1759,b4161,b4138,b4123,b0621,b4381,b2406,b2197,b3918,b4042,b0494,b1206
