Deletion size,Max growth rate,Min production rate,Deleted genes,,,,,,,,,,,,,,,,,,,,,,,,,,,,,,
21,0.565483817908063,0.722489834466323,b4382,b1241,b0351,b4069,b4384,b2744,b2297,b2458,b0030,b2407,b1982,b3616,b3589,b0261,b0411,b0112,b0114,b0529,b2492,b0904,b3662,,,,,,,,,,
22,0.722215499647666,0.127125431498144,b3831,b3614,b0910,b4152,b2781,b0030,b1612,b1611,b4122,b0651,b2162,b1759,b4138,b4123,b0621,b4381,b2406,b0452,b2835,b3918,b4042,b1206,,,,,,,,,
31,0.466213537883563,0.131609070792759,b3553,b4269,b0493,b3588,b3003,b3011,b0871,b2926,b1004,b3713,b1109,b0046,b3236,b1033,b3945,b1602,b4381,b3915,b0452,b1727,b0114,b0529,b2492,b0904,b1380,b2660,b1511,b0606,b2285,b1011,b4209
