Deletion size,Max growth rate,Min production rate,Deleted genes,,,,,,,,,,,,,,,,,,,,,,,,,,,,,,
17,0.630793489790045,0.806120227367449,b4382,b1241,b0351,b4069,b4384,b3752,b3115,b1849,b2296,b3617,b2407,b1982,b0261,b0114,b0529,b2492,b0904,,,,,,,,,,,,,,
31,0.349652739574548,0.440790308898433,b3942,b1732,b4384,b3708,b3008,b3752,b0871,b2925,b2097,b2926,b2407,b3236,b2690,b2797,b3117,b1814,b4471,b3449,b2210,b0261,b3945,b4381,b2239,b2868,b0114,b2366,b2492,b0904,b1533,b3927,b2285
22,0.372191300119226,0.0641977885928125,b3399,b1241,b0351,b4069,b2744,b0512,b2297,b2458,b2925,b2097,b3617,b1779,b3946,b0825,b4381,b0511,b0114,b0529,b2492,b0904,b1511,b2285,,,,,,,,,
