Deletion size,Max growth rate,Min production rate,Deleted genes,,,,,,,,,,,,,,,,,,,,,,,,,,,,,,,,,,,,
22,0.656568374926086,0.346763304374472,b2744,b3614,b0910,b4152,b2781,b1612,b1611,b4122,b1759,b4374,b0675,b4138,b4123,b0621,b4381,b2406,b2197,b2835,b3918,b4042,b0494,b1206,,,,,,,,,,,,,,,
22,0.655520863941793,0.346210066686453,b0474,b2518,b3831,b3752,b4152,b2781,b1612,b1611,b4122,b1759,b4161,b4138,b4123,b0621,b4381,b2406,b2197,b3825,b3918,b4042,b0494,b1206,,,,,,,,,,,,,,,
23,0.656568374926221,0.346763304375192,b3831,b3614,b0910,b4152,b2781,b0030,b1612,b1611,b4122,b0651,b2162,b1759,b3449,b4138,b4123,b0621,b4381,b2406,b2197,b3918,b1912,b0494,b1206,,,,,,,,,,,,,,
23,0.655520863941793,0.346210066686543,b4382,b0474,b2518,b3831,b4384,b1278,b3752,b4152,b2781,b1612,b1611,b4122,b1759,b4161,b4138,b4123,b0621,b2406,b2197,b2835,b3918,b0494,b1206,,,,,,,,,,,,,,
26,0.656568374926332,0.346763304375447,b3831,b2744,b3614,b0910,b4152,b2781,b0030,b1612,b1611,b4122,b0651,b2162,b1759,b4374,b2361,b2291,b0411,b4138,b4123,b0621,b2197,b2835,b3918,b4042,b0494,b1206,,,,,,,,,,,
37,0.521253946235239,0.275297665434413,b4467,b2242,b0474,b2518,b2744,b1278,b2781,b1004,b3713,b1109,b0046,b3236,b1612,b1611,b4122,b1759,b4374,b4161,b0675,b2361,b2291,b4014,b2976,b4138,b4123,b0621,b0306,b3605,b2197,b3825,b3028,b3918,b0494,b1206,b2285,b3893,b1474
