Deletion size,Max growth rate,Min production rate,Deleted genes,,,,,,,,,,,,,,,,,,,,,,,
21,0.673146682304357,0.355519054525603,b3831,b3614,b0910,b3752,b4152,b2781,b1612,b1611,b4122,b1759,b3449,b4138,b4123,b0621,b4381,b2406,b2197,b3918,b1912,b0494,b1206,,,
21,0.673145162400955,0.355518251796219,b4382,b3831,b4384,b3614,b0910,b3752,b4152,b2781,b1612,b1611,b4122,b1759,b4138,b4123,b0621,b2406,b2197,b3821,b3918,b1912,b1206,,,
22,0.672045648660522,0.354937549111836,b4382,b0474,b2518,b3831,b4384,b3752,b4152,b2781,b1612,b1611,b4122,b1759,b4161,b4138,b4123,b0621,b2406,b2197,b3821,b3918,b4042,b1206,,
22,0.672045648660499,0.354937549111785,b0474,b2518,b2744,b1278,b4152,b2781,b1612,b1611,b4122,b1759,b4374,b4161,b0675,b4138,b4123,b0621,b4381,b2406,b2197,b3821,b3918,b1206,,
23,0.669499460956522,0.353592792806913,b2836,b2744,b3614,b0910,b4152,b2781,b1612,b1611,b4122,b1759,b4374,b0675,b2361,b2291,b4138,b4123,b0621,b2197,b3918,b0789,b1249,b1206,b0221,
24,0.669501618587583,0.353263700674302,b2836,b4382,b4384,b2744,b1278,b3614,b0910,b4152,b2781,b1612,b1611,b4122,b1759,b4374,b0675,b4138,b4123,b0621,b2406,b3915,b2197,b3918,b1206,b4209
