Deletion size,Max growth rate,Min production rate,Deleted genes,,,,,,,,,,,,,,,,,,,,,,,,,,,,,,,,,,,,,,,,,,,,,,,,,,,,,,,,,,,,,,,,,
19,0.517712547924799,0.992182378711627,b1241,b0351,b4069,b4384,b2297,b2458,b3617,b0030,b2407,b1982,b0261,b4381,b2406,b0112,b0114,b0529,b2492,b0904,b3662,,,,,,,,,,,,,,,,,,,,,,,,,,,,,,,,,,,,,,,,,,,,,,,
22,0.544795921523979,0.885500667319818,b4269,b0493,b3588,b3003,b3011,b1241,b0351,b4384,b3752,b0871,b3617,b2407,b1982,b0261,b4381,b2406,b0112,b0114,b0529,b2492,b0904,b3662,,,,,,,,,,,,,,,,,,,,,,,,,,,,,,,,,,,,,,,,,,,,
24,0.517699842235886,0.992158028598498,b1241,b0351,b4069,b4384,b2744,b3752,b3115,b1849,b2296,b3617,b2883,b1982,b0261,b4381,b2406,b0112,b2868,b4064,b4464,b0114,b0529,b2492,b0904,b3662,,,,,,,,,,,,,,,,,,,,,,,,,,,,,,,,,,,,,,,,,,
28,0.641494330740954,0.271683583411177,b4382,b4069,b4384,b3708,b3008,b2297,b2458,b0030,b2407,b1779,b1982,b2797,b3117,b1814,b4471,b3449,b0261,b2406,b0452,b0114,b0529,b1539,b2492,b0904,b1533,b3927,b3662,b4209,,,,,,,,,,,,,,,,,,,,,,,,,,,,,,,,,,,,,,
41,0.691589632197897,0.156762437495093,b2836,b3399,b0474,b2518,b1241,b0351,b2502,b2744,b3708,b3008,b0871,b2297,b2458,b2925,b2097,b3617,b0517,b2690,b1982,b2797,b3117,b1814,b4471,b4374,b0675,b2361,b2291,b0261,b3945,b2943,b0837,b0124,b0114,b0886,b2366,b0529,b2492,b0904,b2578,b1533,b3927,,,,,,,,,,,,,,,,,,,,,,,,,
66,0.35251993912256,0.081116835609004,b2836,b3399,b3942,b1732,b0474,b2518,b1241,b0351,b2502,b2744,b3708,b3008,b1479,b0871,b2925,b2097,b2926,b3844,b1238,b3236,b2690,b2463,b3962,b0593,b1982,b2797,b3117,b1814,b4471,b3616,b3589,b2210,b4267,b2265,b0675,b2361,b1415,b3551,b1014,b2799,b3945,b4219,b1832,b1778,b4381,b2406,b2868,b0114,b0886,b0509,b3125,b2366,b2492,b0904,b2578,b1533,b3927,b1380,b1710,b2480,b1511,b4266,b4141,b1798,b1813,b1206
