Deletion size,Max growth rate,Min production rate,Deleted genes,,,,,,,,,,,,,,,,,,,,,,,,,,,,,,,,
21,0.496228789345186,1.90201864943236,b4382,b1241,b0351,b4069,b4384,b3115,b1849,b2296,b3617,b0030,b2407,b1982,b3665,b0261,b2406,b0112,b0114,b0529,b2492,b0904,b3662,,,,,,,,,,,,
25,0.489146768251018,1.5900992379458,b4382,b4269,b0493,b3588,b3003,b3011,b1241,b0351,b4384,b0512,b0871,b2779,b0030,b2407,b1982,b3616,b3589,b0261,b2406,b0112,b0114,b0529,b2492,b0904,b3662,,,,,,,,
33,0.3502923426533,1.0835277772304,b3553,b1478,b3399,b1241,b4069,b2744,b2297,b2458,b3844,b1004,b3713,b1109,b0046,b3236,b1779,b0937,b1982,b1033,b0675,b2361,b0261,b2799,b3945,b1602,b2913,b4381,b0529,b2492,b0904,b1380,b0606,b2285,b1011
