Deletion size,Max growth rate,Min production rate,Deleted genes,,,,,,,,,,,,,,,,,,,,,,,,,,
20,0.623505602008858,0.140612946687867,b3399,b1241,b0351,b4069,b2744,b2297,b2458,b0160,b1982,b3616,b3589,b0675,b2361,b2291,b0261,b4381,b0114,b0529,b2492,b0904,,,,,,,
27,0.377805848108991,0.181140572325106,b3399,b4382,b1241,b0351,b4069,b4384,b2744,b2297,b2458,b2779,b0160,b3616,b3589,b3665,b0675,b2361,b4381,b0112,b3654,b3714,b3664,b0114,b0529,b2492,b0904,b1511,b2285
27,0.780229467084284,0.0206967060742969,b3399,b2744,b3708,b3008,b0871,b0160,b1982,b2797,b3117,b1814,b4471,b0675,b2361,b0261,b4381,b2406,b0114,b0886,b0529,b1539,b2492,b0904,b2578,b1533,b3927,b2835,b0494
