Deletion size,Max growth rate,Min production rate,Deleted genes,,,,,,,,,,,,,,,,,,,,,,,,,,,,,,,,,,,,,,,,,,,,,
35,0.751278322377532,0.104038674897067,b4382,b4384,b3708,b3008,b3752,b0871,b2407,b0583,b2797,b3117,b1814,b4471,b2440,b3665,b3709,b2406,b3161,b0112,b3654,b3714,b3664,b0114,b0886,b2366,b2492,b0904,b2578,b1533,b3927,b1473,b0494,b4141,b1798,b3662,b1517,,,,,,,,,,,
42,0.313941001854191,0.469715387587154,b4382,b1241,b0351,b4069,b4384,b3708,b2297,b2458,b3617,b0030,b2407,b3124,b3236,b1982,b2797,b3117,b1814,b4471,b2210,b0596,b0261,b3709,b2406,b3161,b0112,b2789,b3127,b2975,b0114,b3603,b1539,b2492,b0904,b1533,b3821,b1473,b0514,b0515,b4141,b1798,b3662,b2285,,,,
46,0.317265260157785,0.474247317698545,b3553,b3399,b3942,b1732,b1241,b0351,b4069,b2502,b2744,b3708,b2297,b2458,b2925,b2097,b3617,b1982,b2797,b3117,b1814,b4471,b3449,b3946,b0825,b1033,b4374,b0675,b2361,b2291,b0261,b3709,b3161,b0112,b0114,b0509,b3125,b1539,b2492,b0904,b3035,b1533,b1473,b0494,b0515,b4141,b1798,b2285
