Deletion size,Max growth rate,Min production rate,Deleted genes,,,,
5,0.866962239346071,0.156922766210365,b2066,b3831,b0910,b3752,b0337
4,0.866962239346068,0.156922766209806,b2744,b0910,b0337,b0675,
