Deletion size,Max growth rate,Min production rate,Deleted genes,,,,,,,,,,,,,,,,,,,,,,,,,,,,,,,,,,,
22,0.662667436704335,0.349984493359953,b0474,b2518,b3831,b1278,b3752,b4152,b2781,b1612,b1611,b4122,b1759,b4161,b1701,b1805,b4138,b4123,b0621,b4381,b2406,b2197,b3918,b1206,,,,,,,,,,,,,,
32,0.567937462995147,0.299393061115416,b4382,b0474,b2518,b3831,b4384,b3752,b4152,b2297,b2458,b1702,b2781,b3236,b1612,b1611,b4122,b1759,b2210,b4161,b4138,b4123,b0621,b2406,b2943,b0452,b2150,b2197,b3918,b3437,b4268,b4042,b1206,b4209,,,,
36,0.52767540769746,0.278689128199645,b4467,b2242,b3831,b2744,b3614,b0910,b3752,b2781,b1004,b3713,b1109,b0046,b1612,b1611,b4122,b1759,b2210,b4374,b2361,b2291,b0411,b1701,b1805,b4138,b4123,b0621,b0306,b3605,b2197,b3028,b3918,b1912,b1206,b2285,b3893,b1474
