Deletion size,Max growth rate,Min production rate,Deleted genes,,,,
3,0.807521766169528,0.477896226363068,b0008,b2464,b2029,,
5,0.807521766170059,0.477896226371674,b0008,b2464,b1852,b3437,b4268
