Deletion size,Max growth rate,Min production rate,Deleted genes,,,,,,,,,,,,,,,,,,,,,,,,,,,,,,,,,,,,,,,,,
42,0.524724450939355,1.54929879021418,b4467,b4382,b4069,b4384,b3708,b0871,b3115,b1849,b2296,b2925,b2097,b0030,b2407,b1004,b3713,b1109,b0046,b1779,b1982,b2797,b3117,b1814,b4471,b3946,b2210,b0825,b0261,b1701,b1805,b1602,b2406,b0114,b2366,b0529,b2492,b0904,b1533,b3927,b1380,b0515,b3662,b2285
22,0.550873962560887,1.79075959340877,b4269,b0493,b3588,b3003,b3011,b1241,b0351,b4384,b0871,b3617,b0030,b2407,b1982,b0261,b4381,b2406,b0112,b0114,b0529,b2492,b0904,b3662,,,,,,,,,,,,,,,,,,,,
20,0.344130081397412,0.437317754400359,b3399,b1241,b0351,b4069,b2502,b2744,b2297,b2458,b3617,b1238,b1982,b0675,b2361,b0261,b4381,b0112,b0114,b0529,b2492,b0904,,,,,,,,,,,,,,,,,,,,,,
