Deletion size,Max growth rate,Min production rate,Deleted genes,,,,,,,,,,,,,,,,,,,,,,,,
20,0.789831300760466,0.109058642278584,b4382,b4384,b3708,b3008,b0871,b0030,b2407,b1982,b2797,b3117,b1814,b4471,b0114,b2366,b2492,b0904,b1533,b3927,b3821,b1518,,,,,
24,0.610604719694875,0.60905378370663,b4382,b1241,b0351,b4069,b4384,b3708,b2297,b2458,b0030,b2407,b1982,b2797,b3117,b1814,b4471,b3616,b3589,b0261,b2406,b0114,b1539,b2492,b0904,b1533,
25,0.785896673778161,0.0961010799345235,b3399,b2744,b3708,b3008,b0871,b3844,b2883,b1982,b2797,b3117,b1814,b4471,b4374,b0675,b2361,b0411,b4381,b0452,b0114,b2366,b2492,b0904,b1533,b3927,b1518
