Deletion size,Max growth rate,Min production rate,Deleted genes,,,,,,,,,,,,,,,,,,,,,,,,,,,
23,0.603380801135394,0.980723388241813,b3399,b4269,b0493,b3588,b3003,b3011,b1241,b0351,b2502,b2744,b0871,b1982,b3616,b3589,b4374,b0675,b2361,b2291,b0261,b0114,b0529,b2492,b0904,,,,,
27,0.603536582922064,0.887617631281301,b3399,b4382,b1241,b0351,b4069,b2744,b3708,b2297,b2458,b3617,b0160,b1982,b2797,b3117,b1814,b4471,b0675,b2361,b4381,b2406,b2868,b0114,b2366,b2492,b0904,b1533,b1517,
28,0.602552489330601,0.901936719180061,b1241,b0351,b4069,b4384,b2744,b3708,b3752,b2297,b2458,b3617,b2407,b1982,b2797,b3117,b1814,b4471,b3665,b4374,b2361,b2291,b0411,b0114,b2366,b2492,b0904,b1533,b3662,b1517
