Deletion size,Max growth rate,Min production rate,Deleted genes,,,,,,,,,,,,,,,,,,,,,,,,,,,,,,,,,,,,,,,,,,,,,,,,,,,,,,,,,,,,,,,,,,,
22,0.704007843512077,0.0281892608834525,b4382,b4384,b3708,b3008,b0871,b2779,b0030,b2407,b1982,b2797,b3117,b1814,b4471,b2440,b2239,b0114,b2366,b2492,b0904,b1533,b3927,b1517,,,,,,,,,,,,,,,,,,,,,,,,,,,,,,,,,,,,,,,,,,,,,,
24,0.737944738689008,0.0721364823361333,b4069,b4384,b3708,b3008,b2297,b2458,b0030,b2407,b1982,b2797,b3117,b1814,b4471,b0261,b4381,b2406,b0114,b2366,b2492,b0904,b1533,b3927,b3821,b3662,,,,,,,,,,,,,,,,,,,,,,,,,,,,,,,,,,,,,,,,,,,,
68,0.389164620109364,0.0329748596199977,b4269,b3942,b1732,b0493,b3588,b3003,b3011,b1241,b0351,b4384,b2744,b3708,b3008,b1479,b0871,b2297,b2458,b2926,b0030,b2407,b3236,b2463,b3962,b1982,b0104,b2797,b3117,b1814,b4471,b3616,b3589,b2210,b4267,b3665,b4374,b2361,b2291,b3551,b1014,b3945,b2913,b4219,b1832,b1778,b0112,b2975,b0114,b3603,b0509,b3125,b2366,b0306,b3605,b2492,b0904,b0591,b1533,b3927,b3821,b1380,b0325,b1710,b2480,b4266,b3662,b2842,b1517,b4209
