Deletion size,Max growth rate,Min production rate,Deleted genes,,,,,,,,,,,,,,,,,,,,,,,,
23,0.576969912303298,0.304723774333542,b2836,b3846,b2341,b2744,b3614,b0910,b4152,b2781,b1612,b1611,b4122,b1759,b4374,b0675,b2361,b2291,b4138,b4123,b0621,b2197,b3918,b4042,b1206,,
23,0.576968795689563,0.304723184599367,b4382,b3846,b2341,b3831,b4384,b3614,b0910,b3752,b4152,b2781,b1612,b1611,b4122,b1759,b4138,b4123,b0621,b2406,b0452,b2197,b3918,b4042,b1206,,
25,0.576969912303298,0.304723774333592,b2836,b3831,b2744,b3614,b0910,b3752,b4152,b2781,b1612,b1611,b4122,b1759,b4374,b2361,b2291,b0411,b4138,b4123,b0621,b2197,b3918,b0789,b1249,b0494,b1206
