Deletion size,Max growth rate,Min production rate,Deleted genes,,,,,,,,,,,,,,,,,,,,,,,,,
16,0.623068941523156,0.140514471040781,b4382,b1241,b0351,b4069,b4384,b3752,b2297,b2458,b3617,b2407,b1982,b0261,b0114,b0529,b2492,b0904,,,,,,,,,,
18,0.623068941523102,0.140514471040731,b1241,b0351,b4069,b4384,b3115,b1849,b2296,b0030,b2407,b1982,b3616,b3589,b0261,b4381,b0114,b0529,b2492,b0904,,,,,,,,
20,0.412294212415568,0.112918167055277,b4382,b1241,b0351,b4069,b4384,b3752,b2297,b2458,b2779,b3617,b2407,b1982,b2406,b0114,b0529,b2492,b0904,b0515,b1511,b2285,,,,,,
21,0.444776643515681,0.121814378725723,b1241,b0351,b4069,b4384,b2297,b2458,b0030,b2407,b1982,b3616,b3589,b0411,b4381,b2406,b2868,b0114,b0529,b2492,b0904,b1518,b2285,,,,,
22,0.647517646356237,0.123853099842663,b4269,b0493,b3588,b3003,b3011,b1241,b0351,b4384,b2744,b3752,b0871,b3617,b2407,b1982,b4374,b2361,b2291,b0261,b0114,b0529,b2492,b0904,,,,
26,0.461822376776206,0.22142264356301,b3399,b1241,b0351,b4069,b2744,b3115,b1849,b2296,b3617,b2883,b0907,b1623,b3665,b0411,b4381,b0112,b3654,b3714,b3664,b0114,b0529,b2492,b0904,b2954,b1511,b3662
