Deletion size,Max growth rate,Min production rate,Deleted genes,,,,,,,,,,,,,,,,,,,,,,,,,,,,,,,,,,,,,,,
26,0.470973670381444,1.50637584558275,b3553,b3399,b4269,b0493,b3588,b3003,b3011,b1241,b0351,b2744,b0871,b3617,b0160,b1982,b1033,b0675,b2361,b0261,b0507,b4381,b2406,b0112,b0114,b0529,b2492,b0904,,,,,,,,,,,,,,
36,0.40766168695687,1.32521071315409,b3553,b3399,b4269,b0493,b3588,b3003,b3011,b1241,b0351,b4384,b2744,b3752,b0871,b2779,b0160,b2883,b0907,b1779,b1982,b3616,b3589,b1033,b1623,b4374,b2361,b2291,b0261,b0411,b0112,b2789,b3127,b0114,b0529,b2492,b0904,b3662,,,,
40,0.440622203609897,1.2954504285236,b3399,b4382,b1241,b0351,b4069,b2744,b3708,b3115,b1849,b2296,b2779,b2883,b1779,b1982,b2797,b3117,b1814,b4471,b3616,b3589,b0675,b2361,b0261,b2913,b4381,b2406,b0112,b2789,b3127,b4064,b4464,b2975,b0114,b3603,b2366,b2492,b0904,b1533,b3821,b3662
