Deletion size,Max growth rate,Min production rate,Deleted genes,,,,,,,,,,,,,,,,,,,,,,
22,0.596680047192215,0.315133583526125,b2836,b2744,b3614,b0910,b4152,b2781,b1612,b1611,b4122,b1759,b4374,b0675,b2361,b2291,b4138,b4123,b0621,b2197,b3918,b4042,b0494,b1206,
23,0.595814790629211,0.31467660259712,b0474,b2518,b2744,b1278,b4152,b2781,b1612,b1611,b4122,b1759,b4374,b4161,b0675,b2361,b2291,b4138,b4123,b0621,b0452,b2197,b3918,b1206,b0221
23,0.596989076487956,0.314241737011031,b4382,b3831,b4384,b1278,b3614,b0910,b3752,b4152,b2781,b3844,b1612,b1611,b4122,b1759,b4138,b4123,b0621,b2406,b3915,b0452,b2197,b3918,b1206
