Deletion size,Max growth rate,Min production rate,Deleted genes,,,,,,,,,,,,,,,,,,,,,,,,,,,,,,,,,,,,,,,,,,,,,,
19,0.584923202367992,1.12138171541716,b1241,b0351,b4069,b4384,b2297,b2458,b3617,b0030,b2407,b1982,b0411,b4381,b2406,b2868,b0114,b0529,b2492,b0904,b1511,,,,,,,,,,,,,,,,,,,,,,,,,,,,
22,0.584945512599906,1.10611880305681,b1241,b0351,b4069,b4384,b2744,b3752,b2297,b2458,b2883,b1982,b3616,b3589,b0411,b4381,b2868,b4064,b4464,b0114,b0529,b2492,b0904,b1518,,,,,,,,,,,,,,,,,,,,,,,,,
47,0.359877869473066,0.585098976948389,b4269,b3942,b1732,b0493,b3588,b3003,b3011,b0474,b2518,b1241,b0351,b2744,b1479,b0871,b2779,b3617,b1851,b3236,b2883,b2463,b3962,b2210,b4267,b1415,b3551,b0261,b0411,b2913,b4219,b1832,b1778,b4381,b2868,b4064,b4464,b0114,b0529,b2492,b0904,b1380,b0325,b1710,b2480,b0508,b4266,b0606,b4209
