Deletion size,Max growth rate,Min production rate,Deleted genes,,,,,,,,,,,,,,,,,,,,,,,,,
23,0.467386596411296,1.76700877719175,b3553,b3399,b1241,b0351,b4069,b2502,b2744,b2297,b2458,b3617,b1982,b1033,b0675,b2361,b0261,b0507,b4381,b2406,b0112,b0114,b0529,b2492,b0904,,,
23,0.43834208184512,0.334555159059433,b1241,b0351,b4069,b4384,b2297,b2458,b2926,b1850,b3617,b0030,b2407,b1982,b0261,b4381,b2406,b0112,b0511,b0114,b0529,b2492,b0904,b0516,b3662,,,
26,0.465355488631617,1.78368292408083,b3553,b1241,b0351,b4069,b4384,b2744,b2297,b2458,b0030,b2407,b1982,b3616,b3589,b1033,b4374,b2361,b2291,b0261,b0411,b0507,b0112,b0114,b0529,b2492,b0904,b3662
