Deletion size,Max growth rate,Min production rate,Deleted genes,,,,,,,,,,,,,,,,,,,,,,,,,,,,,,,,,,,,,,,,,,,,,,
21,0.502179464099012,0.962413635189553,b4382,b1241,b0351,b4069,b4384,b3752,b3115,b1849,b2296,b3617,b2407,b1982,b0261,b2406,b0112,b2868,b0114,b0529,b2492,b0904,b3662,,,,,,,,,,,,,,,,,,,,,,,,,,
22,0.521037146431191,0.511352802652072,b4382,b1241,b0351,b4069,b4384,b2744,b3752,b3115,b1849,b2296,b3617,b2407,b1982,b0261,b0411,b0505,b0112,b0114,b0529,b2492,b0904,b3662,,,,,,,,,,,,,,,,,,,,,,,,,
29,0.502186144920169,0.962426438804021,b3399,b4382,b0238,b0125,b1241,b0351,b4069,b4384,b2744,b2297,b2458,b3617,b0030,b2883,b1982,b0477,b1623,b0261,b2406,b0112,b4064,b4464,b0114,b0529,b2492,b0904,b2954,b0516,b3662,,,,,,,,,,,,,,,,,,
31,0.459296859297874,0.194519905462673,b2836,b2066,b4069,b4384,b3708,b3008,b0910,b3115,b1849,b2296,b0030,b2407,b1779,b1982,b2797,b3117,b1814,b4471,b0261,b4381,b2406,b0114,b0529,b1539,b2492,b0904,b1533,b3927,b2240,b3662,b2285,,,,,,,,,,,,,,,,
32,0.48528229362567,0.109136914412886,b2836,b3399,b2502,b2744,b3708,b3008,b0512,b0871,b2779,b1982,b2797,b3117,b1814,b4471,b4374,b0675,b2361,b2291,b0261,b0114,b0886,b2366,b0529,b2492,b0904,b2578,b1533,b3927,b4141,b1798,b0221,b2285,,,,,,,,,,,,,,,
47,0.348464981142769,0.0799852579113449,b3399,b1241,b0351,b4384,b2744,b1278,b3708,b3008,b2930,b4232,b3697,b3925,b0871,b2297,b2458,b2407,b1779,b2690,b1982,b2688,b2797,b3117,b1814,b4471,b3616,b3589,b0675,b2361,b0261,b0822,b0507,b4381,b2406,b0112,b2868,b1727,b0114,b0529,b1539,b2492,b0904,b2578,b1533,b3927,b3821,b3662,b2285
