Deletion size,Max growth rate,Min production rate,Deleted genes,,,,,,,,,,,,,,,,,,,
19,0.741827348318707,0.391792404868966,b3831,b3614,b0910,b3752,b4152,b2781,b1612,b1611,b4122,b1759,b0411,b4138,b4123,b0621,b4381,b3821,b3918,b4042,b1206,
20,0.609642083963697,0.32197941844538,b3831,b3614,b0910,b3752,b4152,b2781,b1612,b1611,b4122,b1759,b0411,b4138,b4123,b0621,b2913,b4381,b3918,b1912,b1206,b2285
20,0.723961353921132,0.0267673880739969,b0474,b2518,b3831,b3752,b4152,b2781,b1612,b1611,b4122,b1759,b4161,b4138,b4123,b0621,b2913,b4381,b2406,b3918,b1912,b1206
