Deletion size,Max growth rate,Min production rate,Deleted genes,,,
3,0.254015503348667,0.280376851262542,b1054,b2914,b4090,
4,0.251662924975561,0.277836246964849,b0907,b0529,b2914,b4090
4,0.242406082041884,0.267562621305676,b2913,b2914,b4090,b2285
