Deletion size,Max growth rate,Min production rate,Deleted genes,,,,,,,,,,,,,,,,,,,,,,,,,,,,,,,,,,,,,,
22,0.790487879756343,0.102703175443633,b3399,b2502,b2744,b3708,b3008,b0871,b1982,b2797,b3117,b1814,b4471,b0675,b2361,b4381,b0452,b0114,b1539,b2492,b0904,b1533,b3927,b1517,,,,,,,,,,,,,,,,,
26,0.415355493604188,1.71472371422219,b4269,b0493,b3588,b3003,b3011,b1241,b0351,b2930,b4232,b3697,b3925,b0871,b1612,b1611,b4122,b2690,b3616,b3589,b3945,b4381,b0114,b0755,b3612,b2492,b0904,b2285,,,,,,,,,,,,,
39,0.475861714933354,0.212457239534244,b4467,b1478,b3399,b1241,b4069,b4384,b2744,b2297,b2458,b2779,b2926,b3844,b1004,b3713,b1109,b0046,b3236,b1638,b3908,b1656,b0937,b4139,b3665,b0675,b2361,b4015,b3945,b1602,b4381,b0529,b1539,b2492,b0904,b2954,b1380,b2660,b1517,b2285,b1008
