Deletion size,Max growth rate,Min production rate,Deleted genes,,,,,,,,,,,,,,,,,,,,,,,,,,,,,,,,,,,,,,,,,,,,,
3,0.851488367170139,0.123858349376936,b2379,b2290,b3572,,,,,,,,,,,,,,,,,,,,,,,,,,,,,,,,,,,,,,,,,,,
20,0.711690828038776,0.0614182067756046,b4384,b3708,b3008,b0871,b0030,b2407,b1779,b2797,b3117,b1814,b4471,b2440,b4381,b2868,b0114,b2366,b2492,b0904,b1533,b1518,,,,,,,,,,,,,,,,,,,,,,,,,,
21,0.711720400121813,0.0613809024498268,b4382,b4384,b3708,b3008,b0871,b0030,b2407,b1779,b2797,b3117,b1814,b4471,b3449,b0261,b2868,b0114,b1539,b2492,b0904,b1533,b0494,,,,,,,,,,,,,,,,,,,,,,,,,
24,0.702151514633429,0.060772179024505,b3942,b1732,b3708,b3008,b1479,b0512,b0871,b2779,b3236,b2463,b2797,b3117,b1814,b4471,b2210,b1701,b1805,b4381,b0114,b1539,b2492,b0904,b1533,b1518,,,,,,,,,,,,,,,,,,,,,,
25,0.709619407208164,0.0612394451876909,b3399,b2744,b3708,b3008,b0512,b0871,b2926,b0160,b3236,b2797,b3117,b1814,b4471,b4374,b2361,b2291,b1701,b1805,b0511,b0114,b1539,b2492,b0904,b1533,b1518,,,,,,,,,,,,,,,,,,,,,
26,0.709786483545333,0.0544683936825312,b3399,b2744,b3708,b3008,b0871,b3236,b1779,b2797,b3117,b1814,b4471,b1623,b3665,b0675,b2361,b4381,b3453,b0114,b1539,b2492,b0904,b1533,b3825,b2240,b0516,b1517,,,,,,,,,,,,,,,,,,,,
46,0.482640293411593,0.113469336279702,b4467,b1478,b4269,b0493,b3588,b3003,b3011,b1241,b4384,b3708,b3008,b0871,b0030,b2407,b3844,b1238,b1004,b3713,b1109,b0046,b3236,b1779,b1982,b2797,b3117,b1814,b4471,b2799,b3945,b1602,b0153,b2913,b4381,b2406,b1539,b2492,b0904,b3035,b1533,b1380,b1511,b4141,b1798,b0606,b2285,b1007
