Deletion size,Max growth rate,Min production rate,Deleted genes,,,,,,,,,,,,,,,,,,,,,,
22,0.563134428824718,0.297416632911316,b4382,b3831,b4384,b3614,b0910,b3752,b4152,b2781,b1612,b1611,b4122,b1759,b1701,b1805,b4138,b4123,b0621,b2406,b2197,b3918,b4042,b1206,
22,0.552427951702315,0.291762060558873,b2836,b4382,b3831,b4384,b3614,b0910,b3752,b4152,b2781,b1612,b1611,b4122,b1759,b4138,b4123,b0621,b2406,b2197,b3918,b4042,b0494,b1206,
23,0.562364725592819,0.297010117999776,b0474,b2518,b3831,b3752,b4152,b2781,b1612,b1611,b4122,b1759,b4161,b4138,b4123,b0621,b4381,b2406,b2197,b3825,b3918,b1912,b0494,b1206,b3546
