Deletion size,Max growth rate,Min production rate,Deleted genes,,,,,,,,,,,,,,,,,,,,,,,,,,,,,,,,,,,,,,,,,,,,,,,,,,,
26,0.727376669393241,0.231411977985885,b4382,b4069,b4384,b3708,b3008,b2297,b2458,b0030,b2407,b2687,b1982,b2797,b3117,b1814,b4471,b2406,b0114,b2366,b2492,b0904,b2578,b1533,b3927,b3821,b2413,b3662,,,,,,,,,,,,,,,,,,,,,,,,,,
47,0.425297769853288,0.00762886389150631,b3553,b1478,b1241,b0351,b4069,b4384,b3708,b3752,b3115,b1849,b2296,b3844,b1238,b1004,b3713,b1109,b0046,b3236,b1779,b2687,b1982,b2797,b3117,b1814,b4471,b1033,b0411,b2799,b3945,b1602,b4381,b2406,b3915,b4064,b4464,b1539,b2492,b0904,b1533,b3821,b1380,b2660,b4141,b1798,b0606,b2285,b1007,,,,,
52,0.473652491822382,0.0739597285885832,b4467,b4382,b0238,b0125,b4069,b4384,b3708,b2297,b2458,b0030,b2407,b1004,b3713,b1109,b0046,b3236,b1638,b1779,b4139,b2797,b3117,b1814,b4471,b1623,b2799,b3945,b1602,b2913,b2406,b3915,b0452,b3654,b2868,b3714,b3664,b1727,b4064,b4464,b0114,b1539,b2492,b0904,b2954,b1533,b3029,b1380,b4141,b1798,b3662,b1517,b2285,b1007
