Deletion size,Max growth rate,Min production rate,Deleted genes,,,,,,,,,,,,,,,,,,,,,,,,,,,,,,,,,,,,,
18,0.742189669236116,0.391983762863117,b3831,b3614,b0910,b3752,b4152,b2781,b1612,b1611,b4122,b1759,b2440,b4138,b4123,b0621,b4381,b3918,b1912,b1206,,,,,,,,,,,,,,,,,,,,
18,0.737759789672142,0.38952521723138,b3831,b3614,b0910,b3752,b4152,b2781,b1612,b1611,b4122,b1759,b4138,b4123,b0621,b4381,b0452,b3918,b4042,b1206,,,,,,,,,,,,,,,,,,,,
38,0.343921911986188,0.0430237713435417,b4467,b2242,b4382,b0474,b2518,b3831,b4384,b3752,b0871,b2925,b2097,b2407,b1004,b3713,b1109,b0046,b3236,b1612,b1611,b4122,b0907,b1779,b2690,b4161,b1415,b3945,b1602,b4138,b4123,b0621,b0114,b0529,b2492,b0904,b3028,b1380,b1206,b2285
