Deletion size,Max growth rate,Min production rate,Deleted genes,,,,,,,,,,,,,,,,,,,,,,,,,,,,,,,,,,,,,,,,
27,0.556769006477229,0.293780140615002,b0474,b2518,b3831,b2744,b1278,b3752,b4152,b2781,b1612,b1611,b4122,b1759,b4374,b4161,b2361,b2291,b0411,b2342,b3845,b4138,b4123,b0621,b0452,b2197,b3918,b1206,b3546,,,,,,,,,,,,,,
26,0.555925644475261,0.293609349501681,b2836,b3831,b2744,b3614,b0910,b3752,b4152,b2781,b1612,b1611,b4122,b1759,b4374,b2361,b2291,b0411,b4138,b4123,b0621,b2223,b3915,b2197,b3918,b4042,b1206,b4209,,,,,,,,,,,,,,,
41,0.438294075720786,0.231482824621098,b4467,b2242,b3831,b1278,b3614,b0910,b2781,b0030,b1004,b3713,b1109,b0046,b3236,b1612,b1611,b4122,b0907,b0651,b2162,b1759,b4014,b2976,b1701,b1805,b4138,b4123,b0621,b4381,b2406,b2943,b0837,b0124,b0306,b3605,b2197,b3028,b3918,b1206,b2285,b3893,b1474
