Deletion size,Max growth rate,Min production rate,Deleted genes,,,,,,,,,,,,,,,,,,,,,,,,,,,,,,,,,
22,0.746675919979987,0.394353153758136,b0474,b2518,b2744,b4152,b2781,b1612,b1611,b4122,b1759,b4374,b4161,b0675,b2361,b2291,b1701,b1805,b4138,b4123,b0621,b3918,b4042,b1206,,,,,,,,,,,,
34,0.568172637877768,0.0708235715702803,b4269,b0493,b3588,b3003,b3011,b0474,b2518,b3831,b3752,b4152,b0871,b2297,b2458,b2925,b2097,b1612,b1611,b4122,b0907,b3946,b0825,b4161,b4014,b2976,b0614,b4138,b4123,b0621,b0452,b0755,b3612,b1813,b1206,b2285
26,0.445735710525536,0.235413086845544,b0474,b2518,b3831,b0910,b3752,b2930,b4232,b3697,b3925,b4152,b0871,b2926,b1612,b1611,b4122,b3946,b0825,b4138,b4123,b0621,b2913,b0114,b2492,b0904,b1380,b1206,,,,,,,,
