Deletion size,Max growth rate,Min production rate,Deleted genes,,,,,,,,,,,,,,,,,,,,,,,,,,
21,0.520830033097229,0.275073777832236,b3831,b1278,b3614,b0910,b3752,b4152,b2926,b2781,b1612,b1611,b4122,b1759,b4138,b4123,b0621,b4381,b2406,b3821,b3918,b1206,b2285,,,,,,
27,0.642603118223398,0.339387623874089,b4382,b0474,b2518,b3831,b4384,b3752,b4152,b2781,b3124,b1612,b1611,b4122,b1759,b4161,b4138,b4123,b0621,b2406,b0114,b0755,b3612,b3821,b3918,b1912,b1206,b3893,b1474
27,0.597366331886262,0.0744626093196844,b0474,b2518,b2744,b4152,b2781,b1851,b1612,b1611,b4122,b1779,b1759,b4374,b4161,b0675,b4388,b4138,b4123,b0621,b4381,b0529,b2197,b3821,b1380,b3918,b1912,b1206,b3924
