Deletion size,Max growth rate,Min production rate,Deleted genes,,,,,,,,,,,,,,,,,,,,,,,,,,,,,
19,0.582163728818365,0.20285479253484,b4382,b1241,b0351,b4069,b4384,b3752,b2297,b2458,b2407,b1982,b3616,b3589,b0261,b2406,b0114,b0529,b2492,b0904,b3662,,,,,,,,,,,
29,0.632037020776738,0.0617836607469115,b4382,b4069,b4384,b3708,b3115,b1849,b2296,b2925,b2097,b0030,b2407,b1779,b2690,b1982,b2797,b3117,b1814,b4471,b3449,b0261,b3945,b2239,b2406,b0114,b2366,b2492,b0904,b1533,b3927,
30,0.613140327310286,0.109470312881428,b1241,b0351,b4384,b3708,b0871,b2297,b2458,b2779,b2925,b2097,b3617,b0030,b2407,b2690,b1982,b2797,b3117,b1814,b4471,b2440,b0261,b3945,b4381,b0114,b2366,b0529,b2492,b0904,b1533,b1813
