Deletion size,Max growth rate,Min production rate,Deleted genes,,,,,,,,,,,,,,,,,,,,,,,,,,,,,,,,,,,,,,,,,,,,,,,,,,,
39,0.362572014983756,0.571195771118538,b4467,b1478,b1241,b0351,b4069,b0871,b3115,b1849,b2296,b2925,b2097,b2926,b1004,b3713,b1109,b0046,b3236,b0207,b3012,b3946,b0825,b4015,b2799,b1602,b2913,b4381,b3915,b2492,b0904,b1781,b3001,b1380,b0325,b1771,b0606,b0221,b2285,b1009,b4209,,,,,,,,,,,,,
47,0.491015752454438,0.252870379194115,b2836,b3553,b1478,b3399,b1241,b4069,b2744,b3708,b2297,b2458,b2926,b1004,b3713,b1109,b0046,b3236,b2883,b1638,b3908,b1656,b1982,b4139,b2797,b3117,b1814,b4471,b1033,b0675,b2361,b0261,b0411,b2799,b3945,b1602,b0507,b4381,b2406,b3915,b1539,b2492,b0904,b2954,b1533,b1380,b2660,b2285,b1008,,,,,
52,0.463336607529285,0.274246389533071,b4467,b1478,b3399,b4269,b0493,b3588,b3003,b3011,b0474,b2518,b1241,b4384,b2744,b0871,b2779,b2407,b1004,b3713,b1109,b0046,b3236,b1638,b0207,b3012,b1982,b1525,b4139,b3665,b0675,b2361,b4015,b2661,b2799,b1602,b2342,b3845,b4388,b3915,b0529,b2492,b0904,b2954,b1781,b3001,b3029,b1380,b0325,b2660,b1771,b1517,b2285,b1010
