Deletion size,Max growth rate,Min production rate,Deleted genes,,,,,,,,,,,,,,,,,,,,,,,,,
21,0.651222257927044,0.343939779413106,b3831,b3614,b0910,b3752,b4152,b2781,b1612,b1611,b4122,b1759,b1701,b1805,b4138,b4123,b0621,b4381,b2406,b2197,b3918,b4042,b1206,,,,,
26,0.640976829008314,0.338528707356647,b2836,b0474,b2518,b3831,b2744,b3752,b4152,b2781,b1612,b1611,b4122,b1759,b4374,b4161,b2361,b2291,b0411,b4138,b4123,b0621,b2197,b3918,b1912,b1206,b3546,b0221
23,0.558993183819782,0.590458910136689,b3846,b2341,b2744,b3614,b0910,b4152,b2781,b1612,b1611,b4122,b1759,b4374,b0675,b2361,b2291,b4138,b4123,b0621,b0452,b2197,b3918,b1912,b1206,,,
