Deletion size,Max growth rate,Min production rate,Deleted genes,,,,,,,,,,,,,,,,,,,,,,,,,,,,,,,,,,,
23,0.554565877266739,0.292891195249013,b1855,b0474,b2518,b2744,b1278,b4152,b2781,b1612,b1611,b4122,b1759,b4374,b4161,b0675,b2361,b2291,b4138,b4123,b0621,b2197,b3821,b3918,b1206,,,,,,,,,,,,,
25,0.5464690755665,0.288614909914614,b3846,b2341,b3831,b2744,b3614,b0910,b3752,b4152,b2781,b1612,b1611,b4122,b1759,b4374,b2361,b2291,b0411,b4138,b4123,b0621,b0452,b2197,b3918,b4042,b1206,,,,,,,,,,,
36,0.441702872845546,0.233065178298059,b4467,b2836,b2242,b4382,b3831,b4384,b1278,b3614,b0910,b3752,b2781,b1004,b3713,b1109,b0046,b1612,b1611,b4122,b1759,b2210,b1415,b4138,b4123,b0621,b2223,b2406,b3915,b2197,b3028,b3918,b1206,b3546,b2285,b3893,b1474,b4209
