Deletion size,Max growth rate,Min production rate,Deleted genes,,,,,,,,,,,,,,,,,,,,,,,,,,,,,,,,,,,,,,,,,,,,,,,
23,0.519704952497776,1.53413056162919,b1241,b0351,b4069,b4384,b2744,b3115,b1849,b2296,b0030,b2407,b1982,b3616,b3589,b0261,b0411,b0507,b4381,b0112,b0114,b0529,b2492,b0904,b3662,,,,,,,,,,,,,,,,,,,,,,,,,
31,0.461611656791876,1.50120773065483,b4382,b4269,b0493,b3588,b3003,b3011,b1241,b0351,b4384,b3752,b0871,b2925,b2097,b2926,b3617,b2407,b3236,b2690,b1982,b2210,b3665,b3945,b2406,b0112,b0114,b0529,b2492,b0904,b1380,b1511,b3662,,,,,,,,,,,,,,,,,
48,0.313578655875952,0.938766693663415,b3399,b4269,b3942,b1732,b0493,b3588,b3003,b3011,b1241,b0351,b4069,b2744,b3708,b3115,b1849,b2296,b2925,b2097,b3617,b1238,b3236,b2883,b1779,b2690,b1982,b2797,b3117,b1814,b4471,b2210,b1623,b3665,b0675,b2361,b0411,b0822,b4381,b2406,b0112,b1727,b0114,b1539,b2492,b0904,b1533,b1511,b3662,b2285
