Deletion size,Max growth rate,Min production rate,Deleted genes,,,,,,,,,,,,,,,,,,,,,,,,,,,,,,,,,,,
23,0.457223426103797,0.876256579708242,b3399,b1241,b0351,b4069,b2502,b2744,b2297,b2458,b3617,b1982,b4374,b0675,b2361,b2291,b0261,b0507,b0112,b2975,b0114,b3603,b0529,b2492,b0904,,,,,,,,,,,,,
28,0.400922780118916,0.768357883657747,b3399,b4382,b1241,b0351,b4069,b4384,b2744,b3115,b1849,b2296,b2779,b0160,b2407,b0907,b1982,b3616,b3589,b0675,b2361,b0261,b0507,b0112,b2975,b0114,b3603,b0529,b2492,b0904,,,,,,,,
29,0.487265692175593,0.791992154382308,b3553,b3399,b4269,b0493,b3588,b3003,b3011,b1241,b0351,b2744,b0871,b3617,b0160,b3124,b1982,b1033,b4374,b0675,b2361,b2291,b0261,b0112,b2789,b3127,b0114,b0529,b2492,b0904,b0514,,,,,,,
33,0.446957843139449,0.668733855328479,b1241,b0351,b4069,b4384,b2744,b3708,b3752,b2297,b2458,b3617,b2407,b1779,b1982,b2797,b3117,b1814,b4471,b4374,b2361,b2291,b0261,b0411,b0507,b0112,b2975,b0114,b3603,b1539,b2492,b0904,b1533,b3821,b3662,,,
36,0.327535171519382,0.515137819244765,b4467,b1478,b4382,b1241,b4069,b4384,b3752,b3115,b1849,b2296,b2407,b3844,b1004,b3713,b1109,b0046,b3236,b1779,b0937,b1982,b0261,b2799,b3945,b1602,b2913,b2406,b2975,b3603,b0529,b2492,b0904,b1380,b3662,b0606,b2285,b1010
36,0.386583581315562,0.349625379112428,b4467,b4069,b4384,b3752,b2297,b2458,b2407,b3844,b1004,b3713,b1109,b0046,b3236,b1779,b1982,b0261,b2799,b3945,b1602,b2913,b4381,b2406,b3915,b1727,b2975,b0114,b3603,b0529,b2492,b0904,b3927,b1380,b3662,b0606,b2285,b1010
