Deletion size,Max growth rate,Min production rate,Deleted genes,,,,,,,,,,,,,,,,,,,,,,,,,,
22,0.698520049246343,0.368919871409495,b2744,b1278,b3614,b0910,b4152,b2781,b1612,b1611,b4122,b1759,b4374,b0675,b2361,b2291,b1701,b1805,b4138,b4123,b0621,b2197,b3918,b1206,,,,,
23,0.59093007284383,0.312049134358065,b2836,b0474,b2518,b2744,b4152,b2781,b1612,b1611,b4122,b1759,b4374,b4161,b0675,b2361,b2291,b4138,b4123,b0621,b2197,b3918,b1912,b1206,b2285,,,,
27,0.438844775231791,0.231773673815187,b3831,b3614,b0910,b3752,b4152,b0871,b2779,b2781,b1612,b1611,b4122,b1759,b4138,b4123,b0621,b2913,b4381,b2406,b0452,b0114,b2492,b0904,b3918,b1912,b1206,b0221,b2285
