Deletion size,Max growth rate,Min production rate,Deleted genes,,,,,,,,,,,,,,,,,,,,,,,,
23,0.595744346181802,0.314639397714806,b2836,b3846,b2341,b2744,b1278,b3614,b0910,b4152,b2781,b1612,b1611,b4122,b1759,b4374,b0675,b2361,b2291,b4138,b4123,b0621,b2197,b3918,b1206,,
23,0.595743155717354,0.314638768976039,b2836,b4382,b4384,b2744,b3614,b0910,b4152,b2781,b1612,b1611,b4122,b1759,b4374,b0675,b4138,b4123,b0621,b2406,b2197,b3918,b4042,b0494,b1206,,
25,0.603456767151916,0.318712674287652,b0474,b2518,b3831,b4152,b2781,b0030,b1612,b1611,b4122,b0651,b2162,b1759,b3449,b4161,b4138,b4123,b0621,b4381,b2406,b2197,b3918,b0789,b1249,b0494,b1206
