Deletion size,Max growth rate,Min production rate,Deleted genes,,,,,,,,,,,,,,,,,,,,,
21,0.648335198167604,1.24338794057927,b4382,b1241,b0351,b4069,b4384,b3115,b1849,b2296,b0030,b2407,b3616,b3589,b3665,b3654,b3714,b3664,b0114,b0529,b2492,b0904,b1511,
21,0.648335198167594,1.24338794057927,b4382,b1241,b0351,b4069,b4384,b2297,b2458,b3617,b0030,b2407,b3654,b2868,b3714,b3664,b4064,b4464,b0114,b0529,b2492,b0904,b1517,
22,0.64833519816765,1.24338794058024,b4382,b1241,b0351,b4069,b4384,b3115,b1849,b2296,b3617,b0030,b2407,b3654,b2868,b3714,b3664,b4064,b4464,b0114,b0529,b2492,b0904,b1517
