Deletion size,Max growth rate,Min production rate,Deleted genes,,,,,,,,,,,,,,,,,,,,,,,,,,,
21,0.630109782367786,0.805623291623779,b1241,b0351,b4069,b4384,b3752,b3115,b1849,b2296,b2407,b3616,b3589,b3665,b4381,b3654,b3714,b3664,b0114,b0529,b2492,b0904,b1517,,,,,,,
24,0.630130314526918,0.805366824430212,b3399,b4382,b1241,b0351,b4069,b2502,b4384,b2744,b2297,b2458,b0030,b2883,b1982,b3616,b3589,b1623,b2361,b2291,b0411,b0114,b0529,b2492,b0904,b1511,,,,
28,0.789478840484399,0.136660958354808,b3399,b2744,b3708,b3008,b0871,b0160,b2797,b3117,b1814,b4471,b3449,b1623,b3665,b4374,b0675,b2361,b2291,b2239,b3654,b3714,b3664,b0114,b2366,b2492,b0904,b1533,b3927,b1517
