Deletion size,Max growth rate,Min production rate,Deleted genes,,,,,,,,,,,,,,,,,,,,,,,,,,
27,0.69127622781275,0.0180879337867255,b3399,b4269,b0493,b3588,b3003,b3011,b0474,b1241,b0351,b2744,b0910,b0871,b3236,b2883,b0477,b3616,b3589,b2210,b0411,b4381,b0114,b0529,b2492,b0904,b0515,b1517,b2285
22,0.711124963464204,0.145044366129159,b4269,b0493,b3588,b3003,b3011,b1241,b0351,b2744,b0871,b2925,b2097,b2883,b2690,b3616,b3589,b0411,b3945,b4381,b2868,b0114,b2492,b0904,,,,,
23,0.495176494718793,0.0129567881659671,b3399,b2744,b3708,b3008,b0871,b2926,b2883,b1982,b2797,b3117,b1814,b4471,b0675,b2361,b0411,b4381,b0114,b1539,b2492,b0904,b1533,b3821,b1511,,,,
