Deletion size,Max growth rate,Min production rate,Deleted genes,,,,,,,,,,,,,,,,,,,,,,
15,0.585415622168069,0.37295336473858,b4069,b3708,b2297,b2458,b2797,b3117,b1814,b4471,b4381,b0114,b2366,b2492,b0904,b1533,b2285,,,,,,,,
16,0.801116165266694,0.272659486316574,b3708,b3008,b0871,b2797,b3117,b1814,b4471,b2440,b4381,b0114,b2366,b2492,b0904,b1533,b0516,b1518,,,,,,,
16,0.801116165266694,0.272659486316574,b3708,b3008,b0871,b2797,b3117,b1814,b4471,b2440,b4381,b0114,b2366,b2492,b0904,b1533,b0515,b1511,,,,,,,
17,0.780551916437459,0.492873653507271,b4069,b3708,b0512,b2297,b2458,b2797,b3117,b1814,b4471,b4381,b0114,b2366,b2492,b0904,b1533,b3821,b1518,,,,,,
18,0.780551916437461,0.492873653409162,b4069,b3708,b3115,b1849,b2296,b2797,b3117,b1814,b4471,b2440,b4381,b0114,b2366,b2492,b0904,b1533,b0515,b1518,,,,,
23,0.78054578447297,0.496652696695575,b3399,b4069,b2744,b3708,b2297,b2458,b0160,b2797,b3117,b1814,b4471,b4374,b2361,b2291,b1701,b1805,b0114,b2366,b2492,b0904,b1533,b0516,b1517
