Deletion size,Max growth rate,Min production rate,Deleted genes,,,,,,,,,,,,,,,,,,,,,,,,,,,,,,,
19,0.572962907578177,1.09806822885539,b1241,b0351,b4069,b4384,b3752,b2297,b2458,b3617,b2407,b1982,b0261,b4381,b2406,b0112,b0114,b0529,b2492,b0904,b3662,,,,,,,,,,,,,
27,0.487033019685581,0.920968481962063,b3399,b1241,b0351,b4069,b2502,b2744,b2297,b2458,b3236,b0907,b1779,b1982,b3616,b3589,b2210,b1623,b3665,b0675,b2361,b4381,b0112,b0114,b0529,b2492,b0904,b0516,b1517,,,,,
32,0.687595613533305,0.15782748835531,b3399,b0474,b2518,b2502,b2744,b3708,b3008,b0871,b3115,b1849,b2296,b2779,b1238,b1982,b2797,b3117,b1814,b4471,b0675,b2361,b0261,b4381,b0114,b0529,b1539,b2492,b0904,b2947,b2578,b1533,b3927,b3821
