Deletion size,Max growth rate,Min production rate,Deleted genes,,,,,,,,,,,,,,,,,,,,,,,,,
21,0.60004882372438,0.316912786005938,b3831,b3614,b0910,b3752,b4152,b2781,b1612,b1611,b4122,b1759,b4138,b4123,b0621,b4381,b2406,b2197,b3821,b3918,b0789,b1249,b1206,,,,,
24,0.590719244441583,0.311985415355591,b0474,b2518,b3831,b1278,b4152,b2781,b0030,b1612,b1611,b4122,b0651,b2162,b1759,b4161,b4138,b4123,b0621,b4381,b2406,b0452,b2197,b3918,b1206,b0221,,
26,0.591040223298963,0.311110393347597,b0474,b2518,b3831,b2744,b1278,b3752,b4152,b2781,b3844,b1612,b1611,b4122,b1759,b4374,b4161,b2361,b2291,b0411,b4138,b4123,b0621,b3915,b0452,b2197,b3918,b1206
