Deletion size,Max growth rate,Min production rate,Deleted genes,,,,,,,,,,,,,,,,,,,,,,,,
21,0.722669749975249,0.381557920734205,b2744,b1278,b3614,b0910,b4152,b2781,b1612,b1611,b4122,b1759,b4374,b0675,b2361,b2291,b4138,b4123,b0621,b0452,b3029,b3918,b1206,,,,
22,0.726922892007937,0.383920690808798,b2744,b3614,b0910,b4152,b2781,b1612,b1611,b4122,b1759,b4374,b0675,b4138,b4123,b0621,b4381,b2406,b2835,b3918,b0789,b1249,b0494,b1206,,,
25,0.56644521204887,0.299165206553614,b2836,b0474,b2518,b3831,b4152,b2781,b0030,b1232,b1612,b1611,b4122,b0651,b2162,b1759,b4161,b0411,b4138,b4123,b0621,b4381,b3918,b4042,b1206,b2285,b3924
