Deletion size,Max growth rate,Min production rate,Deleted genes,,,,,,,,,,,,,,,,,,,,,,
19,0.414360067494116,0.529591806703381,b2066,b1241,b0351,b4069,b4384,b2297,b2458,b3617,b0030,b2407,b1779,b2498,b2868,b0114,b0529,b2492,b0904,b1517,b2285,,,,
23,0.396891298621902,0.50034167710472,b2836,b4384,b2744,b3708,b3008,b3752,b0871,b2407,b1982,b2797,b3117,b1814,b4471,b4374,b2361,b2291,b0114,b1539,b2492,b0904,b1533,b3927,b1517
19,0.784806987115449,0.135408674779107,b3399,b1241,b0351,b4069,b2744,b3115,b1849,b2296,b2779,b3617,b2913,b4381,b2868,b0114,b0529,b2492,b0904,b1517,b2285,,,,
