Deletion size,Max growth rate,Min production rate,Deleted genes,,,,,,,,,,,,,,,,,,,,,,,
22,0.571393754562637,0.301778754503669,b1855,b2744,b3614,b0910,b4152,b2781,b1612,b1611,b4122,b1759,b4374,b0675,b2361,b2291,b4138,b4123,b0621,b2197,b3821,b3918,b1912,b1206,,
24,0.570600231525873,0.301359659279236,b1855,b0474,b2518,b2744,b4152,b2781,b1612,b1611,b4122,b1759,b4374,b4161,b0675,b2361,b2291,b4138,b4123,b0621,b2197,b3821,b3918,b0789,b1249,b1206
24,0.560760086115658,0.295171604383251,b4382,b3831,b4384,b3614,b0910,b3752,b4152,b2781,b3844,b1612,b1611,b4122,b1759,b4138,b4123,b0621,b2406,b3915,b0452,b2197,b3918,b1912,b1206,b3546
