Deletion size,Max growth rate,Min production rate,Deleted genes,,,,,,,,,,,,,,,,,,,,,,,,,,,,,,,
21,0.442856466778016,1.69497865517116,b4382,b1241,b0351,b4069,b4384,b0512,b2297,b2458,b0030,b2407,b1612,b1611,b4122,b3616,b3589,b0261,b0114,b0529,b2492,b0904,b2285,,,,,,,,,,,
21,0.375437473417505,1.43953502362632,b1241,b0351,b4069,b4384,b3752,b2297,b2458,b2407,b1612,b1611,b4122,b1779,b3616,b3589,b4381,b0114,b0529,b2492,b0904,b1517,b2285,,,,,,,,,,,
32,0.560304458935137,0.102796348711698,b2242,b3553,b0474,b2518,b3831,b1278,b3752,b2781,b1004,b3713,b1109,b0046,b1612,b1611,b4122,b1759,b2210,b1033,b4161,b1415,b4138,b4123,b0621,b4381,b2406,b0452,b3028,b3918,b1206,b2285,b3893,b1474
