Deletion size,Max growth rate,Min production rate,Deleted genes,,,,,,,,,,,,,,,,,,,,,,,,
22,0.656566928965479,0.346762540697396,b4382,b3831,b4384,b3614,b0910,b3752,b4152,b2781,b1612,b1611,b4122,b1759,b2440,b4138,b4123,b0621,b2406,b2197,b3918,b1912,b0494,b1206,,,
25,0.656568374926221,0.346763304375182,b0474,b2518,b3831,b2744,b1278,b3752,b4152,b2781,b1612,b1611,b4122,b1759,b4374,b4161,b2361,b2291,b0411,b4138,b4123,b0621,b2197,b3825,b3918,b0494,b1206
23,0.655520863941787,0.346210066686594,b2744,b3614,b0910,b4152,b2781,b1612,b1611,b4122,b1759,b4374,b0675,b2361,b2291,b4138,b4123,b0621,b2197,b2835,b3918,b0789,b1249,b0494,b1206,,
