Deletion size,Max growth rate,Min production rate,Deleted genes,,,,,,,,,,,,,,,,,,,,,,,,,,,,
25,0.452255665326524,0.667512628593293,b3553,b4382,b1241,b0351,b4069,b4384,b2744,b3752,b2297,b2458,b2407,b1779,b1982,b3616,b3589,b1033,b0261,b0411,b0507,b0112,b0114,b0529,b2492,b0904,b3662,,,,
26,0.478021897795285,1.55393494249672,b4382,b4269,b0493,b3588,b3003,b3011,b1241,b0351,b4384,b3752,b0871,b2407,b1982,b3616,b3589,b0261,b0507,b2406,b0112,b2975,b0114,b3603,b0529,b2492,b0904,b3662,,,
29,0.7141491608319,0.219603109747732,b4382,b4069,b4384,b3708,b3008,b2297,b2458,b0030,b2407,b3844,b1982,b2797,b3117,b1814,b4471,b0261,b2406,b0452,b0114,b0529,b1539,b2492,b0904,b2947,b2578,b1533,b3927,b3825,b3662
