Deletion size,Max growth rate,Min production rate,Deleted genes,,,,,,,,,,,,,,,,,,,,,,,,,,,,,,,,,,,,,,,,,,,,,,,,,,,,,,,,
27,0.496733690480087,0.0791558797799107,b0469,b4069,b4384,b2744,b3708,b2297,b2458,b2779,b2926,b2407,b0517,b2797,b3117,b1814,b4471,b4374,b2361,b2291,b2789,b3127,b0452,b0114,b1539,b2492,b0904,b1533,b2285,,,,,,,,,,,,,,,,,,,,,,,,,,,,,,
30,0.524372713739744,0.356665901817147,b4382,b1241,b0351,b4069,b4384,b3708,b3752,b2297,b2458,b3617,b2407,b3124,b1982,b2797,b3117,b1814,b4471,b0261,b2406,b0112,b2789,b3127,b0452,b0114,b2366,b2492,b0904,b1533,b0514,b3662,,,,,,,,,,,,,,,,,,,,,,,,,,,
57,0.387170292338609,0.196327731459815,b4467,b1478,b3399,b1241,b4069,b2502,b2744,b3708,b3115,b1849,b2296,b3844,b1004,b3713,b1109,b0046,b3124,b3236,b1779,b1982,b2797,b3117,b1814,b4471,b4374,b0675,b2361,b2291,b0261,b2799,b3945,b1602,b3709,b0153,b3161,b0112,b2789,b3127,b2975,b3603,b0584,b0755,b3612,b1539,b2492,b0904,b1533,b2835,b1380,b1473,b0494,b2660,b4141,b1798,b0606,b2285,b1007
