Deletion size,Max growth rate,Min production rate,Deleted genes,,,,,,,,
9,0.540085240239166,0.319625685684916,b0008,b0586,b2464,b2029,b1907,b0112,b1473,b0576,b1338
9,0.540085240238092,0.319625685684134,b0008,b2464,b2029,b1907,b0112,b3035,b1473,b0576,b1336
9,0.540085240239194,0.31962568568453,b0008,b2464,b2029,b1907,b0112,b0591,b1473,b0576,b1336
