Deletion size,Max growth rate,Min production rate,Deleted genes,,,,,,,,,,,,,,,,,,,,,,,,
21,0.726401658779423,0.1918227020361,b3831,b3614,b0910,b4152,b2781,b0030,b1612,b1611,b4122,b0651,b2162,b1759,b4138,b4123,b0621,b4381,b2406,b3821,b3918,b4042,b1206,,,,
22,0.707563465260559,0.0883566339437069,b0474,b2518,b2744,b4152,b2781,b1612,b1611,b4122,b0907,b1759,b4374,b4161,b0675,b4138,b4123,b0621,b4381,b3821,b3918,b4042,b1206,b3924,,,
25,0.36189979486466,0.127040399236861,b1241,b0351,b4069,b2930,b4232,b3697,b3925,b2297,b2458,b2926,b3124,b0517,b2690,b3616,b3589,b3945,b4381,b0114,b0755,b3612,b0529,b2492,b0904,b1517,b2285
