Deletion size,Max growth rate,Min production rate,Deleted genes,,,,,,,,,,,,,,,,,,,,,,,,
21,0.626989278133498,0.331141252299422,b2744,b3614,b0910,b4152,b2781,b1612,b1611,b4122,b1779,b1759,b4374,b0675,b2361,b2291,b4138,b4123,b0621,b3821,b3918,b1912,b1206,,,,
21,0.626989278133632,0.331141252298012,b3831,b3614,b0910,b3752,b4152,b2781,b1612,b1611,b4122,b1779,b1759,b4138,b4123,b0621,b4381,b2406,b3821,b3918,b0789,b1249,b1206,,,,
25,0.609809292347833,0.321466151872437,b4382,b0474,b2518,b4384,b2744,b4152,b2779,b2781,b1612,b1611,b4122,b1779,b1759,b4374,b4161,b0675,b4138,b4123,b0621,b2406,b0452,b3918,b1912,b1206,b4209
