Deletion size,Max growth rate,Min production rate,Deleted genes,,,,,,,,,,,,,,,,,,,,,,,,,
23,0.510467858547434,0.0301798807399457,b3553,b0474,b1241,b0351,b3926,b0871,b2779,b3844,b1004,b3713,b1109,b0046,b3236,b1033,b1602,b2913,b4381,b0529,b2492,b0904,b1380,b0606,b2285,,,
26,0.566260497506742,0.721742183958295,b3553,b1478,b1241,b0351,b2930,b4232,b3697,b3925,b2926,b1004,b3713,b1109,b0046,b3236,b2690,b1033,b1493,b3517,b4015,b1602,b1380,b2660,b0606,b0221,b2285,b4209
26,0.508659926306586,0.129477858256239,b3553,b4069,b3926,b2297,b2458,b3844,b1004,b3713,b1109,b0046,b3236,b1638,b1779,b0477,b4139,b1033,b1602,b0507,b2913,b4381,b2492,b0904,b3029,b1380,b1517,b2285
