Deletion size,Max growth rate,Min production rate,Deleted genes,,,,,,,,,,,,,,,,,,,,,,,,,,
23,0.623666094790567,0.329285594660308,b4382,b4384,b2744,b3614,b0910,b4152,b2926,b2781,b3844,b1612,b1611,b4122,b1759,b4374,b0675,b4138,b4123,b0621,b2406,b0452,b3918,b4042,b1206,,,,
26,0.683357423968729,0.360911806681912,b0474,b2518,b3831,b3752,b4152,b2297,b2458,b2781,b1612,b1611,b4122,b1759,b2440,b4161,b4138,b4123,b0621,b4381,b2406,b0114,b2492,b0904,b3918,b1912,b0494,b1206,
27,0.544437662804945,0.287454266052096,b3831,b2744,b3614,b0910,b4152,b2779,b2781,b0030,b3844,b1612,b1611,b4122,b0651,b2162,b1759,b4374,b2361,b2291,b0411,b4138,b4123,b0621,b0452,b3918,b4042,b1206,b2285
