Deletion size,Max growth rate,Min production rate,Deleted genes,,,,,,,,,,,,,,,,,,,,,,,,,,,,,,,,,
15,0.500559950301246,1.37777750505821,b1241,b0351,b4069,b2297,b2458,b2925,b2097,b3617,b3946,b0825,b4381,b0114,b2492,b0904,b2285,,,,,,,,,,,,,,,,,,,
15,0.379310955399686,0.305845250957347,b1241,b0351,b0871,b2925,b2097,b3617,b1779,b3946,b0825,b0726,b4381,b0114,b2492,b0904,b2285,,,,,,,,,,,,,,,,,,,
20,0.581528646661329,0.700429570007466,b3399,b1241,b0351,b4069,b2744,b3115,b1849,b2296,b2925,b2097,b3617,b0517,b1779,b3946,b0825,b0507,b4381,b0114,b2492,b0904,,,,,,,,,,,,,,
24,0.496018834454455,1.19306282959348,b4382,b1241,b0351,b4069,b4384,b3708,b3752,b3115,b1849,b2296,b3617,b2407,b1982,b2797,b3117,b1814,b4471,b0114,b1539,b2492,b0904,b1533,b1511,b2285,,,,,,,,,,
34,0.581067710749493,0.402337674667432,b4384,b2744,b3708,b3008,b0871,b0030,b2407,b2797,b3117,b1814,b4471,b3449,b3665,b4374,b2361,b2291,b0411,b2239,b3654,b3714,b3664,b0114,b0886,b2366,b2492,b0904,b2578,b1533,b3927,b1511,b4141,b1798,b3662,b2285
