Deletion size,Max growth rate,Min production rate,Deleted genes,,,,,,,,,,,,,,,,,,,,,,,,,,,,,,,,,,,,,,,,,,
22,0.493608126033738,0.473158558384431,b1241,b0351,b4069,b4384,b3752,b2297,b2458,b3617,b2407,b1982,b0261,b4381,b2406,b0112,b0114,b0509,b3125,b0529,b2492,b0904,b0508,b3662,,,,,,,,,,,,,,,,,,,,,
25,0.779150306872102,0.293627529409171,b3708,b0871,b3115,b1849,b2296,b2925,b2097,b0030,b2407,b3236,b2690,b2797,b3117,b1814,b4471,b3945,b4381,b2868,b0114,b2366,b0529,b2492,b0904,b1533,b3825,,,,,,,,,,,,,,,,,,
43,0.479429086057243,0.0221695899997485,b4467,b4069,b4384,b3752,b2297,b2458,b2407,b1004,b3713,b1109,b0046,b3124,b3236,b1638,b1779,b1982,b0477,b4139,b0261,b2799,b3945,b1602,b4381,b2406,b2789,b3127,b3915,b1727,b2975,b0114,b3603,b0529,b2492,b0904,b2954,b3927,b3029,b1380,b2660,b0514,b3662,b2285,b1010
