Deletion size,Max growth rate,Min production rate,Deleted genes,,,,,,,,,,,,,,,,,,,,,,,
21,0.696918256274578,0.368073892460677,b3831,b1278,b3614,b0910,b3752,b4152,b2781,b1612,b1611,b4122,b1759,b4138,b4123,b0621,b4381,b2406,b2197,b3825,b3918,b0494,b1206,,,
21,0.696918256274578,0.368073892460634,b2744,b3614,b0910,b4152,b2781,b1612,b1611,b4122,b1759,b4374,b0675,b4138,b4123,b0621,b4381,b2406,b2197,b3821,b3918,b4042,b1206,,,
24,0.69301166341766,0.365954788241199,b3831,b3614,b0910,b4152,b2781,b0030,b1612,b1611,b4122,b0651,b2162,b1759,b3449,b4138,b4123,b0621,b4381,b2239,b2406,b0452,b2197,b3918,b1912,b1206
