Deletion size,Max growth rate,Min production rate,Deleted genes,,,,,,,,,,,,,,,,,,,,,,,,,,,,,,,,,,,,,,,,,,,
25,0.493317285105459,0.945759533246708,b1241,b0351,b4069,b4384,b2744,b3752,b3115,b1849,b2296,b3617,b2407,b3124,b1982,b4374,b2361,b2291,b0261,b0411,b0112,b0114,b0529,b2492,b0904,b0514,b3662,,,,,,,,,,,,,,,,,,,
27,0.780579152557987,0.00304738099965229,b3399,b0238,b0125,b4069,b2744,b3708,b3115,b1849,b2296,b2883,b0517,b0477,b2797,b3117,b1814,b4471,b4374,b2361,b2291,b0261,b0411,b0507,b0114,b2366,b2492,b0904,b3821,,,,,,,,,,,,,,,,,
44,0.4942485130049,0.024065763370615,b3553,b4382,b4269,b0493,b3846,b3588,b3003,b3011,b4384,b3752,b0871,b2407,b1004,b3713,b1109,b0046,b3236,b1638,b1779,b1982,b4139,b1033,b1623,b0261,b2799,b3945,b1602,b2406,b3915,b1727,b0114,b0509,b3125,b0529,b2492,b0904,b2954,b3927,b3029,b1380,b2660,b3662,b2285,b1009
