Deletion size,Max growth rate,Min production rate,Deleted genes,,,,,,,,,,,,,,,,,,,,,,,,,,,,,,,,,,,,,,,,,,,
20,0.492736225474531,0.944315918629898,b4382,b1241,b0351,b4069,b4384,b3752,b2297,b2458,b3617,b2407,b1982,b0261,b0507,b2406,b0112,b0114,b0529,b2492,b0904,b3662,,,,,,,,,,,,,,,,,,,,,,,,
21,0.492736225474534,0.944315918617218,b3399,b1241,b0351,b4069,b2502,b2744,b2297,b2458,b3617,b1982,b4374,b0675,b2361,b2291,b0261,b0507,b0112,b0114,b0529,b2492,b0904,,,,,,,,,,,,,,,,,,,,,,,
22,0.515765038220342,0.507500075408842,b4382,b1241,b0351,b4069,b4384,b2744,b3752,b3115,b1849,b2296,b3617,b2407,b1982,b0261,b0411,b0507,b0112,b0114,b0529,b2492,b0904,b3662,,,,,,,,,,,,,,,,,,,,,,
23,0.521216537192534,0.847175195817529,b4269,b0493,b3588,b3003,b3011,b1241,b0351,b4384,b0871,b3617,b0030,b2407,b1982,b0261,b0507,b4381,b2406,b0112,b0114,b0529,b2492,b0904,b3662,,,,,,,,,,,,,,,,,,,,,
27,0.550798048884783,0.435082722784551,b3399,b4269,b0493,b3588,b3003,b3011,b1241,b0351,b2502,b2744,b0871,b1238,b1982,b3616,b3589,b0675,b2361,b0261,b4381,b0112,b0114,b0509,b3125,b0529,b2492,b0904,b0508,,,,,,,,,,,,,,,,,
44,0.494219590955011,0.0241619633676432,b3553,b3399,b4382,b4269,b0493,b3846,b3588,b3003,b3011,b2502,b4384,b2744,b0871,b2779,b2407,b1004,b3713,b1109,b0046,b3236,b1638,b1982,b4139,b1033,b0675,b2361,b0261,b2799,b3945,b1602,b0507,b2913,b3915,b1727,b0114,b0529,b2492,b0904,b2954,b3927,b3029,b1380,b2285,b1007
