Deletion size,Max growth rate,Min production rate,Deleted genes,,,,,,,,,,,,,,,,,,,,,,,
21,0.55975473025769,0.295631662014294,b3831,b3614,b0910,b3752,b4152,b2781,b1612,b1611,b4122,b1759,b4138,b4123,b0621,b4381,b2406,b0452,b2197,b3918,b4042,b1206,b0221,,,
22,0.570749914108912,0.301438713387716,b1054,b2744,b3614,b0910,b4152,b2781,b1612,b1611,b4122,b1759,b4374,b0675,b2361,b2291,b4138,b4123,b0621,b2197,b3821,b3918,b1912,b1206,,
24,0.569958177092266,0.301020561437855,b0474,b2518,b3831,b3752,b4152,b2781,b1612,b1611,b4122,b1759,b4161,b1701,b1805,b4138,b4123,b0621,b4381,b2406,b2197,b3918,b0789,b1249,b1206,b3546
