Deletion size,Max growth rate,Min production rate,Deleted genes,,,,,,,,,,,,,,,,,,,,,,,,,,,,,,,,,,,,,,,,,,,,,,,,,,,,,,
17,0.669073799774235,1.28316077292527,b1241,b0351,b4069,b3115,b1849,b2296,b0517,b3616,b3589,b0505,b4381,b0511,b0114,b0529,b2492,b0904,b1518,,,,,,,,,,,,,,,,,,,,,,,,,,,,,,,,,,,,,,
20,0.801151729153245,0.0031276963148775,b3831,b4384,b3708,b3008,b0871,b2407,b0517,b2797,b3117,b1814,b4471,b2498,b0507,b0511,b0114,b2366,b2492,b0904,b2835,b0494,,,,,,,,,,,,,,,,,,,,,,,,,,,,,,,,,,,
55,0.491569846025076,0.0162890680836915,b2836,b3553,b1478,b3399,b4269,b0493,b3588,b3003,b3011,b0238,b0125,b1241,b0351,b4384,b2744,b0871,b2926,b3617,b2407,b1004,b3713,b1109,b0046,b3236,b1638,b2937,b3908,b1656,b4139,b1033,b0675,b2361,b2799,b3945,b1602,b0507,b2913,b4381,b3915,b3654,b3714,b3664,b0511,b4064,b4464,b2492,b0904,b2954,b1380,b2965,b0693,b0515,b1518,b2285,b1011
