Deletion size,Max growth rate,Min production rate,Deleted genes,,,,,,,,,,,,,,,,,,,,,,,,,,,,,,,,,,,,,,,,,,,,,,,,,,,
23,0.459735814008267,0.881071504547938,b3553,b4382,b1241,b0351,b4069,b4384,b2297,b2458,b0030,b2407,b1982,b3616,b3589,b1033,b0261,b0507,b2406,b0112,b0114,b0529,b2492,b0904,b3662,,,,,,,,,,,,,,,,,,,,,,,,,,,,,
24,0.445339753041417,0.853481835200417,b3553,b4382,b1241,b0351,b4069,b4384,b2744,b3752,b2297,b2458,b3617,b2407,b0907,b1982,b1033,b0261,b0411,b0507,b0112,b0114,b0529,b2492,b0904,b3662,,,,,,,,,,,,,,,,,,,,,,,,,,,,
52,0.483970381465392,0.167366153348227,b3553,b3399,b3846,b2341,b0474,b2518,b3831,b4069,b2502,b2744,b3708,b3008,b0910,b3752,b2297,b2458,b3236,b1779,b3962,b1982,b2797,b3117,b1814,b4471,b4267,b1033,b0675,b2361,b0261,b3709,b4381,b2406,b3161,b0112,b0452,b0114,b0509,b3125,b0529,b1539,b2492,b0904,b2578,b1533,b3927,b0325,b1473,b0594,b3447,b4266,b4141,b1798
