Deletion size,Max growth rate,Min production rate,Deleted genes,,,,
3,0.807927100544892,0.478136105660391,b0008,b2464,b2029,,
5,0.80792710054492,0.478136105658369,b0008,b0767,b2464,b3437,b4268
