Deletion size,Max growth rate,Min production rate,Deleted genes,,,,,,,,,,,,,,,,,,,,,,,
20,0.550886456608562,0.290947927624308,b3831,b3614,b0910,b3752,b4152,b2781,b1612,b1611,b4122,b1759,b4138,b4123,b0621,b4381,b2406,b2197,b3821,b3918,b4042,b1206,,,,
23,0.539101988826845,0.284724019891899,b2744,b1278,b3614,b0910,b4152,b2781,b1612,b1611,b4122,b1759,b4374,b0675,b4138,b4123,b0621,b4381,b2406,b0452,b2197,b3918,b1206,b3546,b0221,
24,0.550886456608562,0.290947927625101,b3831,b2744,b3614,b0910,b3752,b4152,b2781,b1612,b1611,b4122,b1759,b4374,b2361,b2291,b4138,b4123,b0621,b2406,b2197,b3825,b3918,b4042,b0494,b1206
