Deletion size,Max growth rate,Min production rate,Deleted genes,,,,,,,,,,,,,,,,,,,,,,,,,,,,
18,0.536423532628992,2.0568017776587,b1241,b0351,b4069,b4384,b3752,b2297,b2458,b2926,b3617,b2407,b1982,b4381,b0114,b0529,b2492,b0904,b0515,b1517,,,,,,,,,,,
19,0.535583030825332,0.535507513647752,b1241,b0351,b4069,b2744,b2297,b2458,b2925,b2097,b3617,b1779,b2690,b3945,b4381,b2868,b0114,b2492,b0904,b1380,b1511,,,,,,,,,,
29,0.446492579441539,1.45263994301452,b4269,b3942,b1732,b0493,b3588,b3003,b3011,b1241,b0351,b1479,b0871,b3617,b3236,b1779,b3962,b3946,b2210,b0825,b4267,b2799,b4381,b2868,b0114,b0529,b2492,b0904,b0508,b4266,b1518
