Deletion size,Max growth rate,Min production rate,Deleted genes,,,,,,,,,,,,,,,,,,,,,,,,,,,,,,,,,,,
22,0.600445836644927,1.95190590837785,b4382,b4269,b0493,b3588,b3003,b3011,b1241,b0351,b4384,b3752,b0871,b3617,b2407,b1982,b0261,b2406,b0112,b0114,b0529,b2492,b0904,b3662,,,,,,,,,,,,,,
25,0.500435502624574,1.89262455132714,b3399,b1241,b0351,b4069,b2744,b2297,b2458,b2926,b3617,b2883,b1982,b1623,b3665,b0675,b2361,b4388,b4381,b0112,b4064,b4464,b0114,b0529,b2492,b0904,b1518,,,,,,,,,,,
36,0.682053760811756,0.469666312016811,b3399,b2744,b3708,b3008,b0871,b1238,b2883,b1779,b0120,b1982,b2797,b3117,b1814,b4471,b0595,b0675,b2361,b0261,b4381,b2406,b0112,b2868,b4064,b4464,b0114,b0886,b2366,b2492,b0904,b2578,b1533,b3927,b3821,b4141,b1798,b3662
