Deletion size,Max growth rate,Min production rate,Deleted genes,,,,
3,0.823215946251744,0.487184136286482,b0008,b2464,b2029,,
5,0.823215946252071,0.487184136297103,b0008,b2464,b1852,b3437,b4268
