Deletion size,Max growth rate,Min production rate,Deleted genes,,,,,,,,,,,,,,,,,,,,,,,,,,,,,,,,,,,,,,,
22,0.509945650519821,0.752660912178453,b3399,b1241,b0351,b4069,b2744,b2297,b2458,b3617,b0160,b1238,b1982,b0675,b2361,b0261,b0507,b4381,b0112,b2868,b0114,b0529,b2492,b0904,,,,,,,,,,,,,,,,,,
23,0.467386596411335,1.76700877719165,b3553,b3399,b1241,b0351,b4069,b2744,b2297,b2458,b3617,b0160,b1982,b1033,b0675,b2361,b0261,b0507,b4381,b2406,b0112,b0114,b0529,b2492,b0904,,,,,,,,,,,,,,,,,
40,0.438545823066069,0.377727027503686,b3553,b3399,b4069,b2744,b2297,b2458,b2779,b0160,b1004,b3713,b1109,b0046,b3236,b1638,b3908,b1656,b1982,b4139,b1033,b0675,b2361,b0261,b2799,b3945,b1602,b4381,b2406,b3915,b0452,b1727,b0114,b0529,b2492,b0904,b2954,b1380,b2660,b0516,b2285,b1011
