Deletion size,Max growth rate,Min production rate,Deleted genes,,,,,,,,,,,,,,,,,,,,,,,,,,,,,
23,0.458226654141391,1.75635847930891,b3553,b4382,b1241,b0351,b4069,b4384,b3115,b1849,b2296,b3617,b0030,b2407,b1982,b1033,b0261,b0507,b2406,b0112,b0114,b0529,b2492,b0904,b3662,,,,,,,
27,0.458226654141416,1.7563584793058,b3553,b1241,b0351,b4069,b4384,b2744,b2297,b2458,b0030,b2407,b1982,b3616,b3589,b1033,b4374,b2361,b2291,b0261,b0411,b0112,b0114,b0509,b3125,b0529,b2492,b0904,b3662,,,
30,0.400121753267404,1.53364547382406,b3553,b3399,b1241,b0351,b4069,b2502,b2744,b3115,b1849,b2296,b2926,b3617,b3124,b1982,b1033,b0675,b2361,b2291,b0261,b4388,b4381,b0112,b2789,b3127,b0114,b0755,b3612,b0529,b2492,b0904
