Deletion size,Max growth rate,Min production rate,Deleted genes,,,,,,,,,,,,,,,,,,,,,,,,,,,,,,,,,,,,,,,,,,,,
29,0.780155972357414,0.0596911203892517,b3399,b2744,b3708,b3008,b0871,b0160,b1982,b2797,b3117,b1814,b4471,b2440,b4374,b0675,b2361,b2291,b0261,b3453,b0114,b0886,b2366,b2492,b0904,b2578,b1533,b3927,b2240,b4141,b1798,,,,,,,,,,,,,,,,
45,0.780155972357435,0.0596911203892267,b3553,b3399,b4069,b2744,b3708,b2297,b2458,b2926,b0160,b3844,b1004,b3713,b1109,b0046,b3236,b1982,b2797,b3117,b1814,b4471,b1033,b4374,b0675,b2361,b2291,b0261,b2799,b3945,b1602,b0153,b2913,b0452,b1727,b0114,b2366,b2492,b0904,b3035,b1533,b1380,b4141,b1798,b0606,b2285,b1010
27,0.447312496950786,0.101224278701432,b3399,b2744,b3708,b3008,b0871,b0160,b1982,b2797,b3117,b1814,b4471,b4374,b0675,b2361,b2291,b0261,b0114,b0886,b2366,b2492,b0904,b2578,b1533,b3927,b3821,b4141,b1798,,,,,,,,,,,,,,,,,,
