Deletion size,Max growth rate,Min production rate,Deleted genes,,,,,,,,,,,,,,,,,,,,,,,,,,,,,,,,,,
15,0.803143615150374,0.837511736889718,b3942,b1732,b1479,b3236,b2463,b2210,b3551,b4219,b1832,b1778,b1710,b2480,b1206,b0606,b4209,,,,,,,,,,,,,,,,,,,,
15,0.803291116614722,0.834529501664448,b3942,b1732,b1479,b3844,b3236,b2463,b2210,b3551,b4219,b1832,b1778,b1710,b2480,b1206,b0606,,,,,,,,,,,,,,,,,,,,
31,0.607540094679742,0.633537950239223,b3553,b3942,b1732,b1479,b0871,b2925,b2097,b3617,b3236,b2463,b3962,b1525,b3946,b2210,b0825,b4267,b1033,b3551,b2799,b0726,b4219,b1832,b1778,b0114,b2492,b0904,b1710,b2480,b4266,b1206,b4209,,,,
34,0.427161921560199,0.445441034445238,b3553,b3942,b1732,b1241,b0351,b0871,b2925,b2097,b1004,b3713,b1109,b0046,b3236,b2463,b3946,b2210,b0825,b1033,b3551,b1602,b4219,b1832,b1778,b1727,b2492,b0904,b1380,b1710,b2480,b1771,b1206,b0606,b2285,b4209,
35,0.524384394996347,1.45077881601237,b3553,b1478,b3942,b1732,b1241,b0351,b2297,b2458,b2925,b2097,b2926,b3844,b1004,b3713,b1109,b0046,b2690,b2463,b2210,b1033,b3551,b2799,b3945,b1602,b4219,b1832,b1778,b1380,b1710,b2480,b1695,b1206,b0606,b2285,b1011
