Deletion size,Max growth rate,Min production rate,Deleted genes,,,,,,,,,,,,,,,,,,,,,,,,,,,,,,,,,,,,,,,,,,,,,,,
21,0.513270752454471,0.983669795404091,b1241,b0351,b4069,b4384,b3752,b3115,b1849,b2296,b2407,b1982,b3616,b3589,b0261,b4381,b2406,b0112,b0114,b0529,b2492,b0904,b3662,,,,,,,,,,,,,,,,,,,,,,,,,,,
25,0.514943563102046,0.973977901255494,b3399,b1241,b0351,b4069,b2744,b2297,b2458,b0160,b3616,b3589,b1623,b3665,b0675,b2361,b0261,b4381,b2406,b0112,b3654,b3714,b3664,b0114,b0529,b2492,b0904,,,,,,,,,,,,,,,,,,,,,,,
48,0.372026080840792,0.585111831190076,b4467,b1478,b4382,b0238,b0125,b0474,b2518,b1241,b4069,b4384,b3752,b2297,b2458,b2926,b2781,b0099,b0160,b3844,b1004,b3713,b1109,b0046,b3236,b0207,b3012,b0937,b1982,b0477,b0261,b2799,b1602,b2406,b2868,b4064,b4464,b0529,b2492,b0904,b1781,b3001,b1380,b0325,b2660,b1771,b3662,b0606,b2285,b1007
