Deletion size,Max growth rate,Min production rate,Deleted genes,,,,,,,,,,,,,,,,,,,,,,,,,,,,,,,,,
31,0.772096968539115,0.0891014056806,b3399,b2502,b4384,b2744,b3708,b3008,b0871,b2797,b3117,b1814,b4471,b3665,b4374,b0675,b2361,b2291,b3654,b3714,b3664,b0114,b0886,b2366,b2492,b0904,b2578,b1533,b3927,b3821,b4141,b1798,b1518,,,
34,0.506760265191653,0.505473094118088,b3399,b1241,b0351,b4069,b2502,b2744,b3708,b2297,b2458,b3617,b3124,b1982,b2797,b3117,b1814,b4471,b2440,b4374,b0675,b2361,b2291,b0261,b0112,b2789,b3127,b2975,b0114,b3603,b1539,b2492,b0904,b1533,b0494,b0514
34,0.506706405639018,0.496944774295415,b2836,b3399,b4382,b1241,b0351,b4069,b2502,b2744,b3708,b2297,b2458,b3617,b2797,b3117,b1814,b4471,b0675,b2361,b0261,b0411,b4381,b2406,b0112,b3654,b2868,b3714,b3664,b4064,b4464,b0114,b1539,b2492,b0904,b1533
