Deletion size,Max growth rate,Min production rate,Deleted genes,,,,,,,,,,,,,,,,,,,,,,,,,,,,,,,,,,
20,0.51963979616431,1.99175179779244,b1241,b0351,b4069,b4384,b2297,b2458,b0030,b2407,b1982,b3616,b3589,b0261,b4381,b2406,b0112,b0114,b0529,b2492,b0904,b3662,,,,,,,,,,,,,,,
21,0.519639796164339,1.99175179779947,b3399,b1241,b0351,b4069,b2502,b2744,b3115,b1849,b2296,b3617,b1982,b4374,b0675,b2361,b2291,b0261,b0112,b0114,b0529,b2492,b0904,,,,,,,,,,,,,,
35,0.44878399228687,0.146952635337856,b4467,b3399,b4069,b2502,b4384,b2744,b2297,b2458,b2926,b3844,b1004,b3713,b1109,b0046,b3236,b0937,b3665,b0675,b2361,b3945,b1602,b2913,b4381,b3654,b3714,b3664,b1727,b0114,b0529,b2492,b0904,b1380,b1518,b0606,b2285
