Deletion size,Max growth rate,Min production rate,Deleted genes,,,,,,,,,,,,,,,,,
4,0.809484892535848,0.800029299506323,b3114,b3952,b0903,b0529,,,,,,,,,,,,,,
18,0.660893770595413,1.17113217994484,b4269,b0493,b3588,b3003,b3011,b3926,b3114,b3952,b0903,b0767,b0907,b2463,b1302,b2662,b1602,b0837,b0124,b1518
