Deletion size,Max growth rate,Min production rate,Deleted genes,,,,,,,,,,,,,,,,,,,,,,,,,,,,,,
21,0.70165423565268,0.370518622938476,b3831,b3614,b0910,b3752,b4152,b2781,b1612,b1611,b4122,b1759,b4138,b4123,b0621,b4381,b2406,b0452,b2197,b3825,b3918,b4042,b1206,,,,,,,,,,
21,0.701652584288626,0.370517750925441,b2836,b4382,b3831,b4384,b1278,b3614,b0910,b3752,b4152,b2781,b1612,b1611,b4122,b1759,b4138,b4123,b0621,b2406,b2197,b3918,b1206,,,,,,,,,,
24,0.704446450662391,0.372049870685127,b0474,b2518,b3831,b2744,b3752,b4152,b2781,b1612,b1611,b4122,b1759,b4374,b4161,b2361,b2291,b0411,b4138,b4123,b0621,b2197,b3821,b3918,b4042,b1206,,,,,,,
24,0.603522816322767,0.318698913866932,b2836,b0474,b2518,b3831,b3752,b4152,b2781,b1612,b1611,b4122,b1779,b1759,b4161,b4138,b4123,b0621,b4381,b2406,b0114,b2492,b0904,b3918,b1912,b1206,,,,,,,
26,0.642246275554683,0.339199159215005,b3831,b3614,b0910,b4152,b2779,b2781,b0030,b1612,b1611,b4122,b0651,b2162,b1759,b3449,b4138,b4123,b0621,b4381,b2406,b0114,b2492,b0904,b3918,b1912,b0494,b1206,,,,,
31,0.598108308085259,0.315887912563112,b4382,b3831,b4384,b3614,b0910,b3752,b4152,b3115,b1849,b2296,b2925,b2097,b2781,b1612,b1611,b4122,b1779,b2690,b1759,b4015,b0411,b3945,b4138,b4123,b0621,b2913,b0529,b2197,b3918,b1912,b1206
