Deletion size,Max growth rate,Min production rate,Deleted genes,,,,,,,,,,,,,,,,,,,,,,,,,,,,,,,,
23,0.784389132417066,0.13533657914924,b2836,b3399,b4384,b2744,b3708,b3008,b0871,b2407,b1982,b2797,b3117,b1814,b4471,b0675,b2361,b4381,b0114,b1539,b2492,b0904,b1533,b3927,b1511,,,,,,,,,,
29,0.675227474692436,0.199342579476343,b3399,b4069,b2744,b3708,b0910,b2297,b2458,b2779,b2883,b2797,b3117,b1814,b4471,b1623,b3665,b0411,b4381,b0452,b3654,b3714,b3664,b0114,b2366,b2492,b0904,b1533,b3927,b3029,b1518,,,,
33,0.409052244065189,0.427984749947729,b4467,b1478,b1241,b4069,b4384,b2297,b2458,b2779,b0030,b2407,b3844,b1004,b3713,b1109,b0046,b3236,b2210,b4015,b2799,b3945,b1602,b2913,b4381,b3915,b0529,b1539,b2492,b0904,b1380,b1517,b0606,b2285,b1008
