Deletion size,Max growth rate,Min production rate,Deleted genes,,,,,,,,,,,,,,,,,
14,0.442984344497518,4.10880701857037,b0871,b2779,b2925,b2097,b0517,b3946,b0825,b4381,b0114,b0529,b2492,b0904,b1813,b2285,,,,
16,0.672059968000865,1.19795465631332,b0871,b2297,b2458,b2925,b2097,b2926,b0907,b2690,b1525,b4015,b2661,b0726,b3945,b0114,b3893,b1474,,
18,0.556152126990892,0.49605386073975,b3942,b1732,b2066,b4384,b2930,b4232,b3697,b3925,b0871,b2407,b3236,b2690,b2210,b3945,b0114,b2492,b0904,b2285
