Deletion size,Max growth rate,Min production rate,Deleted genes,,,,,,,,,,,,,,,,,,,,,,
21,0.552550802575804,2.117897941086,b1241,b0351,b4069,b4384,b2744,b3115,b1849,b2296,b3617,b0030,b2407,b1982,b0261,b0411,b4381,b0112,b0114,b0529,b2492,b0904,b3662,,
23,0.55255080257579,2.11789794108604,b3399,b4382,b1241,b0351,b4069,b2502,b4384,b2744,b3115,b1849,b2296,b1982,b3616,b3589,b0675,b2361,b0261,b4381,b0112,b0114,b0529,b2492,b0904
23,0.582043204556682,1.37968045046969,b4269,b0493,b3588,b3003,b3011,b1241,b0351,b4384,b2744,b0871,b3617,b0030,b2407,b1982,b0261,b0411,b4381,b0112,b0114,b0529,b2492,b0904,b3662
