Deletion size,Max growth rate,Min production rate,Deleted genes,,,,,,,,,,,,,,,,,,,,,,
22,0.646237209705865,0.341306951120128,b2744,b3614,b0910,b4152,b2781,b1612,b1611,b4122,b1759,b2440,b4374,b0675,b2361,b2291,b4138,b4123,b0621,b2197,b3918,b1912,b0494,b1206,
23,0.646235808891694,0.341306211286501,b4382,b4384,b2744,b3614,b0910,b4152,b2781,b1612,b1611,b4122,b1759,b4374,b0675,b4138,b4123,b0621,b2406,b2197,b3825,b3918,b4042,b0494,b1206
23,0.645222379256359,0.34077097349233,b0474,b2518,b2744,b4152,b2781,b1612,b1611,b4122,b1759,b4374,b4161,b0675,b4138,b4123,b0621,b4381,b2406,b2197,b3825,b3918,b1912,b0494,b1206
