Deletion size,Max growth rate,Min production rate,Deleted genes,,,,,,,,,,,,,,,,,,,,,,,,,,,,,,,,,,,,,,,
15,0.662646665833484,0.747134389901781,b0910,b0512,b0871,b2925,b2097,b2926,b2690,b0675,b0822,b4381,b1727,b0114,b0529,b2492,b0904,,,,,,,,,,,,,,,,,,,,,,,,,
15,0.801147649891789,0.00312768042558537,b3708,b3008,b0871,b2797,b3117,b1814,b4471,b2440,b0261,b4381,b0114,b2366,b2492,b0904,b0515,,,,,,,,,,,,,,,,,,,,,,,,,
17,0.775653347381194,0.00302815065341028,b4069,b3708,b0512,b3115,b1849,b2296,b2797,b3117,b1814,b4471,b4381,b0452,b0114,b1539,b2492,b0904,b1518,,,,,,,,,,,,,,,,,,,,,,,
18,0.600353894575212,1.48831906321849,b4269,b0493,b3588,b3003,b3011,b1241,b0351,b0871,b2925,b2097,b2926,b3617,b3946,b0825,b0114,b2492,b0904,b0516,,,,,,,,,,,,,,,,,,,,,,
19,0.712078298832174,1.42339430499781,b4269,b0493,b3588,b3003,b3011,b0474,b1241,b0351,b0512,b0871,b2925,b2097,b3617,b2690,b0477,b3945,b0114,b2492,b0904,,,,,,,,,,,,,,,,,,,,,
40,0.469253596097703,0.0125942972968147,b4467,b1478,b0238,b0125,b1241,b4069,b2297,b2458,b2779,b3844,b1004,b3713,b1109,b0046,b3236,b1638,b3908,b1656,b0937,b0477,b4139,b4015,b0505,b3945,b1602,b2913,b4381,b3654,b3714,b3664,b4064,b4464,b0529,b2492,b0904,b2954,b1380,b1518,b2285,b1009
