Deletion size,Max growth rate,Min production rate,Deleted genes,,,,,,,,,,,,,,,,,,,,,,,,,,,,
21,0.582512542342925,1.11662965140863,b1241,b0351,b4069,b4384,b2744,b2297,b2458,b3617,b0030,b2883,b1982,b0261,b4381,b2868,b4064,b4464,b0114,b0529,b2492,b0904,b3662,,,,,,,,
26,0.494464648538191,0.113826915894537,b2836,b4382,b4384,b2744,b3708,b3008,b3752,b0871,b2926,b2407,b1982,b2797,b3117,b1814,b4471,b2868,b0114,b2366,b0529,b2492,b0904,b1533,b3927,b3662,b1517,b2285,,,
29,0.661732784943313,0.280648859007101,b2836,b4069,b4384,b2744,b3708,b3115,b1849,b2296,b0030,b2883,b1779,b1982,b2797,b3117,b1814,b4471,b4381,b2868,b4064,b4464,b0114,b2366,b0529,b2492,b0904,b1533,b3927,b1511,b3662
