Deletion size,Max growth rate,Min production rate,Deleted genes,,,,,,,,,,,,,,,,,,,,,,,,
21,0.635212219010979,0.812146983081156,b1241,b0351,b4069,b2744,b3115,b1849,b2296,b3617,b2883,b4381,b3654,b2868,b3714,b3664,b4064,b4464,b0114,b0529,b2492,b0904,b1517,,,,
24,0.366622554961456,0.0737185385951966,b3399,b1241,b0351,b2502,b2744,b2930,b4232,b3697,b3925,b0871,b2779,b3617,b3946,b0825,b4374,b2361,b2291,b2913,b2868,b0114,b0529,b2492,b0904,b2285,
25,0.615073502608514,0.111674129044125,b3399,b1241,b0351,b2744,b2930,b4232,b3697,b3925,b0871,b2297,b2458,b2926,b3617,b0160,b2690,b1982,b0675,b2361,b3945,b4381,b0114,b0529,b2492,b0904,b1517
