Deletion size,Max growth rate,Min production rate,Deleted genes,,,,,,,,,,,,,,,,,,,,,,,,,,,,,,
17,0.456933651726928,0.500982191243754,b1241,b0351,b4069,b4384,b2297,b2458,b3617,b0030,b2407,b1982,b4381,b0114,b0529,b2492,b0904,b1511,b2285,,,,,,,,,,,,,,
20,0.720948143200672,0.126902349557014,b2836,b0474,b2518,b3831,b3752,b4152,b2781,b1612,b1611,b4122,b1759,b4161,b4138,b4123,b0621,b4381,b2406,b3918,b1912,b1206,,,,,,,,,,,
21,0.565483817908076,0.722489834467015,b4382,b1241,b0351,b4069,b4384,b2744,b2297,b2458,b0030,b2407,b1982,b3616,b3589,b0261,b0411,b0112,b0114,b0529,b2492,b0904,b3662,,,,,,,,,,
22,0.722215499647753,0.127125431496739,b3831,b3614,b0910,b4152,b2781,b0030,b1612,b1611,b4122,b0651,b2162,b1759,b4138,b4123,b0621,b4381,b2406,b0452,b2835,b3918,b4042,b1206,,,,,,,,,
23,0.547715491459644,0.700032796201396,b3399,b1241,b0351,b4069,b2744,b2297,b2458,b0160,b1612,b1611,b4122,b1982,b3616,b3589,b0675,b2361,b2291,b4381,b0114,b0529,b2492,b0904,b1517,,,,,,,,
31,0.466213537883625,0.13160907080718,b3553,b4269,b0493,b3588,b3003,b3011,b0871,b2926,b1004,b3713,b1109,b0046,b3236,b1033,b3945,b1602,b4381,b3915,b0452,b1727,b0114,b0529,b2492,b0904,b1380,b2660,b1511,b0606,b2285,b1011,b4209
