Deletion size,Max growth rate,Min production rate,Deleted genes,,,,,,,,,,,,,,,,,,,,,,,,,,,,,,,,,,,,,,,,,,,
37,0.381193306606375,0.399401068427999,b3553,b1478,b1241,b4069,b2297,b2458,b1004,b3713,b1109,b0046,b3236,b1033,b0411,b2799,b3945,b1602,b2913,b4381,b3915,b3654,b3714,b3664,b4064,b4464,b0755,b3612,b0529,b2492,b0904,b1380,b0516,b1517,b0606,b0221,b2285,b1011,b4209,,,,,,,
42,0.306801021900857,0.274477846838408,b4467,b1478,b3399,b1241,b0351,b4069,b2744,b2930,b4232,b3697,b3925,b0871,b2297,b2458,b1004,b3713,b1109,b0046,b3236,b1779,b2690,b1982,b0675,b2361,b2799,b3945,b1602,b2913,b4381,b3915,b2975,b3603,b0529,b2492,b0904,b1380,b1695,b1511,b0606,b2285,b1010,b4209,,
44,0.310031916115947,0.594167951382672,b4467,b3399,b3942,b1732,b1241,b0351,b4069,b2502,b2744,b3926,b2297,b2458,b2779,b3844,b1004,b3713,b1109,b0046,b2463,b1982,b3616,b3589,b2210,b4374,b0675,b2361,b2291,b3551,b0261,b1602,b4219,b1832,b1778,b3915,b0114,b0529,b2492,b0904,b1380,b1710,b2480,b1771,b0606,b2285
