Deletion size,Max growth rate,Min production rate,Deleted genes,,,,,,,,,,,,,,,,,,,,,,,,,,,,,,,,
23,0.577518455216619,0.197580036170246,b4467,b1478,b4269,b0493,b3588,b3003,b3011,b1241,b2779,b1004,b3713,b1109,b0046,b3236,b1779,b1602,b2913,b1380,b0606,b0221,b2285,b3924,b4209,,,,,,,,,,
23,0.611771128008157,0.117764106822698,b4467,b1478,b4269,b0493,b3588,b3003,b3011,b1241,b3844,b1004,b3713,b1109,b0046,b3236,b1779,b1602,b2913,b0509,b3125,b1380,b0508,b0606,b2285,,,,,,,,,,
24,0.518480022696662,0.843074181666603,b3399,b4269,b0493,b3588,b3003,b3011,b1241,b0351,b2502,b2744,b0871,b3617,b1982,b4374,b0675,b2361,b2291,b0261,b0507,b0112,b0114,b0529,b2492,b0904,,,,,,,,,
24,0.549309095430274,0.433906578600705,b4382,b4269,b0493,b3588,b3003,b3011,b1241,b0351,b4384,b2744,b3752,b0871,b3617,b2407,b1982,b0261,b0411,b0507,b0112,b0114,b0529,b2492,b0904,b3662,,,,,,,,,
32,0.516678779607097,0.408131457056922,b3399,b4269,b0493,b3588,b3003,b3011,b1241,b0351,b4384,b2744,b3752,b0871,b2779,b3617,b2883,b1982,b1623,b0261,b0411,b4381,b0112,b2789,b3127,b0114,b0755,b3612,b0529,b2492,b0904,b2954,b0514,b3662,
33,0.48936547474763,0.21040770185717,b4467,b4269,b0493,b3846,b3588,b2341,b3003,b3011,b0474,b2518,b3926,b0871,b2926,b1004,b3713,b1109,b0046,b3236,b1638,b4139,b1602,b2913,b3915,b0509,b3125,b0529,b2492,b0904,b3029,b1380,b0508,b1771,b2285
