Deletion size,Max growth rate,Min production rate,Deleted genes,,,,,,,,,,,,,,,,,,,,,,,,,,
22,0.627534290961141,0.331429098038845,b2744,b3614,b0910,b4152,b2781,b1612,b1611,b4122,b1779,b1759,b4374,b0675,b2361,b2291,b1701,b1805,b4138,b4123,b0621,b3918,b4042,b1206,,,,,
22,0.620238390979449,0.327525813785623,b2836,b0474,b2518,b2744,b4152,b2926,b2781,b1612,b1611,b4122,b1759,b4374,b4161,b0675,b4138,b4123,b0621,b4381,b2406,b3918,b1912,b1206,,,,,
23,0.706547019388503,0.373102327874967,b2836,b3831,b2744,b3614,b0910,b3752,b4152,b2781,b1612,b1611,b4122,b1759,b4374,b2361,b2291,b0411,b4138,b4123,b0621,b2197,b3918,b1912,b1206,,,,
25,0.659905220841308,0.348525642752177,b3846,b2341,b3831,b3614,b0910,b4152,b2779,b2781,b0030,b1612,b1611,b4122,b0651,b2162,b1759,b4138,b4123,b0621,b4381,b2406,b0452,b3918,b0789,b1249,b1206,,
25,0.659195100826788,0.348150596518245,b0474,b2518,b3831,b2744,b3752,b4152,b2779,b2781,b1612,b1611,b4122,b1759,b4374,b4161,b2361,b2291,b1701,b1805,b4138,b4123,b0621,b2406,b3918,b4042,b1206,,
27,0.555660987463036,0.293469572066744,b2744,b3614,b0910,b4152,b2781,b1612,b1611,b4122,b1759,b4374,b0675,b4138,b4123,b0621,b4381,b2239,b2406,b3453,b2197,b3825,b3918,b0789,b1249,b1206,b2285,b3893,b1474
