Deletion size,Max growth rate,Min production rate,Deleted genes,,,,,,,,,,,,,,,,,,,,,,,,,,,,,,,,,,,,
31,0.725251321539869,0.308134386227022,b4382,b4069,b4384,b3708,b3008,b2297,b2458,b0030,b2407,b2688,b2797,b3117,b1814,b4471,b2440,b3665,b2406,b3654,b3714,b3664,b0114,b2366,b2492,b0904,b0591,b2578,b1533,b3927,b0494,b1511,b3662,,,,,,
37,0.452360536901177,0.191618717136498,b4467,b2836,b3399,b4069,b2744,b3708,b2297,b2458,b2926,b0160,b1238,b1004,b3713,b1109,b0046,b3236,b1982,b2797,b3117,b1814,b4471,b0675,b2361,b0261,b1602,b4381,b1727,b0114,b2366,b0529,b2492,b0904,b1533,b3927,b1380,b2660,b2285
37,0.572072183568124,0.129671449292106,b2836,b4382,b4384,b3708,b3008,b2930,b4232,b3697,b3925,b0512,b0871,b2297,b2458,b2779,b0030,b2407,b1982,b2797,b3117,b1814,b4471,b3946,b0825,b0261,b2406,b0114,b0529,b1539,b2492,b0904,b2578,b1533,b3927,b1380,b3447,b3662,b1813
