Deletion size,Max growth rate,Min production rate,Deleted genes,,,,,,,,,,,,,,,,,,,,,,,,,,,,,,,,,,,,,,,,,,,
43,0.394448280331701,0.579848438846487,b1241,b0351,b4069,b4384,b2744,b3708,b3752,b2297,b2458,b2407,b3844,b0583,b1982,b2797,b3117,b1814,b4471,b3616,b3589,b4374,b2361,b2291,b4014,b0261,b2976,b0411,b0507,b3709,b3161,b0112,b3915,b0452,b2975,b0114,b3603,b1539,b2492,b0904,b1533,b1473,b4141,b1798,b3662,
44,0.390292352419115,0.583606632929318,b3553,b1241,b0351,b4069,b4384,b2744,b3708,b3115,b1849,b2296,b0030,b2407,b3844,b3236,b1982,b2797,b3117,b1814,b4471,b3616,b3589,b3449,b1033,b4374,b2361,b2291,b0261,b0411,b0507,b3709,b3161,b0112,b0452,b2868,b0114,b1539,b2492,b0904,b1533,b1473,b0594,b4141,b1798,b3662
39,0.387965918637708,0.580455092780171,b3553,b3399,b4382,b1241,b0351,b4069,b2502,b2744,b3708,b2297,b2458,b3617,b1982,b2797,b3117,b1814,b4471,b1033,b0595,b0675,b2361,b4014,b0261,b2976,b0507,b3709,b4381,b2406,b3161,b0112,b0114,b2366,b2492,b0904,b1533,b3821,b1473,b4141,b1798,,,,,
