Deletion size,Max growth rate,Min production rate,Deleted genes,,,
3,0.254314923931413,0.280707345265034,b2914,b4090,b3546,
3,0.254314923931413,0.280707345264837,b1054,b2914,b4090,
4,0.25199240546176,0.278143799122527,b4388,b0529,b2914,b4090
