Deletion size,Max growth rate,Min production rate,Deleted genes,,,,,,,,,,,,,,,,,,,,,,,,,,,
24,0.552140793681604,0.654215062211772,b3399,b4269,b0493,b3588,b3003,b3011,b1241,b0351,b2744,b0871,b3617,b0160,b1238,b1982,b0675,b2361,b0261,b0507,b4381,b0112,b0114,b0529,b2492,b0904,,,,
25,0.483241699337609,1.82824880434521,b3399,b1241,b0351,b4069,b2502,b2744,b3115,b1849,b2296,b3617,b1623,b3665,b0675,b2361,b4381,b2406,b0112,b3654,b3714,b3664,b0114,b0529,b2492,b0904,b1511,,,
28,0.473970372968786,0.30110157608666,b2836,b3399,b4069,b2502,b2744,b3708,b3008,b3115,b1849,b2296,b2926,b1238,b1982,b2797,b3117,b1814,b4471,b0675,b2361,b0261,b4381,b0114,b1539,b2492,b0904,b1533,b3927,b2285
