Deletion size,Max growth rate,Min production rate,Deleted genes,,,,,,,,,,,,,,,,,,,,,,,,,,,,,,,,,,,,,
31,0.398716513607542,1.50846458465332,b3399,b1241,b0351,b4069,b2744,b0871,b2297,b2458,b2925,b2097,b3617,b3236,b2883,b0907,b3946,b2210,b0825,b1623,b3665,b0411,b4381,b3654,b2868,b3714,b3664,b0114,b0529,b2492,b0904,b1517,b2285,,,,,,,
36,0.300113915298831,0.401906753181205,b3553,b4382,b4269,b0493,b3588,b3003,b3011,b1241,b0351,b4384,b0871,b2779,b2925,b2097,b0030,b2407,b1004,b3713,b1109,b0046,b3236,b1982,b3616,b3589,b3946,b0825,b1033,b2913,b2406,b0114,b0529,b2492,b0904,b1380,b1517,b2285,,
38,0.36898009508141,1.16146816369648,b3553,b1478,b1241,b4069,b3115,b1849,b2296,b2779,b3844,b1004,b3713,b1109,b0046,b3236,b1033,b0261,b0411,b2799,b3945,b1602,b0153,b4381,b3654,b3714,b3664,b4064,b4464,b0509,b3125,b0529,b2492,b0904,b3035,b1380,b2660,b0606,b2285,b1011
