Deletion size,Max growth rate,Min production rate,Deleted genes,,,,,,,,,,,,,,,,,,,,,,,,,,,,,,,,,,
20,0.555315400273251,0.29328705207716,b3831,b3614,b0910,b3752,b4152,b2781,b1612,b1611,b4122,b1759,b4138,b4123,b0621,b4381,b2406,b2197,b3821,b3918,b4042,b1206,,,,,,,,,,,,,,,
35,0.555315400273187,0.293287052077292,b4467,b2242,b3831,b1278,b3614,b0910,b2781,b0030,b1004,b3713,b1109,b0046,b1612,b1611,b4122,b0651,b2162,b1759,b2210,b1415,b4138,b4123,b0621,b4381,b2406,b2197,b3825,b3028,b3918,b0494,b1206,b3546,b2285,b3893,b1474
22,0.458745802488328,0.242284301854979,b2744,b1278,b3614,b0910,b4152,b2781,b1612,b1611,b4122,b1759,b4374,b0675,b2361,b2291,b4138,b4123,b0621,b2197,b3821,b3918,b1206,b3546,,,,,,,,,,,,,
