Deletion size,Max growth rate,Min production rate,Deleted genes,,,,,,,,,,,,,,,,,,,,,,,,
20,0.52846508653512,0.520114457397032,b3399,b1241,b0351,b4069,b2502,b2744,b2297,b2458,b3617,b1982,b0675,b2361,b2291,b0261,b4381,b0112,b0114,b0529,b2492,b0904,,,,,
23,0.562385023656691,0.444360840512959,b3399,b4269,b0493,b3588,b3003,b3011,b1241,b0351,b2744,b0871,b3617,b0160,b1982,b0675,b2361,b2291,b0261,b4381,b0112,b0114,b0529,b2492,b0904,,
25,0.542998577017598,0.882579298613978,b4269,b0493,b3588,b3003,b3011,b1241,b0351,b4384,b2744,b0871,b3617,b0030,b2407,b1982,b4374,b2361,b2291,b0261,b2406,b0112,b0114,b0529,b2492,b0904,b3662
