Deletion size,Max growth rate,Min production rate,Deleted genes,,,,,,,,,,,,,,,,,,,,,,,,,,,,,,,,,,,
22,0.656568374926086,0.346763304375417,b2744,b1278,b3614,b0910,b4152,b2781,b1612,b1611,b4122,b1759,b4374,b0675,b2361,b2291,b4138,b4123,b0621,b2197,b3825,b3918,b0494,b1206,,,,,,,,,,,,,,
23,0.655520863941793,0.346210066684205,b0474,b2518,b2744,b4152,b2781,b1612,b1611,b4122,b1759,b3449,b4374,b4161,b0675,b4138,b4123,b0621,b4381,b2406,b2197,b3918,b1912,b0494,b1206,,,,,,,,,,,,,
23,0.655520863941793,0.346210066686488,b0474,b2518,b2744,b4152,b2781,b1612,b1611,b4122,b1759,b4374,b4161,b0675,b4138,b4123,b0621,b4381,b2406,b2197,b3825,b3918,b4042,b0494,b1206,,,,,,,,,,,,,
23,0.655520863941793,0.346210066686566,b4382,b0474,b2518,b3831,b4384,b3752,b4152,b2781,b1612,b1611,b4122,b1759,b2440,b4161,b4138,b4123,b0621,b2406,b2197,b3918,b1912,b0494,b1206,,,,,,,,,,,,,
35,0.521253946235352,0.275297665436372,b4467,b2242,b4382,b3831,b4384,b1278,b3614,b0910,b3752,b2781,b1004,b3713,b1109,b0046,b1612,b1611,b4122,b1759,b3449,b2210,b4138,b4123,b0621,b2406,b0306,b3605,b2197,b3028,b3918,b0418,b0494,b1206,b2285,b3893,b1474,
36,0.521255562449532,0.275298519028893,b4467,b2242,b2744,b3614,b0910,b2781,b1004,b3713,b1109,b0046,b3236,b1612,b1611,b4122,b1759,b4374,b0675,b4014,b2976,b4138,b4123,b0621,b4381,b2406,b0306,b3605,b2492,b0904,b2197,b3825,b3028,b3918,b1912,b0494,b1206,b2285
