Deletion size,Max growth rate,Min production rate,Deleted genes,,,,,,,,,,,,,,,,,
16,0.5207517000865,0.369290026535405,b3831,b4152,b2925,b2097,b2926,b1232,b1612,b1611,b4122,b3946,b0825,b4138,b4123,b0621,b1206,b2285,,
17,0.423282787372464,0.300170142171978,b4152,b2925,b2097,b1612,b1611,b4122,b1779,b2690,b3945,b4138,b4123,b0621,b0114,b1206,b2285,b3893,b1474,
18,0.756225083719161,0.399396496829575,b2744,b3614,b0910,b4152,b2781,b1612,b1611,b4122,b1759,b4374,b0675,b4138,b4123,b0621,b4381,b3918,b1912,b1206
