Deletion size,Max growth rate,Min production rate,Deleted genes,,,,
5,0.800294672369471,0.473619188878942,b0008,b2464,b1852,b0837,b0124
5,0.800294672369471,0.473619188878942,b0008,b0767,b2464,b0837,b0124
