Deletion size,Max growth rate,Min production rate,Deleted genes,,,,,,,,,,,,,,,,,,,,,,,,,,,,,,,,,,,,,,,,,,,,,,,,,,,,,,,,,,,,,,
19,0.736791747554568,0.389132877521263,b3831,b3614,b0910,b3752,b4152,b2781,b1612,b1611,b4122,b1759,b0411,b4138,b4123,b0621,b4381,b3821,b3918,b4042,b1206,,,,,,,,,,,,,,,,,,,,,,,,,,,,,,,,,,,,,,,,,,,,
21,0.732424803397355,0.386767464342568,b2836,b3831,b3614,b0910,b4152,b2781,b0030,b1612,b1611,b4122,b0651,b2162,b1759,b4138,b4123,b0621,b4381,b2406,b3918,b1912,b1206,,,,,,,,,,,,,,,,,,,,,,,,,,,,,,,,,,,,,,,,,,
63,0.293842271423784,0.780751844233435,b2836,b2242,b3553,b3399,b1241,b0351,b4069,b2744,b3708,b3614,b0910,b2297,b2458,b2926,b2781,b0160,b1612,b1611,b4122,b1759,b3962,b0104,b2797,b3117,b1814,b4471,b3616,b3589,b4267,b1033,b0595,b1623,b3665,b4374,b0675,b2361,b2291,b1415,b1014,b0822,b2799,b3709,b1907,b4138,b4123,b0621,b3161,b0112,b0114,b2366,b2492,b0904,b1533,b3028,b1380,b3918,b1912,b1473,b4266,b2842,b1517,b1206,b0221
