Deletion size,Max growth rate,Min production rate,Deleted genes,,,,,,,,,,,,,,,,,,,,,,,,,,,,
22,0.629368941498862,0.33234733248023,b4382,b3831,b4384,b3614,b0910,b3752,b4152,b2781,b1612,b1611,b4122,b1779,b1759,b4138,b4123,b0621,b2406,b0452,b3825,b3918,b4042,b1206,,,,,,,
24,0.710278632394449,0.375072859849036,b2836,b0474,b2518,b3831,b2744,b3752,b4152,b2781,b1612,b1611,b4122,b1759,b4374,b4161,b2361,b2291,b0411,b4138,b4123,b0621,b2197,b3918,b1912,b1206,,,,,
29,0.59842406709911,0.316006445938514,b2836,b3831,b3614,b0910,b4152,b2925,b2097,b2926,b2781,b0030,b1612,b1611,b4122,b0651,b2162,b2690,b1759,b0411,b3945,b4138,b4123,b0621,b2913,b4381,b0529,b2197,b3918,b4042,b1206
