Deletion size,Max growth rate,Min production rate,Deleted genes,,,,,,,,,,,,,,,,,,,,,,,,,,,
20,0.783002088995202,0.177599803034491,b2836,b4384,b3708,b3008,b0871,b0030,b2407,b1982,b2797,b3117,b1814,b4471,b4381,b0114,b1539,b2492,b0904,b1533,b3927,b1517,,,,,,,,
26,0.782984585994424,0.180062547616071,b3399,b4384,b2744,b3708,b3008,b3752,b0871,b2883,b1982,b2797,b3117,b1814,b4471,b1623,b0411,b4381,b0452,b0114,b2366,b2492,b0904,b2954,b1533,b3927,b1518,b4209,,
28,0.445882812856185,0.658255681910171,b3399,b4382,b1241,b0351,b4069,b4384,b2744,b3115,b1849,b2296,b2925,b2097,b3617,b0160,b1851,b1982,b3946,b0825,b0675,b2361,b2291,b0261,b0505,b0112,b0114,b0529,b2492,b0904
