Deletion size,Max growth rate,Min production rate,Deleted genes,,,,,,,,,,,,,,,,,,,,,,,,,,
18,0.65346666447118,1.23598416603495,b1241,b0351,b4069,b3752,b2297,b2458,b2407,b3616,b3589,b0261,b4381,b2868,b4064,b4464,b0114,b0529,b2492,b0904,,,,,,,,,
21,0.770486271976138,0.307068417462018,b4069,b2744,b3708,b3115,b1849,b2296,b2797,b3117,b1814,b4471,b4381,b0452,b2868,b4064,b4464,b0114,b1539,b2492,b0904,b1533,b1518,,,,,,
27,0.577582518443119,0.184078725332122,b0474,b2518,b1241,b0351,b4069,b3708,b3115,b1849,b2296,b2407,b2797,b3117,b1814,b4471,b3654,b2868,b3714,b3664,b4064,b4464,b0114,b1539,b2492,b0904,b1533,b3927,b2285
