Deletion size,Max growth rate,Min production rate,Deleted genes,,,,
4,0.866962239346181,0.156922766213745,b2744,b0910,b0337,b0675,
5,0.866962239346068,0.156922766211003,b2066,b3831,b0910,b3752,b0337
