Deletion size,Max growth rate,Min production rate,Deleted genes,,,,,,,,,,,,,,,,,,,,,,,,,,,,,,,,,,,,,,,,,,,,,,,,,,,,,,
30,0.426175454925534,0.947262740702888,b4467,b1478,b4382,b1241,b4069,b4384,b2297,b2458,b2779,b2407,b3844,b1004,b3713,b1109,b0046,b3236,b0937,b2210,b2799,b3945,b1602,b2913,b0529,b2492,b0904,b1380,b1518,b0606,b2285,b1010,,,,,,,,,,,,,,,,,,,,,,,,,
38,0.456609804691828,0.319105871560702,b4467,b1241,b0351,b4069,b4384,b2297,b2458,b2779,b0030,b3844,b1004,b3713,b1109,b0046,b3236,b1982,b2210,b2799,b3945,b1602,b0153,b2913,b4381,b1727,b4064,b4464,b0529,b2492,b0904,b0591,b3927,b1380,b0516,b1511,b3662,b0606,b2285,b1010,,,,,,,,,,,,,,,,,
55,0.447188659328565,0.110636486757532,b3553,b1478,b3399,b2066,b1241,b4069,b2502,b2744,b2297,b2458,b1004,b3713,b1109,b0046,b3236,b1638,b3908,b1656,b0207,b3012,b1982,b4139,b2498,b1033,b1623,b3665,b0675,b2361,b2291,b4014,b2976,b2799,b1602,b0507,b2913,b3915,b3654,b3714,b3664,b0755,b3612,b0529,b2492,b0904,b1300,b2954,b1781,b3001,b1380,b0325,b1771,b1518,b0221,b2285,b1010
