Deletion size,Max growth rate,Min production rate,Deleted genes,,,,,,,,,,,,,,,,,,,,,,
19,0.724740970408399,0.382709905681517,b2836,b3831,b3614,b0910,b3752,b4152,b2781,b1612,b1611,b4122,b1759,b4138,b4123,b0621,b4381,b2406,b3918,b1912,b1206,,,,
20,0.72346495307265,0.382036086365656,b2836,b0474,b2518,b3831,b3752,b4152,b2781,b1612,b1611,b4122,b1759,b4161,b4138,b4123,b0621,b4381,b2406,b3918,b4042,b1206,,,
21,0.727724120725239,0.384343855742229,b0474,b2518,b3831,b3752,b4152,b2781,b1612,b1611,b4122,b1759,b3449,b4161,b4138,b4123,b0621,b4381,b2406,b3918,b1912,b0494,b1206,,
22,0.723468632606252,0.381979717821811,b0474,b2518,b3831,b1278,b4152,b2781,b0030,b1612,b1611,b4122,b0651,b2162,b1759,b4161,b4138,b4123,b0621,b4381,b2406,b0452,b3918,b1206,
23,0.727724120725239,0.384343855741052,b0474,b2518,b3831,b3752,b4152,b2781,b1612,b1611,b4122,b1759,b4161,b4138,b4123,b0621,b4381,b2239,b2406,b3453,b3825,b3918,b0789,b1249,b1206
23,0.723468632606265,0.381979717832789,b4382,b0474,b2518,b3831,b4384,b4152,b2781,b0030,b1612,b1611,b4122,b0651,b2162,b1759,b4161,b4138,b4123,b0621,b2406,b0452,b3918,b4042,b1206
