Deletion size,Max growth rate,Min production rate,Deleted genes,,,,,,,,,,,,,,,,,,,,,,,,,,,,,,,,,,,,,,,,,,,,,,,,,,,
23,0.707403123093913,0.0103925425061256,b4382,b0474,b2518,b4384,b2744,b4152,b2781,b1612,b1611,b4122,b0907,b1759,b4374,b4161,b0675,b4138,b4123,b0621,b3821,b3918,b4042,b1206,b3924,,,,,,,,,,,,,,,,,,,,,,,,,,,,,
23,0.703382123660407,0.0103083463767519,b2836,b0474,b2518,b3831,b1278,b3614,b0910,b3752,b4152,b2781,b1612,b1611,b4122,b1759,b0411,b4138,b4123,b0621,b2913,b4381,b3918,b1206,b3924,,,,,,,,,,,,,,,,,,,,,,,,,,,,,
24,0.717097628985153,0.0631026551867868,b0474,b2518,b3831,b2744,b1278,b3752,b4152,b2781,b3844,b1612,b1611,b4122,b1759,b4374,b4161,b2361,b2291,b0411,b4138,b4123,b0621,b0452,b3918,b1206,,,,,,,,,,,,,,,,,,,,,,,,,,,,
35,0.29588715431292,0.0239260042966703,b3553,b1478,b4382,b1241,b0351,b4069,b4384,b3752,b3115,b1849,b2296,b2926,b2407,b3844,b1004,b3713,b1109,b0046,b3236,b1982,b1033,b0261,b0411,b2799,b3945,b1602,b2913,b3915,b0529,b2492,b0904,b1380,b0606,b2285,b1009,,,,,,,,,,,,,,,,,
37,0.305503415164926,0.0247035936567802,b3553,b1478,b1241,b0351,b4069,b4384,b3115,b1849,b2296,b2926,b0030,b3844,b1004,b3713,b1109,b0046,b3236,b1982,b1033,b0261,b2799,b3945,b1602,b4381,b2406,b3915,b4064,b4464,b0529,b2492,b0904,b1380,b2660,b3662,b0606,b2285,b1010,,,,,,,,,,,,,,,
52,0.408627997938076,0.0615212824418196,b3553,b1478,b3399,b0474,b2518,b1241,b4069,b2744,b3115,b1849,b2296,b2781,b0160,b1004,b3713,b1109,b0046,b3124,b3236,b1638,b1779,b1759,b1982,b4139,b1033,b4374,b4161,b0675,b2361,b2291,b4014,b0261,b2976,b2799,b3945,b1602,b2913,b2789,b3127,b3915,b0452,b0529,b2492,b0904,b1300,b2954,b3029,b1380,b3918,b4042,b0514,b2285
