Deletion size,Max growth rate,Min production rate,Deleted genes,,,,,,,,,,,,,,,,,,,,,,,,,,
24,0.53598210611022,0.282547523083865,b0474,b2518,b2744,b4152,b2781,b1612,b1611,b4122,b1759,b4374,b4161,b0675,b4138,b4123,b0621,b4381,b2406,b3915,b0452,b2197,b3918,b4042,b1206,b4209,,,
25,0.53645879585978,0.283284792162987,b2836,b4382,b3831,b4384,b3614,b0910,b3752,b4152,b2781,b3844,b1612,b1611,b4122,b1759,b4138,b4123,b0621,b0153,b2223,b2406,b0584,b2197,b3918,b4042,b1206,,
27,0.548104635053036,0.289478722483014,b3831,b2744,b3614,b0910,b4152,b2781,b0030,b1612,b1611,b4122,b0651,b2162,b1759,b4374,b2361,b2291,b0411,b4138,b4123,b0621,b2197,b2835,b3918,b1912,b0494,b1206,b3546
