Deletion size,Max growth rate,Min production rate,Deleted genes,,,,,,,,,,,,,,,,,,,,,,,,,,,,,,,,,,,
20,0.561440406956241,2.15197132352177,b1241,b0351,b4069,b4384,b2744,b3752,b2297,b2458,b3617,b2407,b1982,b0261,b0411,b4381,b0112,b0114,b0529,b2492,b0904,b3662,,,,,,,,,,,,,,,,
34,0.386378710976958,1.21588821075572,b4467,b1478,b1241,b4069,b4384,b3115,b1849,b2296,b0030,b2407,b3844,b1004,b3713,b1109,b0046,b3236,b1779,b0937,b1982,b4015,b0411,b2799,b3945,b1602,b2913,b4381,b0529,b2492,b0904,b1380,b1511,b0606,b2285,b1009,,
36,0.386776793496181,1.19690012630762,b4467,b1478,b3399,b1241,b4069,b4384,b2744,b3752,b2297,b2458,b2779,b3844,b1004,b3713,b1109,b0046,b3236,b1982,b1623,b4015,b0411,b2799,b3945,b1602,b0153,b4381,b0529,b2492,b0904,b3035,b1380,b2660,b1511,b0606,b2285,b1007
