Deletion size,Max growth rate,Min production rate,Deleted genes,,,,,,,,,,,,,,,,,,,,,,,,,
21,0.694688048267972,0.366896019252356,b3831,b3614,b0910,b3752,b4152,b2781,b1612,b1611,b4122,b1759,b4138,b4123,b0621,b4381,b2406,b2197,b3821,b3918,b0789,b1249,b1206,,,,,
21,0.690804335867142,0.36484485596665,b3831,b3614,b0910,b3752,b4152,b2781,b1612,b1611,b4122,b1759,b4138,b4123,b0621,b4381,b2406,b0452,b2197,b3918,b4042,b1206,b0221,,,,,
26,0.694688048267972,0.366896019252748,b3831,b2744,b3614,b0910,b4152,b2781,b0030,b1612,b1611,b4122,b0651,b2162,b1759,b4374,b2361,b2291,b0411,b4138,b4123,b0621,b2197,b2835,b3918,b1912,b0494,b1206
