Deletion size,Max growth rate,Min production rate,Deleted genes,,,,,,,,,,,,,,,,,,,,,,,,,,,,,,,,,,,,,,,,,,,,,,
19,0.61721140955489,0.0161499537004201,b1241,b0351,b4069,b2744,b2297,b2458,b2779,b2925,b2097,b3617,b2883,b2690,b0411,b3945,b4381,b2868,b0114,b2492,b0904,,,,,,,,,,,,,,,,,,,,,,,,,,,,
22,0.69127622781275,0.0180879337628811,b4269,b0493,b3588,b3003,b3011,b1241,b0351,b2744,b0871,b2925,b2097,b2883,b2690,b3616,b3589,b0411,b3945,b4381,b2868,b0114,b2492,b0904,,,,,,,,,,,,,,,,,,,,,,,,,
23,0.711124963464204,0.145044366133116,b3399,b2744,b3708,b3008,b0871,b2926,b2883,b1982,b2797,b3117,b1814,b4471,b0675,b2361,b0411,b4381,b0114,b1539,b2492,b0904,b1533,b3821,b1511,,,,,,,,,,,,,,,,,,,,,,,,
25,0.684815932405597,0.742670780282055,b4269,b0493,b3588,b3003,b3011,b0238,b0125,b1241,b0351,b2744,b0871,b3617,b2883,b0477,b4374,b2361,b2291,b2868,b4064,b4464,b0114,b0529,b2492,b0904,b1518,,,,,,,,,,,,,,,,,,,,,,
27,0.495176494718793,0.0129567881458557,b3399,b4269,b0493,b3588,b3003,b3011,b0474,b1241,b0351,b2744,b0910,b0871,b3236,b2883,b0477,b3616,b3589,b2210,b0411,b4381,b0114,b0529,b2492,b0904,b0515,b1517,b2285,,,,,,,,,,,,,,,,,,,,
47,0.47671576568992,0.333455845230335,b4467,b1478,b3399,b4382,b0238,b0125,b1241,b4069,b4384,b2744,b3752,b2297,b2458,b2926,b3844,b1004,b3713,b1109,b0046,b3236,b2883,b1638,b0207,b3012,b0937,b1982,b0477,b4139,b1623,b4015,b0261,b0411,b2799,b1602,b0529,b2492,b0904,b2954,b1781,b3001,b3029,b1380,b0325,b2660,b1771,b2285,b1011
