Deletion size,Max growth rate,Min production rate,Deleted genes,,,,,,,,,,,,,,,,,,,,,
17,0.649370983070463,1.24522892685452,b1241,b0351,b4069,b4384,b2297,b2458,b0030,b2407,b3616,b3589,b3665,b0261,b4381,b0114,b0529,b2492,b0904,,,,,
20,0.773990198883164,0.328841861843616,b4069,b4384,b3708,b3752,b2297,b2458,b2407,b2797,b3117,b1814,b4471,b3665,b4381,b0114,b2366,b2492,b0904,b1533,b3821,b1511,,
22,0.4981844533047,0.797372863117866,b3399,b4269,b0493,b3588,b3003,b3011,b1241,b0351,b2744,b0871,b2883,b3616,b3589,b1623,b3665,b4381,b0114,b0529,b2492,b0904,b1518,b2285
