Deletion size,Max growth rate,Min production rate,Deleted genes,,,,,,,,,,,,,,,,,,,,,,,,,,,,,,,,,,,,,,,,,,,,,,,,,
27,0.778780880272976,0.0521102474801543,b4382,b1241,b0351,b4069,b4384,b3708,b3752,b2297,b2458,b2407,b1982,b2797,b3117,b1814,b4471,b3616,b3589,b0261,b2406,b0112,b0452,b0114,b1539,b2492,b0904,b1533,b3662,,,,,,,,,,,,,,,,,,,,,,,
50,0.58380064611863,0.2911588962387,b3553,b1478,b4382,b3942,b1732,b1241,b4069,b4384,b3708,b2297,b2458,b2926,b0030,b2407,b3844,b1004,b3713,b1109,b0046,b3236,b1982,b2797,b3117,b1814,b4471,b1033,b3551,b0261,b2799,b3945,b1602,b0153,b4219,b1832,b1778,b2406,b2366,b2492,b0904,b0591,b1533,b1380,b1710,b2480,b4141,b1798,b3662,b0606,b2285,b1011
26,0.45332291606297,0.098336231681818,b2836,b4382,b4384,b3708,b3008,b0871,b0030,b2407,b1982,b2797,b3117,b1814,b4471,b0261,b2406,b0114,b0886,b2366,b2492,b0904,b2578,b1533,b3927,b4141,b1798,b3662,,,,,,,,,,,,,,,,,,,,,,,,
