Deletion size,Max growth rate,Min production rate,Deleted genes,,,,,,,,,,,,,,,,,,,,,,,,,,,,,,,,,,,,,,,,,
20,0.555624392540354,0.525336612398707,b3399,b1241,b0351,b4069,b2502,b2744,b2297,b2458,b3617,b1982,b0675,b2361,b4388,b4381,b2868,b0114,b0529,b2492,b0904,b1518,,,,,,,,,,,,,,,,,,,,,,
21,0.577260683715647,0.553345783788586,b3399,b1241,b0351,b4069,b2502,b4384,b2744,b2297,b2458,b3617,b1982,b3665,b4374,b0675,b2361,b2291,b0114,b0529,b2492,b0904,b1518,,,,,,,,,,,,,,,,,,,,,
26,0.749379243021246,0.158717524499821,b4382,b4069,b4384,b3708,b3008,b3115,b1849,b2296,b0030,b2407,b1982,b2797,b3117,b1814,b4471,b0261,b2406,b0114,b2366,b2492,b0904,b1533,b3927,b3825,b0494,b3662,,,,,,,,,,,,,,,,
27,0.777632946549712,0.0892157802158101,b2836,b3399,b4384,b2744,b3708,b3008,b0871,b2407,b1982,b2797,b3117,b1814,b4471,b0675,b2361,b0261,b4381,b0114,b0886,b1539,b2492,b0904,b2578,b1533,b3927,b4141,b1798,,,,,,,,,,,,,,,
29,0.776780084351085,0.0891492377960818,b4384,b2744,b3708,b3008,b0871,b0030,b2407,b1982,b2797,b3117,b1814,b4471,b4374,b2361,b2291,b0261,b0411,b0114,b0886,b0529,b1539,b2492,b0904,b2578,b1533,b3927,b2835,b0494,b3662,,,,,,,,,,,,,
42,0.336329795896599,0.0542272377830708,b3553,b4382,b4069,b4384,b0871,b3115,b1849,b2296,b2779,b2925,b2097,b0030,b2407,b1004,b3713,b1109,b0046,b3236,b1638,b2690,b1982,b0477,b4139,b1033,b0261,b2799,b3945,b1602,b2913,b2406,b3915,b1727,b0114,b0529,b2492,b0904,b3029,b1380,b1695,b3662,b2285,b1011
