Deletion size,Max growth rate,Min production rate,Deleted genes,,,,,,,,,,,,,,,,,,,,,,,,,,,,,,,,
5,0.652201221120674,0.644582858658437,b3114,b3952,b0903,b0529,b1985,,,,,,,,,,,,,,,,,,,,,,,,,,,,
32,0.372913162518832,0.368557164006067,b3916,b3426,b2242,b3553,b2744,b3114,b3952,b0903,b1851,b1638,b1779,b3962,b0477,b4139,b4267,b1033,b2361,b2291,b1415,b1014,b4014,b2976,b0507,b2943,b1723,b0529,b1539,b3028,b0325,b4266,b2285,b1378,
33,0.396781674203589,0.392146867554938,b3916,b3426,b2242,b3553,b2744,b3114,b3952,b0903,b1638,b1779,b3962,b0477,b4139,b4267,b1033,b2361,b2291,b4015,b1014,b2799,b4265,b1723,b0529,b0306,b1539,b3605,b3028,b4321,b3415,b4476,b4266,b2285,b1378
