Deletion size,Max growth rate,Min production rate,Deleted genes,,,,,,,
8,0.774392110744509,0.549158616580624,b4152,b1612,b1611,b4122,b4138,b4123,b0621,b1206
