Deletion size,Max growth rate,Min production rate,Deleted genes,,,,,,,,,,,,,,,,,,,,,,,
24,0.558171088249702,0.29479526940365,b2836,b0474,b2518,b3831,b3752,b4152,b2781,b1612,b1611,b4122,b1759,b4161,b4138,b4123,b0621,b4381,b2406,b2197,b3918,b0789,b1249,b1206,b3546,b0221
22,0.546076317972399,0.28840747695548,b3831,b3614,b0910,b3752,b4152,b2781,b1612,b1611,b4122,b1759,b2342,b3845,b4138,b4123,b0621,b4381,b2406,b0452,b2197,b3918,b4042,b1206,,
22,0.545351511654099,0.288024674122526,b1054,b2744,b1278,b3614,b0910,b4152,b2781,b1612,b1611,b4122,b1759,b4374,b0675,b2361,b2291,b4138,b4123,b0621,b2197,b3821,b3918,b1206,,
