Deletion size,Max growth rate,Min production rate,Deleted genes,,,,
5,0.655325036831391,0.647670185076191,b3114,b3952,b0903,b0529,b1985
