Deletion size,Max growth rate,Min production rate,Deleted genes,,,,,,,,,,,,,,,,,,,,,,,,
22,0.571608690964733,0.301892272090012,b1054,b2744,b1278,b3614,b0910,b4152,b2781,b1612,b1611,b4122,b1759,b4374,b0675,b2361,b2291,b4138,b4123,b0621,b2197,b3821,b3918,b1206,,,
22,0.570814571244508,0.301472861729646,b0474,b2518,b3831,b1278,b3752,b4152,b2781,b1612,b1611,b4122,b1759,b4161,b4138,b4123,b0621,b4381,b2406,b2197,b3821,b3918,b1206,b3546,,,
23,0.570814571244643,0.301472861730002,b1855,b0474,b2518,b3831,b3752,b4152,b2781,b1612,b1611,b4122,b1759,b4161,b1701,b1805,b4138,b4123,b0621,b4381,b2406,b2197,b3918,b1912,b1206,,
24,0.560579660071788,0.296067344568054,b1054,b2836,b4382,b4384,b2744,b1278,b3614,b0910,b4152,b2781,b1612,b1611,b4122,b1759,b4374,b0675,b4138,b4123,b0621,b2406,b2197,b3918,b1206,b0221,
24,0.560579660071583,0.296067344568582,b1855,b4382,b3846,b2341,b3831,b4384,b1278,b3614,b0910,b3752,b4152,b2781,b1612,b1611,b4122,b1759,b4138,b4123,b0621,b2406,b0452,b2197,b3918,b1206,
25,0.560800646507795,0.295630827611433,b1855,b2744,b3614,b0910,b4152,b2781,b1612,b1611,b4122,b1759,b4374,b0675,b2361,b2291,b4138,b4123,b0621,b3915,b0452,b2197,b3918,b0789,b1249,b1206,b4209
