Deletion size,Max growth rate,Min production rate,Deleted genes,,,,,,,,,,,,,,,,,,,,,,,,,,,,,,,,,,,,,
23,0.561142252310519,0.443378881718845,b3399,b4269,b0493,b3588,b3003,b3011,b1241,b0351,b2744,b0871,b3617,b0160,b1238,b1982,b0675,b2361,b0261,b4381,b0112,b0114,b0529,b2492,b0904,,,,,,,,,,,,,,,
33,0.718262919807034,0.304249857120955,b4382,b0474,b2518,b4069,b4384,b3708,b3008,b2297,b2458,b0030,b2407,b0593,b1982,b2797,b3117,b1814,b4471,b2265,b0261,b2239,b2406,b3453,b0452,b0114,b1539,b2492,b0904,b2578,b1533,b3927,b3825,b3447,b3662,,,,,
38,0.357406335482245,0.0810420057074796,b1478,b4382,b0474,b2518,b1241,b4384,b3708,b3008,b0871,b2925,b2097,b0030,b2407,b1779,b2690,b1982,b2797,b3117,b1814,b4471,b0675,b0261,b0822,b0507,b2406,b0452,b0114,b0886,b0529,b1539,b2492,b0904,b2578,b1533,b3927,b3662,b0221,b2285
