Deletion size,Max growth rate,Min production rate,Deleted genes,,,,,,,,,,,,,,,,,,,,,,,,,,,,,,,,,
23,0.599810764770981,0.316787056359771,b4382,b4384,b2744,b1278,b3614,b0910,b4152,b2781,b1612,b1611,b4122,b1759,b4374,b0675,b4138,b4123,b0621,b2406,b2197,b2835,b3918,b0494,b1206,,,,,,,,,,,
23,0.598937614480547,0.316325906399824,b4382,b0474,b2518,b3831,b4384,b3752,b4152,b2781,b1612,b1611,b4122,b1759,b4161,b4138,b4123,b0621,b2406,b2197,b3821,b3918,b0789,b1249,b1206,,,,,,,,,,,
34,0.486619985072679,0.25700591201591,b2242,b3553,b0474,b2518,b2744,b2781,b1004,b3713,b1109,b0046,b1612,b1611,b4122,b1759,b2210,b1033,b4374,b4161,b0675,b1415,b4138,b4123,b0621,b4381,b2406,b2197,b3028,b3821,b3918,b4042,b1206,b2285,b3893,b1474
