Deletion size,Max growth rate,Min production rate,Deleted genes,,,,,,,,,,,,,,,,,,,,,,,,,,,,,,,,,
20,0.687148808954555,0.362914207705273,b3831,b3614,b0910,b3752,b4152,b2781,b1612,b1611,b4122,b1759,b4138,b4123,b0621,b4381,b2406,b2197,b3821,b3918,b1912,b1206,,,,,,,,,,,,,,
21,0.687148808954555,0.362914207705587,b3831,b3614,b0910,b3752,b4152,b2781,b1612,b1611,b4122,b1759,b4138,b4123,b0621,b4381,b2406,b2197,b3821,b3918,b0789,b1249,b1206,,,,,,,,,,,,,
22,0.687148808954555,0.362914207705389,b3831,b3614,b0910,b4152,b2781,b0030,b1612,b1611,b4122,b0651,b2162,b1759,b4138,b4123,b0621,b4381,b2406,b2197,b3821,b3918,b4042,b1206,,,,,,,,,,,,
22,0.683356068936384,0.360856012531634,b3831,b3614,b0910,b3752,b4152,b2781,b3844,b1612,b1611,b4122,b1759,b4138,b4123,b0621,b4381,b2406,b0452,b2197,b3825,b3918,b4042,b1206,,,,,,,,,,,,
23,0.685691983441946,0.362144792594926,b0474,b2518,b2744,b4152,b2781,b1612,b1611,b4122,b1759,b4374,b4161,b0675,b2361,b2291,b1701,b1805,b4138,b4123,b0621,b2197,b3918,b4042,b1206,,,,,,,,,,,
34,0.540364118066161,0.285029103542224,b2242,b3553,b2744,b3614,b0910,b2781,b1004,b3713,b1109,b0046,b1612,b1611,b4122,b1759,b2210,b1033,b4374,b0675,b4138,b4123,b0621,b4381,b2406,b0306,b3605,b2197,b3028,b3821,b3918,b4042,b1206,b2285,b3893,b1474
