Deletion size,Max growth rate,Min production rate,Deleted genes,,,,,,,,,,,,,,,,,,,,,,
23,0.568891291277476,0.300457091032001,b1855,b3831,b3614,b0910,b3752,b4152,b2781,b1612,b1611,b4122,b1759,b4138,b4123,b0621,b4381,b2406,b2197,b2835,b3918,b0789,b1249,b0494,b1206
23,0.569680064964602,0.300873677911034,b1054,b2836,b3831,b1278,b3614,b0910,b3752,b4152,b2781,b1612,b1611,b4122,b1759,b2342,b3845,b4138,b4123,b0621,b4381,b2406,b2197,b3918,b1206
22,0.55872566702545,0.295088167410966,b0474,b2518,b3831,b1278,b3752,b4152,b2781,b1612,b1611,b4122,b1759,b4161,b4138,b4123,b0621,b4381,b2406,b2197,b3821,b3918,b1206,b3546,
