Deletion size,Max growth rate,Min production rate,Deleted genes,,,,,,,,,,,,,,,,,,,,,,,,,,,,,,,,,,,,,,,,,,,,,,,,
24,0.683340911251576,0.155049824962976,b4384,b3708,b3008,b3752,b0871,b2407,b1851,b1779,b1982,b2797,b3117,b1814,b4471,b0505,b4381,b0114,b2366,b2492,b0904,b1533,b3927,b3821,b1380,b1511,,,,,,,,,,,,,,,,,,,,,,,,,
26,0.470973670381396,1.50637584558281,b3553,b3399,b4269,b0493,b3588,b3003,b3011,b1241,b0351,b2744,b0871,b3617,b0160,b1982,b1033,b0675,b2361,b0261,b0507,b4381,b2406,b0112,b0114,b0529,b2492,b0904,,,,,,,,,,,,,,,,,,,,,,,
27,0.445882812856184,1.70904518988065,b1241,b0351,b4069,b4384,b3752,b3115,b1849,b2296,b2925,b2097,b2407,b1851,b1982,b3616,b3589,b3946,b0825,b0261,b4381,b2406,b0112,b0114,b0529,b2492,b0904,b0516,b3662,,,,,,,,,,,,,,,,,,,,,,
36,0.40766168695688,1.32521071315414,b3553,b3399,b4269,b0493,b3588,b3003,b3011,b1241,b0351,b4384,b2744,b3752,b0871,b2779,b0160,b2883,b0907,b1779,b1982,b3616,b3589,b1033,b1623,b4374,b2361,b2291,b0261,b0411,b0112,b2789,b3127,b0114,b0529,b2492,b0904,b3662,,,,,,,,,,,,,
40,0.440622203609874,1.29545042846483,b3399,b4382,b1241,b0351,b4069,b2744,b3708,b3115,b1849,b2296,b2779,b2883,b1779,b1982,b2797,b3117,b1814,b4471,b3616,b3589,b0675,b2361,b0261,b2913,b4381,b2406,b0112,b2789,b3127,b4064,b4464,b2975,b0114,b3603,b2366,b2492,b0904,b1533,b3821,b3662,,,,,,,,,
49,0.323126287736396,0.149120412176865,b4467,b3399,b4382,b0474,b2518,b4069,b4384,b2744,b0871,b3115,b1849,b2296,b2925,b2097,b2926,b0160,b2407,b3844,b1004,b3713,b1109,b0046,b3236,b1638,b2690,b3908,b1656,b0937,b1982,b4139,b0675,b2361,b0261,b2799,b3945,b1602,b0507,b1727,b2975,b0114,b3603,b0529,b2492,b0904,b3927,b1380,b2660,b2285,b1010
