Deletion size,Max growth rate,Min production rate,Deleted genes,,,,,,,,,,,,,,,,,,,,,,,,,,,,,
18,0.583338570661818,1.11795291220586,b4382,b1241,b0351,b4069,b4384,b3752,b2297,b2458,b3617,b2407,b1982,b0261,b2406,b0114,b0529,b2492,b0904,b3662,,,,,,,,,,,,
30,0.380447870793375,0.728143935518799,b4382,b4384,b3708,b3008,b3752,b0871,b2407,b3236,b1982,b2797,b3117,b1814,b4471,b2210,b1701,b1805,b2406,b2943,b0114,b0886,b0529,b1539,b2492,b0904,b2578,b1533,b3927,b0516,b1511,b3662
25,0.757509509894772,0.174326168518564,b3399,b0474,b2518,b1241,b0351,b4069,b2502,b2744,b0512,b3115,b1849,b2296,b2926,b3617,b1982,b4374,b0675,b2361,b2291,b0114,b0529,b2492,b0904,b1511,b2285,,,,,
