Deletion size,Max growth rate,Min production rate,Deleted genes,,,,,,,,,,,,,,,,,,
8,0.776517465894528,0.550665807911103,b4152,b1612,b1611,b4122,b4138,b4123,b0621,b1206,,,,,,,,,,,
19,0.602135616792643,0.427003268369284,b4467,b2242,b1004,b3713,b1109,b0046,b1612,b1611,b4122,b2210,b1415,b4138,b4123,b0621,b3028,b1206,b2285,b3893,b1474
