Deletion size,Max growth rate,Min production rate,Deleted genes,,,,,,,,,,,,,,,,,,,,,
19,0.577658965654824,1.1074551311905,b4382,b1241,b0351,b4069,b4384,b3752,b2297,b2458,b3617,b2407,b1982,b2406,b2868,b0114,b0529,b2492,b0904,b3662,b1517,,,
21,0.577705431350642,1.1071571499889,b3399,b4382,b1241,b0351,b4069,b2502,b4384,b2744,b3115,b1849,b2296,b3617,b1982,b0675,b2361,b2291,b0261,b0114,b0529,b2492,b0904,
22,0.577658965654803,1.10745513117138,b3399,b4382,b1241,b0351,b4069,b2502,b4384,b2744,b2297,b2458,b1982,b3616,b3589,b3665,b0675,b2361,b4381,b0114,b0529,b2492,b0904,b1517
