Deletion size,Max growth rate,Min production rate,Deleted genes,,,,,,,,,,,,,,,,,,,,,,,,
23,0.566705713325497,0.299302788964211,b1054,b2744,b3614,b0910,b4152,b2781,b1612,b1611,b4122,b1759,b4374,b0675,b4138,b4123,b0621,b4381,b2406,b2197,b3821,b3918,b0789,b1249,b1206,,
24,0.566704636086931,0.29930222002586,b1855,b4382,b4384,b2744,b3614,b0910,b4152,b2781,b1612,b1611,b4122,b1759,b4374,b0675,b4138,b4123,b0621,b2406,b2197,b3821,b3918,b0789,b1249,b1206,
25,0.565925149012648,0.298890537825187,b4382,b0474,b2518,b3831,b4384,b4152,b2781,b0030,b1612,b1611,b4122,b0651,b2162,b1759,b4161,b1701,b1805,b4138,b4123,b0621,b2406,b2197,b3918,b4042,b1206
