Deletion size,Max growth rate,Min production rate,Deleted genes,,,,,,,,,,,,,,,,,,,,,,,,,,,,
19,0.725297607592483,0.0175880305243936,b3831,b3614,b0910,b3752,b4152,b2781,b1612,b1611,b4122,b1759,b0411,b4388,b4138,b4123,b0621,b4381,b3918,b1912,b1206,,,,,,,,,,
22,0.742189669236116,0.391983762864925,b3831,b3614,b0910,b3752,b4152,b2781,b1612,b1611,b4122,b1759,b0411,b4138,b4123,b0621,b4381,b3453,b2835,b3918,b2240,b0789,b1249,b1206,,,,,,,
29,0.587754276916448,0.310419482614881,b0474,b2518,b3831,b3752,b4152,b2297,b2458,b2925,b2097,b2781,b1612,b1611,b4122,b1779,b1759,b3946,b0825,b4161,b4014,b2976,b0411,b4138,b4123,b0621,b2913,b1380,b3918,b4042,b1206
