Deletion size,Max growth rate,Min production rate,Deleted genes,,,,,,,,,,,,,,,,,,,,,,,,,,,,,,,,,,,
21,0.681204366791111,0.359774680298464,b2836,b3831,b3614,b0910,b3752,b4152,b2781,b1612,b1611,b4122,b1759,b4138,b4123,b0621,b4381,b2406,b2197,b3918,b4042,b1206,b0221,,,,,,,,,,,,,,,
23,0.681204366791111,0.359774680298198,b2836,b3831,b1278,b3614,b0910,b4152,b2781,b0030,b1612,b1611,b4122,b0651,b2162,b1759,b4138,b4123,b0621,b4381,b2406,b2197,b3918,b1206,b0221,,,,,,,,,,,,,
36,0.532158378472664,0.280657880877429,b2242,b3553,b3831,b3614,b0910,b3752,b2781,b1004,b3713,b1109,b0046,b3236,b1612,b1611,b4122,b1759,b3449,b1033,b4014,b2976,b4138,b4123,b0621,b4381,b2406,b0452,b0306,b3605,b2492,b0904,b2197,b3028,b3918,b1912,b1206,b2285
