Deletion size,Max growth rate,Min production rate,Deleted genes,,,,
3,0.816120106539185,0.482984775760491,b0008,b2464,b2029,,
5,0.816120106539185,0.482984775760223,b0008,b2464,b1852,b3437,b4268
5,0.816120106539185,0.482984775767781,b0008,b2464,b1852,b0837,b0124
