Deletion size,Max growth rate,Min production rate,Deleted genes,,,,,,,,,,,,,,,,,,,,,,,,,,,,,,,
21,0.726228080439158,0.383553729553243,b2744,b3614,b0910,b4152,b2781,b1612,b1611,b4122,b1759,b3449,b4374,b0675,b4138,b4123,b0621,b4381,b2239,b2406,b3918,b1912,b1206,,,,,,,,,,,
28,0.489487170576081,0.289259017033581,b4467,b1478,b1241,b4069,b3115,b1849,b2296,b3844,b1004,b3713,b1109,b0046,b3236,b1779,b0261,b2799,b3945,b1602,b0153,b2913,b4381,b2492,b0904,b0591,b1380,b0606,b2285,b1010,,,,
32,0.628118370775117,0.799329620039641,b3399,b4069,b2744,b3708,b3008,b2297,b2458,b2779,b2925,b2097,b0160,b1982,b2797,b3117,b1814,b4471,b3946,b0825,b0675,b2361,b2291,b4381,b2868,b0114,b2366,b2492,b0904,b1533,b3927,b2835,b0494,b1511
