Deletion size,Max growth rate,Min production rate,Deleted genes,,,,,,,,,,,,,,,,,,,,,,,,,,,,,,,
21,0.595813901992362,0.314676133267908,b3831,b1278,b3614,b0910,b3752,b4152,b2781,b1612,b1611,b4122,b1759,b4138,b4123,b0621,b4381,b2406,b2197,b2835,b3918,b0494,b1206,,,,,,,,,,,
22,0.59495115381591,0.314220477131036,b0474,b2518,b2744,b1278,b4152,b2781,b1612,b1611,b4122,b1759,b4374,b4161,b0675,b2361,b2291,b4138,b4123,b0621,b2197,b3821,b3918,b1206,,,,,,,,,,
32,0.484419196713911,0.255843576655479,b4467,b2242,b4382,b3831,b4384,b3614,b0910,b3752,b2781,b1004,b3713,b1109,b0046,b1612,b1611,b4122,b1759,b2210,b1415,b4138,b4123,b0621,b2406,b2492,b0904,b2197,b3028,b3821,b3918,b1912,b1206,b2285
