Deletion size,Max growth rate,Min production rate,Deleted genes,,,,,,,,,,,,,,,,,,,,,,,,,,,,,,,,,,,,,,,,,,,,,,,,,,,,,,,,,,
37,0.751720397073811,0.129409793938196,b3553,b4384,b3708,b3008,b3752,b0871,b2407,b1238,b1982,b2797,b3117,b1814,b4471,b1033,b0261,b0507,b3709,b4381,b2406,b3161,b0112,b0114,b0886,b2366,b2492,b0904,b0591,b2578,b1533,b3927,b3821,b2965,b0693,b1473,b4141,b1798,b3662,,,,,,,,,,,,,,,,,,,,,,
40,0.66117221710573,0.085950873429998,b2836,b3553,b4382,b4069,b4384,b3708,b3008,b3752,b2297,b2458,b2407,b0121,b1982,b2797,b3117,b1814,b4471,b1033,b0595,b4014,b0261,b2976,b0507,b3709,b2406,b3161,b0112,b0114,b0886,b1539,b2492,b0904,b2578,b1533,b3927,b1473,b4141,b1798,b3662,b0221,,,,,,,,,,,,,,,,,,,
41,0.299904896469604,0.0628372479445168,b4382,b1241,b0351,b4069,b4384,b3708,b2297,b2458,b3617,b0030,b2407,b3844,b0121,b1982,b2797,b3117,b1814,b4471,b0595,b4014,b0261,b2976,b0507,b3709,b0153,b0590,b2406,b3161,b0112,b0452,b2975,b0114,b3603,b2366,b2492,b0904,b1533,b1473,b4141,b1798,b3662,,,,,,,,,,,,,,,,,,
42,0.747174906179955,0.128627280861647,b2836,b3553,b3399,b4382,b4384,b2744,b3708,b3008,b3752,b0871,b0583,b2883,b0120,b1982,b2797,b3117,b1814,b4471,b1033,b1623,b0261,b0507,b3709,b4381,b2406,b3161,b0112,b4064,b4464,b0114,b0886,b2366,b2492,b0904,b2578,b1533,b3927,b1473,b4141,b1798,b3662,b0221,,,,,,,,,,,,,,,,,
59,0.354109860640144,0.124284770668304,b1054,b3553,b1478,b1241,b0351,b4069,b4384,b2744,b3708,b2297,b2458,b2926,b0030,b2407,b3844,b1004,b3713,b1109,b0046,b3124,b3236,b0120,b0937,b1982,b2797,b3117,b1814,b4471,b1033,b4374,b2361,b2291,b0261,b0411,b2799,b3945,b1602,b3709,b2913,b3161,b0112,b2789,b3127,b0452,b2366,b0755,b3612,b2492,b0904,b1533,b3825,b1380,b1473,b0494,b4141,b1798,b0606,b2285,b1007
59,0.462692585719932,0.0963192399512785,b4467,b2836,b1478,b3399,b1241,b4069,b2744,b3708,b2297,b2458,b2779,b0160,b3844,b1004,b3713,b1109,b0046,b3236,b1638,b4117,b3908,b1656,b0937,b1982,b4139,b2797,b3117,b1814,b4471,b4374,b0675,b2361,b2291,b4014,b0261,b2976,b2799,b3945,b1602,b2913,b2975,b3603,b0509,b3125,b2366,b2492,b0904,b2954,b2938,b1533,b1380,b2965,b0693,b0508,b4141,b1798,b1985,b2285,b1009
