Deletion size,Max growth rate,Min production rate,Deleted genes,,,,,,,,,,,,,,,,,,,,,,,,,,,,,,,,,,,
23,0.623666094790546,0.329285594636471,b4382,b4384,b2744,b3614,b0910,b4152,b2926,b2781,b3844,b1612,b1611,b4122,b1759,b4374,b0675,b4138,b4123,b0621,b2406,b0452,b3918,b4042,b1206,,,,,,,,,,,,,
24,0.613652175941771,0.323998407765814,b2744,b3614,b0910,b4152,b2779,b2781,b3844,b1612,b1611,b4122,b1759,b4374,b0675,b4388,b4138,b4123,b0621,b4381,b2406,b0452,b3918,b0789,b1249,b1206,,,,,,,,,,,,
24,0.612997466981502,0.323751547204577,b0474,b2518,b3831,b4152,b2779,b2781,b0030,b1612,b1611,b4122,b0651,b2162,b1759,b4161,b4138,b4123,b0621,b2913,b4381,b2406,b3821,b3918,b4042,b1206,,,,,,,,,,,,
26,0.683357423968752,0.360911806689444,b0474,b2518,b3831,b3752,b4152,b2297,b2458,b2781,b1612,b1611,b4122,b1759,b2440,b4161,b4138,b4123,b0621,b4381,b2406,b0114,b2492,b0904,b3918,b1912,b0494,b1206,,,,,,,,,,
27,0.544437662802289,0.287454265731947,b3831,b2744,b3614,b0910,b4152,b2779,b2781,b0030,b3844,b1612,b1611,b4122,b0651,b2162,b1759,b4374,b2361,b2291,b0411,b4138,b4123,b0621,b0452,b3918,b4042,b1206,b2285,,,,,,,,,
36,0.450203169402924,0.0564196869059098,b2242,b3553,b3831,b3614,b0910,b3752,b2781,b1004,b3713,b1109,b0046,b1612,b1611,b4122,b1779,b1759,b2210,b1033,b2440,b1415,b4388,b4138,b4123,b0621,b4381,b2406,b3028,b1380,b3918,b1912,b2240,b1206,b0221,b2285,b3893,b1474
