Deletion size,Max growth rate,Min production rate,Deleted genes,,,,,,,,,,,,,,,,,,,,,,
22,0.694688048267972,0.366896019252356,b3831,b3614,b0910,b3752,b4152,b2781,b1612,b1611,b4122,b1759,b4138,b4123,b0621,b4381,b2406,b2197,b2835,b3918,b0789,b1249,b0494,b1206,
22,0.690804335867122,0.364844855965801,b2744,b1278,b3614,b0910,b4152,b2781,b1612,b1611,b4122,b1759,b4374,b0675,b2361,b2291,b4138,b4123,b0621,b0452,b2197,b3918,b1206,b0221,
23,0.690809224313883,0.364791758572158,b2744,b1278,b3614,b0910,b4152,b2781,b1612,b1611,b4122,b1759,b2440,b4374,b0675,b4138,b4123,b0621,b4381,b2406,b0452,b2197,b3918,b0418,b1206
