Deletion size,Max growth rate,Min production rate,Deleted genes,,,,,,,,,,,,,,,,,,,,,,,,,,
21,0.577658965654858,1.10745513122758,b3399,b1241,b0351,b4069,b2744,b2297,b2458,b0160,b1982,b3616,b3589,b0675,b2361,b2291,b4381,b2868,b0114,b0529,b2492,b0904,b1511,,,,,,
21,0.578607022324081,1.09413286056349,b3399,b1241,b0351,b4069,b2502,b2744,b3115,b1849,b2296,b3617,b1982,b0675,b2361,b4381,b2406,b2868,b0114,b0529,b2492,b0904,b1511,,,,,,
23,0.577689981319751,1.10738519017033,b1241,b0351,b4069,b4384,b2744,b3752,b3115,b1849,b2296,b3617,b2883,b1982,b0261,b4381,b2406,b2868,b4064,b4464,b0114,b0529,b2492,b0904,b3662,,,,
25,0.624594158049607,0.493886379643232,b4269,b0493,b3588,b3003,b3011,b1241,b0351,b3831,b4384,b2744,b3752,b0871,b2407,b1982,b2498,b3616,b3589,b3665,b0411,b0114,b0529,b2492,b0904,b1511,b3662,,
26,0.749527472617729,0.317497838660921,b4069,b4384,b3708,b3008,b3752,b3115,b1849,b2296,b2407,b1982,b2797,b3117,b1814,b4471,b3449,b0261,b4381,b2406,b0114,b1539,b2492,b0904,b1533,b3927,b0494,b3662,
27,0.660330750644714,0.279661122418432,b3399,b4069,b2744,b3708,b2297,b2458,b0160,b1779,b1982,b2797,b3117,b1814,b4471,b4374,b0675,b2361,b2291,b0261,b0452,b0114,b0529,b1539,b2492,b0904,b1533,b3927,b3825
