Deletion size,Max growth rate,Min production rate,Deleted genes,,,,,,
7,0.82718193938028,0.273546585809868,b0945,b4138,b4123,b0621,b0612,b0723,b1206
