Deletion size,Max growth rate,Min production rate,Deleted genes,,,,,,,,,,,,,,,,,,,,,,,,,,,,,,,,,,,
17,0.637163626568859,0.814356070073366,b1241,b0351,b4069,b4384,b3752,b2297,b2458,b2407,b1982,b3616,b3589,b4381,b0114,b0529,b2492,b0904,b1517,,,,,,,,,,,,,,,,,,,
22,0.763081072429751,0.242770046243502,b4069,b4384,b3708,b3115,b1849,b2296,b0030,b2407,b1982,b2797,b3117,b1814,b4471,b2440,b4381,b0114,b2366,b2492,b0904,b1533,b3927,b1517,,,,,,,,,,,,,,
36,0.485503171101165,0.0837968763252649,b3553,b4382,b4384,b3708,b3008,b0871,b3115,b1849,b2296,b0030,b2407,b1004,b3713,b1109,b0046,b3236,b1779,b1982,b2797,b3117,b1814,b4471,b1033,b1602,b2913,b0452,b1727,b0114,b0529,b1539,b2492,b0904,b3927,b1380,b1517,b2285
