Deletion size,Max growth rate,Min production rate,Deleted genes,,,,,,,,,,,,,,,,,,,,,,,,,,,,,,,,,,,,
25,0.558992401624953,0.295229041956292,b1855,b3831,b2744,b3614,b0910,b3752,b4152,b2781,b1612,b1611,b4122,b1759,b4374,b2361,b2291,b4138,b4123,b0621,b2406,b2197,b3821,b3918,b0789,b1249,b1206,,,,,,,,,,,,
25,0.546958412322845,0.288603563443653,b2836,b3831,b3614,b0910,b4152,b2781,b0030,b1612,b1611,b4122,b0651,b2162,b1759,b4138,b4123,b0621,b2223,b4381,b2406,b3915,b2197,b3918,b4042,b1206,b4209,,,,,,,,,,,,
37,0.461712009983263,0.243850889514536,b4467,b1855,b2242,b2744,b3614,b0910,b2781,b1004,b3713,b1109,b0046,b3236,b1612,b1611,b4122,b1759,b4374,b0675,b4014,b2976,b1701,b1805,b4138,b4123,b0621,b4381,b2406,b0306,b3605,b2197,b3028,b3918,b1912,b1206,b2285,b3893,b1474
