Deletion size,Max growth rate,Min production rate,Deleted genes,,,,,,,,,,,,,,,,,,,,,,,,
24,0.663941578452216,0.350657424952759,b0474,b2518,b3831,b1278,b4152,b2781,b0030,b1612,b1611,b4122,b0651,b2162,b1759,b4161,b4138,b4123,b0621,b4381,b2406,b0452,b2197,b3918,b1206,b0221,
25,0.663159710334304,0.35024448521432,b0474,b2518,b3831,b3752,b4152,b2781,b1232,b1612,b1611,b4122,b2029,b1759,b4161,b4138,b4123,b0621,b4381,b2406,b0452,b2197,b3918,b1912,b1206,b2285,b4209
21,0.416360629489288,0.219488044882901,b3831,b3614,b0910,b3752,b4152,b2781,b1612,b1611,b4122,b1759,b4138,b4123,b0621,b4381,b2406,b0452,b2197,b3918,b1912,b1206,b0221,,,,
