Deletion size,Max growth rate,Min production rate,Deleted genes,,,,,,,,,,,,,,,,,,,,,,,,,,,,,,,,,
27,0.5095568674384,0.060480323706132,b3553,b1241,b0351,b0871,b2926,b3844,b1004,b3713,b1109,b0046,b3236,b0937,b1033,b1602,b4381,b1727,b0529,b1539,b2492,b0904,b1380,b2660,b1771,b1517,b0606,b2285,b1008,,,,,,,
31,0.466424378402539,1.41553389924601,b4467,b1478,b0474,b2518,b1241,b0351,b2930,b4232,b3697,b3925,b0871,b2779,b1004,b3713,b1109,b0046,b3236,b3946,b0825,b1602,b0507,b2975,b3603,b2492,b0904,b1380,b2660,b1771,b0606,b2285,b4209,,,
34,0.459609857554844,0.312676033148686,b2836,b3553,b1478,b0474,b2518,b1241,b0351,b4069,b3115,b1849,b2296,b2779,b2925,b2097,b1004,b3713,b1109,b0046,b3236,b1638,b2690,b0477,b4139,b1033,b1602,b0507,b3915,b2492,b0904,b3029,b1380,b2660,b1771,b2285
