Deletion size,Max growth rate,Min production rate,Deleted genes,,,,,,,,,,,,,,,,,,,,,,,,,,,,,,,
22,0.696918256274578,0.368073892459976,b2744,b3614,b0910,b4152,b2781,b1612,b1611,b4122,b1759,b4374,b0675,b2361,b2291,b4138,b4123,b0621,b2197,b3825,b3918,b4042,b0494,b1206,,,,,,,,,,
22,0.693009637663947,0.366009575085138,b3846,b2341,b3831,b3614,b0910,b3752,b4152,b2781,b1612,b1611,b4122,b1759,b4138,b4123,b0621,b4381,b2406,b0452,b2197,b3918,b4042,b1206,,,,,,,,,,
32,0.611381462571961,0.0906272511280123,b0474,b2518,b3831,b2744,b3752,b2930,b4232,b3697,b3925,b4152,b2926,b2781,b3844,b1612,b1611,b4122,b2690,b1759,b4374,b4161,b2361,b2291,b0411,b3945,b4138,b4123,b0621,b0452,b2197,b3918,b1912,b1206
