Deletion size,Max growth rate,Min production rate,Deleted genes,,,,,,,,,,,,,,,,,,,,,,,,,,,,,,,,
22,0.572685803070174,0.302461143462233,b2744,b3614,b0910,b4152,b2781,b1612,b1611,b4122,b1759,b4374,b0675,b2361,b2291,b4138,b4123,b0621,b2197,b2835,b3918,b4042,b0494,b1206,,,,,,,,,,,
23,0.572685803070174,0.302461143462235,b3831,b3614,b0910,b4152,b2781,b0030,b1612,b1611,b4122,b0651,b2162,b1759,b1701,b1805,b4138,b4123,b0621,b4381,b2406,b2197,b3918,b4042,b1206,,,,,,,,,,
23,0.56495743489806,0.298379444455018,b1054,b2836,b2744,b3614,b0910,b4152,b2781,b1612,b1611,b4122,b1759,b4374,b0675,b4138,b4123,b0621,b4381,b2406,b2197,b3918,b1912,b0494,b1206,,,,,,,,,,
25,0.488460566385827,0.257978005833632,b2836,b4382,b3831,b4384,b3614,b0910,b3752,b4152,b2926,b2781,b1612,b1611,b4122,b1759,b4138,b4123,b0621,b2913,b2406,b2197,b3918,b0789,b1249,b1206,b0221,,,,,,,,
25,0.449491775052776,0.237396833549926,b4382,b0474,b2518,b4384,b2744,b1278,b4152,b2779,b2781,b1612,b1611,b4122,b1759,b4374,b4161,b0675,b4138,b4123,b0621,b2406,b2197,b3821,b3918,b1206,b2285,,,,,,,,
33,0.468528295388372,0.247450876570123,b4467,b2242,b3831,b3614,b0910,b3752,b2781,b1004,b3713,b1109,b0046,b1612,b1611,b4122,b1759,b2210,b4138,b4123,b0621,b4381,b2406,b0306,b3605,b2197,b2835,b3028,b3918,b4042,b0494,b1206,b2285,b3893,b1474
