Deletion size,Max growth rate,Min production rate,Deleted genes,,,,,,,,,,,,,,,,,,,,,,,,,,,,,,,
22,0.727375782391948,0.384159882592522,b0474,b2518,b2744,b4152,b2781,b1612,b1611,b4122,b1759,b3449,b4374,b4161,b0675,b4138,b4123,b0621,b4381,b2406,b3918,b1912,b0494,b1206,,,,,,,,,,
24,0.727375782391916,0.384159882591089,b0474,b2518,b3831,b2744,b3752,b4152,b2781,b1612,b1611,b4122,b1759,b2440,b4374,b4161,b2361,b2291,b0411,b4138,b4123,b0621,b2239,b3918,b1912,b1206,,,,,,,,
32,0.566948032515448,0.299430768606689,b4467,b2242,b0474,b2518,b3831,b1278,b3752,b2781,b1004,b3713,b1109,b0046,b1612,b1611,b4122,b1759,b2210,b4161,b1415,b1701,b1805,b4138,b4123,b0621,b4381,b2406,b3028,b3918,b1206,b2285,b3893,b1474
