Deletion size,Max growth rate,Min production rate,Deleted genes,,,,,,,,,,,,,,,,,,,,,,,,,,,,,,,,,,,,,,,
24,0.78698010627749,0.0319602805555566,b4384,b3708,b3008,b0871,b0030,b2407,b1982,b2688,b2797,b3117,b1814,b4471,b4381,b2868,b0114,b2366,b2492,b0904,b2578,b1533,b3927,b3825,b0494,b1511,,,,,,,,,,,,,,,,
25,0.699804886690257,0.0284100283804491,b2836,b3399,b2502,b2744,b3708,b3008,b0871,b1779,b1982,b2797,b3117,b1814,b4471,b4374,b0675,b2361,b2291,b0114,b1539,b2492,b0904,b1533,b3927,b0516,b1517,,,,,,,,,,,,,,,
40,0.618869663910075,0.149159595073676,b4269,b0493,b3588,b3003,b3011,b0238,b0125,b1241,b0351,b4384,b2744,b3708,b3008,b3752,b0871,b3617,b2883,b1982,b0477,b2797,b3117,b1814,b4471,b4374,b2361,b2291,b0261,b0411,b0112,b2868,b4064,b4464,b0114,b2366,b2492,b0904,b1533,b4141,b1798,b3662
