Deletion size,Max growth rate,Min production rate,Deleted genes,,,,,,,,,,,,,,,,,,,,,,,,
23,0.570814571244643,0.301472861729987,b1855,b0474,b2518,b3831,b3752,b4152,b2781,b1612,b1611,b4122,b1759,b4161,b1701,b1805,b4138,b4123,b0621,b4381,b2406,b2197,b3918,b1912,b1206,,
24,0.560579660071788,0.296067344568629,b1054,b2836,b4382,b4384,b2744,b1278,b3614,b0910,b4152,b2781,b1612,b1611,b4122,b1759,b4374,b0675,b4138,b4123,b0621,b2406,b2197,b3918,b1206,b0221,
25,0.560800646507748,0.295630827612745,b1855,b2744,b3614,b0910,b4152,b2781,b1612,b1611,b4122,b1759,b4374,b0675,b2361,b2291,b4138,b4123,b0621,b3915,b0452,b2197,b3918,b0789,b1249,b1206,b4209
