Deletion size,Max growth rate,Min production rate,Deleted genes,,,,,,,,,,,,,,,,,,,,,,,,
21,0.663941578452216,0.35065742495276,b3831,b3614,b0910,b3752,b4152,b2781,b1612,b1611,b4122,b1759,b4138,b4123,b0621,b4381,b2406,b0452,b2197,b3918,b1912,b1206,b0221,,,,
24,0.663159710334328,0.350244485214511,b0474,b2518,b3831,b1278,b4152,b2781,b0030,b1612,b1611,b4122,b0651,b2162,b1759,b4161,b4138,b4123,b0621,b4381,b2406,b0452,b2197,b3918,b1206,b0221,
25,0.416360629489275,0.219488044914379,b0474,b2518,b3831,b3752,b4152,b2781,b1232,b1612,b1611,b4122,b2029,b1759,b4161,b4138,b4123,b0621,b4381,b2406,b0452,b2197,b3918,b1912,b1206,b2285,b4209
