Deletion size,Max growth rate,Min production rate,Deleted genes,,,,,,,,,,,,,,,,,,,,,,,,,,,,
7,0.727718882083413,0.240654451148338,b0945,b4138,b4123,b0621,b0612,b0723,b1206,,,,,,,,,,,,,,,,,,,,,,
29,0.504222879020091,0.502942152909213,b3553,b4382,b1241,b0351,b4069,b4384,b3708,b3752,b2297,b2458,b3617,b2407,b1982,b2797,b3117,b1814,b4471,b1033,b0261,b0507,b2406,b0112,b0114,b1539,b2492,b0904,b1533,b3821,b3662
