Deletion size,Max growth rate,Min production rate,Deleted genes,,,,,,,,,,,,,,,,,,,,,,,,,,,,
24,0.581647338860912,0.94390864362521,b3399,b4269,b3942,b1732,b0493,b3588,b3003,b3011,b1241,b0351,b2744,b0871,b2926,b3617,b3236,b2883,b2210,b4381,b0114,b0529,b2492,b0904,b0516,b1518,,,,,
24,0.798040804940032,0.162772126759992,b3399,b4384,b2744,b3708,b3008,b3752,b0871,b2883,b1982,b2797,b3117,b1814,b4471,b1623,b4381,b2239,b3453,b0114,b1539,b2492,b0904,b1533,b2835,b1511,,,,,
29,0.779645066719877,0.0204001928161396,b3399,b0474,b2518,b3831,b2744,b3708,b3008,b0910,b0512,b0871,b2883,b2388,b2797,b3117,b1814,b4471,b0675,b2361,b2291,b3565,b4381,b0511,b0114,b2366,b2492,b0904,b1533,b3821,b1518
