Deletion size,Max growth rate,Min production rate,Deleted genes,,,,,,,,,,,,,,,,,,,,,,,,,,,,,
26,0.346100028499936,0.142881443848973,b3399,b4269,b0493,b3588,b3003,b3011,b1241,b0351,b2744,b1278,b0871,b2925,b2097,b2926,b2690,b3616,b3589,b0675,b2361,b2291,b0822,b1727,b0114,b2492,b0904,b2285,,,,
29,0.553653123109526,0.0922693416715083,b4269,b0493,b3588,b3003,b3011,b1241,b0351,b2930,b4232,b3697,b3925,b0871,b2779,b3617,b1612,b1611,b0517,b4122,b2690,b0675,b0261,b0822,b4388,b4381,b1727,b0114,b2492,b0904,b4042,
30,0.622228242651645,0.0608248209803199,b2836,b4382,b4069,b4384,b3708,b2930,b4232,b3697,b3925,b0871,b3115,b1849,b2296,b0030,b2407,b1779,b2690,b1982,b2797,b3117,b1814,b4471,b0261,b3945,b0114,b1539,b2492,b0904,b1533,b3927
