Deletion size,Max growth rate,Min production rate,Deleted genes,,,,,,,,,,,,,,,,,,,,,,,,,,,,
20,0.623505602008858,0.140612946688464,b3399,b1241,b0351,b4069,b2744,b2297,b2458,b0160,b1982,b3616,b3589,b0675,b2361,b2291,b0261,b4381,b0114,b0529,b2492,b0904,,,,,,,,,
25,0.751707462082628,0.0415332099633048,b3399,b4382,b4069,b4384,b2744,b3708,b3008,b2297,b2458,b2407,b1982,b2797,b3117,b1814,b4471,b0675,b2361,b0261,b0114,b1539,b2492,b0904,b1533,b3927,b3821,,,,
27,0.377805848108991,0.181140572283155,b3399,b4382,b1241,b0351,b4069,b4384,b2744,b2297,b2458,b2779,b0160,b3616,b3589,b3665,b0675,b2361,b4381,b0112,b3654,b3714,b3664,b0114,b0529,b2492,b0904,b1511,b2285,,
27,0.641647009854223,0.0221493981221528,b4384,b2744,b3708,b3008,b3752,b0871,b2925,b2097,b2407,b1779,b2690,b1982,b2797,b3117,b1814,b4471,b3945,b4381,b2868,b0114,b2366,b2492,b0904,b1533,b3927,b3821,b1511,,
27,0.780229467084284,0.0206967060740837,b3399,b2744,b3708,b3008,b0871,b0160,b1982,b2797,b3117,b1814,b4471,b0675,b2361,b0261,b4381,b2406,b0114,b0886,b0529,b1539,b2492,b0904,b2578,b1533,b3927,b2835,b0494,,
29,0.595260232411291,0.0029682279451535,b1054,b3553,b1478,b1241,b0351,b3708,b2926,b1004,b3713,b1109,b0046,b3236,b2920,b1033,b2799,b3945,b1602,b0507,b2342,b3845,b2913,b3915,b0728,b0529,b1380,b0606,b2285,b1009,b4209
