Deletion size,Max growth rate,Min production rate,Deleted genes,,,,,,,,,,,,,,,,,,,,,,,
21,0.582119296043051,0.307443395608621,b2744,b1278,b3614,b0910,b4152,b2781,b1612,b1611,b4122,b1759,b4374,b0675,b2361,b2291,b4138,b4123,b0621,b2197,b3821,b3918,b1206,,,
21,0.582119296043051,0.30744339560862,b2744,b3614,b0910,b4152,b2781,b1612,b1611,b4122,b1759,b4374,b0675,b4138,b4123,b0621,b4381,b2406,b2197,b3821,b3918,b1912,b1206,,,
21,0.572405843510104,0.302313284237086,b2836,b3831,b1278,b3614,b0910,b3752,b4152,b2781,b1612,b1611,b4122,b1759,b4138,b4123,b0621,b4381,b2406,b2197,b3918,b1206,b0221,,,
22,0.581295724691593,0.307008430517365,b0474,b2518,b2744,b1278,b4152,b2781,b1612,b1611,b4122,b1759,b4374,b4161,b0675,b2361,b2291,b4138,b4123,b0621,b2197,b3821,b3918,b1206,,
22,0.57160950886555,0.301892704059732,b2836,b0474,b2518,b3831,b3752,b4152,b2781,b1612,b1611,b4122,b1759,b4161,b4138,b4123,b0621,b4381,b2406,b2197,b3918,b4042,b1206,b0221,,
24,0.572404744492039,0.302312703779148,b2836,b4382,b4384,b2744,b3614,b0910,b4152,b2781,b1612,b1611,b4122,b1759,b4374,b0675,b2342,b3845,b4138,b4123,b0621,b2406,b2197,b3918,b4042,b1206
