Deletion size,Max growth rate,Min production rate,Deleted genes,,,,,,,,,,,,,,,,,,,,,,,,,,,,
22,0.575324396217441,1.10259395925459,b3399,b1241,b0351,b4069,b2744,b2297,b2458,b1238,b2883,b1982,b3616,b3589,b0675,b2361,b0261,b0411,b4381,b0114,b0529,b2492,b0904,b3662,,,,,,,
23,0.599636703808963,0.958947711465314,b3399,b4269,b0493,b3588,b3003,b3011,b1241,b0351,b2744,b0871,b3617,b0160,b1982,b0675,b2361,b0261,b4381,b2406,b0112,b0114,b0529,b2492,b0904,,,,,,
29,0.487916188335372,0.0992071853991661,b2836,b3399,b1241,b0351,b2502,b2744,b3708,b3008,b0871,b2926,b3617,b1982,b2797,b3117,b1814,b4471,b0675,b2361,b0261,b4381,b2406,b0114,b2366,b0529,b2492,b0904,b1533,b3927,b2285
