Deletion size,Max growth rate,Min production rate,Deleted genes,,,,,,,,,,,,,,,,,,,,,,,,,,,,,,,,,,,,,,,,,,,,,,,,,,,,,,,,,,,,,,,,,,,
22,0.704007843512077,0.0281892608830958,b4382,b4384,b3708,b3008,b0871,b2779,b0030,b2407,b1982,b2797,b3117,b1814,b4471,b2440,b2239,b0114,b2366,b2492,b0904,b1533,b3927,b1517,,,,,,,,,,,,,,,,,,,,,,,,,,,,,,,,,,,,,,,,,,,,,,
24,0.737944738689008,0.0721364823301718,b4069,b4384,b3708,b3008,b2297,b2458,b0030,b2407,b1982,b2797,b3117,b1814,b4471,b0261,b4381,b2406,b0114,b2366,b2492,b0904,b1533,b3927,b3821,b3662,,,,,,,,,,,,,,,,,,,,,,,,,,,,,,,,,,,,,,,,,,,,
24,0.699848885853057,0.0283382893196347,b2836,b3399,b2502,b2744,b3708,b3008,b0871,b1779,b1982,b2797,b3117,b1814,b4471,b4374,b0675,b2361,b2291,b0261,b0114,b2366,b2492,b0904,b1533,b3927,,,,,,,,,,,,,,,,,,,,,,,,,,,,,,,,,,,,,,,,,,,,
27,0.783006645510171,0.028161082724957,b3399,b2744,b3708,b3008,b0871,b0160,b1982,b2797,b3117,b1814,b4471,b0675,b2361,b4381,b2406,b0452,b2868,b0114,b2366,b2492,b0904,b2947,b2578,b1533,b3927,b1511,b4209,,,,,,,,,,,,,,,,,,,,,,,,,,,,,,,,,,,,,,,,,
43,0.413314685520035,0.0984821079469306,b4467,b2836,b1478,b3399,b1241,b4069,b2744,b3708,b2297,b2458,b3844,b1238,b1004,b3713,b1109,b0046,b3236,b1779,b0937,b1982,b2797,b3117,b1814,b4471,b0675,b2361,b0261,b2799,b3945,b1602,b4381,b2406,b2366,b2492,b0904,b1533,b1380,b2660,b4141,b1798,b0606,b2285,b1010,,,,,,,,,,,,,,,,,,,,,,,,,
68,0.389164620109364,0.0329778488215549,b4269,b3942,b1732,b0493,b3588,b3003,b3011,b1241,b0351,b4384,b2744,b3708,b3008,b1479,b0871,b2297,b2458,b2926,b0030,b2407,b3236,b2463,b3962,b1982,b0104,b2797,b3117,b1814,b4471,b3616,b3589,b2210,b4267,b3665,b4374,b2361,b2291,b3551,b1014,b3945,b2913,b4219,b1832,b1778,b0112,b2975,b0114,b3603,b0509,b3125,b2366,b0306,b3605,b2492,b0904,b0591,b1533,b3927,b3821,b1380,b0325,b1710,b2480,b4266,b3662,b2842,b1517,b4209
