Deletion size,Max growth rate,Min production rate,Deleted genes,,,,,,,,,,,,,,,,,
15,0.801147649891803,0.00312768043020251,b3708,b3008,b0871,b2797,b3117,b1814,b4471,b2440,b0261,b4381,b0114,b2366,b2492,b0904,b0515,,,
17,0.775653347381191,0.00302815068478807,b4069,b3708,b0512,b3115,b1849,b2296,b2797,b3117,b1814,b4471,b4381,b0452,b0114,b1539,b2492,b0904,b1518,
18,0.600353894575212,1.48831906322548,b4269,b0493,b3588,b3003,b3011,b1241,b0351,b0871,b2925,b2097,b2926,b3617,b3946,b0825,b0114,b2492,b0904,b0516
