Deletion size,Max growth rate,Min production rate,Deleted genes,,,,,,,,,,,,,,,,,,,,,,,,,,,,,,,,,,,
20,0.561440406956241,2.15197132352229,b1241,b0351,b4069,b4384,b2744,b3752,b2297,b2458,b3617,b2407,b1982,b0261,b0411,b4381,b0112,b0114,b0529,b2492,b0904,b3662,,,,,,,,,,,,,,,,
25,0.561362190204212,2.15317934170394,b1241,b0351,b4069,b4384,b2744,b3752,b3115,b1849,b2296,b2407,b3616,b3589,b3665,b0411,b4381,b0112,b3654,b3714,b3664,b0114,b0529,b2492,b0904,b3662,b1517,,,,,,,,,,,
25,0.590311457378628,1.92054704007466,b4382,b4269,b0493,b3588,b3003,b3011,b1241,b0351,b4384,b3752,b0871,b3617,b2407,b3665,b2406,b0112,b3654,b3714,b3664,b0114,b0529,b2492,b0904,b3662,b1518,,,,,,,,,,,
30,0.393907423680791,1.1792485323994,b3399,b1241,b0351,b4069,b2502,b2744,b3708,b2297,b2458,b2779,b3617,b1238,b1982,b2797,b3117,b1814,b4471,b0675,b2361,b4381,b2406,b0112,b2868,b0114,b1539,b2492,b0904,b1533,b1518,b2285,,,,,,
34,0.386378710976958,1.21588821077147,b4467,b1478,b1241,b4069,b4384,b3115,b1849,b2296,b0030,b2407,b3844,b1004,b3713,b1109,b0046,b3236,b1779,b0937,b1982,b4015,b0411,b2799,b3945,b1602,b2913,b4381,b0529,b2492,b0904,b1380,b1511,b0606,b2285,b1009,,
36,0.386776793496181,1.19690012642387,b4467,b1478,b3399,b1241,b4069,b4384,b2744,b3752,b2297,b2458,b2779,b3844,b1004,b3713,b1109,b0046,b3236,b1982,b1623,b4015,b0411,b2799,b3945,b1602,b0153,b4381,b0529,b2492,b0904,b3035,b1380,b2660,b1511,b0606,b2285,b1007
