Deletion size,Max growth rate,Min production rate,Deleted genes,,,,,,,,,,,,,,,,,,,,,,,,,,,,,,,,,,,,,,,,,,,,,
25,0.459735814008215,0.881071504547192,b3553,b3399,b1241,b0351,b4069,b2502,b2744,b3115,b1849,b2296,b3617,b1982,b1033,b4374,b0675,b2361,b2291,b0261,b0112,b0114,b0509,b3125,b0529,b2492,b0904,,,,,,,,,,,,,,,,,,,,,
38,0.369452637550487,0.0165603450254371,b2836,b3553,b1478,b4382,b1241,b0351,b4069,b4384,b3708,b2297,b2458,b2926,b0030,b2407,b3844,b1004,b3713,b1109,b0046,b3236,b2920,b1982,b1033,b2799,b3945,b1602,b0153,b0728,b0529,b2492,b0904,b0591,b1380,b2660,b1517,b0606,b2285,b1011,,,,,,,,
46,0.404161853420142,0.346389206727578,b3553,b1478,b4382,b1241,b4069,b4384,b3708,b3752,b3115,b1849,b2296,b2779,b3844,b1004,b3713,b1109,b0046,b3236,b0937,b2920,b1982,b2797,b3117,b1814,b4471,b1033,b0261,b2799,b3945,b1602,b0507,b4381,b2406,b4064,b4464,b0728,b2366,b2492,b0904,b1533,b1380,b2660,b3662,b0606,b2285,b1011
