Deletion size,Max growth rate,Min production rate,Deleted genes,,,,,,,,,,,,,,,,,,,,,,,,,,,,,,,
32,0.457223426103726,1.75251315941416,b2836,b3399,b4382,b0586,b2502,b4384,b2744,b3708,b3008,b0871,b1982,b2797,b3117,b1814,b4471,b0675,b2361,b2291,b0261,b2406,b0114,b0886,b1539,b2492,b0904,b2578,b1533,b3927,b1600,b4141,b1798,b4209
23,0.459296671668754,1.73642388636155,b1241,b0351,b4069,b4384,b3115,b1849,b2296,b3617,b0030,b2407,b1982,b0261,b0507,b4381,b2406,b0112,b2975,b0114,b3603,b0529,b2492,b0904,b3662,,,,,,,,,
26,0.763585507171708,0.262812463387895,b3553,b3399,b1241,b0351,b4069,b2744,b3115,b1849,b2296,b3617,b2883,b1982,b1033,b0675,b2361,b0261,b0411,b0507,b4381,b2406,b0112,b0114,b0529,b2492,b0904,b3662,,,,,,
