Deletion size,Max growth rate,Min production rate,Deleted genes,,,,,
6,0.812066041426641,3.35618855468073,b2297,b2458,b4381,b0114,b2492,b0904
6,0.811324256859874,3.35312283257385,b0474,b2518,b0871,b0114,b2492,b0904
