Deletion size,Max growth rate,Min production rate,Deleted genes,,,,,,,,,,,,,,,,,,,,,,,,,,,,,,,,,,,,
37,0.512525818837663,0.270687948589688,b4467,b2242,b3831,b3614,b0910,b2781,b0030,b1004,b3713,b1109,b0046,b3236,b1612,b1611,b4122,b0651,b2162,b1759,b4014,b2976,b4138,b4123,b0621,b4381,b2406,b0306,b3605,b2197,b2835,b3028,b3918,b4042,b0494,b1206,b2285,b3893,b1474
23,0.642222778360139,0.339186749277239,b0474,b2518,b2744,b1278,b4152,b2781,b1612,b1611,b4122,b1759,b4374,b4161,b0675,b2361,b2291,b4138,b4123,b0621,b2197,b2835,b3918,b0494,b1206,,,,,,,,,,,,,,
23,0.64222277836025,0.339186749277061,b0474,b2518,b2744,b1278,b4152,b2781,b1612,b1611,b4122,b1759,b4374,b4161,b0675,b2361,b2291,b4138,b4123,b0621,b2197,b3825,b3918,b0494,b1206,,,,,,,,,,,,,,
23,0.643226799817639,0.339717018189714,b4382,b3831,b4384,b3614,b0910,b3752,b4152,b2781,b1612,b1611,b4122,b1759,b3449,b4138,b4123,b0621,b2406,b2197,b3918,b0789,b1249,b0494,b1206,,,,,,,,,,,,,,
22,0.64222277836025,0.339186749276632,b0474,b2518,b3831,b3752,b4152,b2781,b1612,b1611,b4122,b1759,b4161,b4138,b4123,b0621,b4381,b2406,b2197,b2835,b3918,b4042,b0494,b1206,,,,,,,,,,,,,,,
