Deletion size,Max growth rate,Min production rate,Deleted genes,,,,,,,,,,,,,,,,,,,,,,,
21,0.673146682304357,0.355519054524817,b4382,b3831,b4384,b3614,b0910,b3752,b4152,b2781,b1612,b1611,b4122,b1759,b4138,b4123,b0621,b2406,b2197,b3821,b3918,b1912,b1206,,,
24,0.673145162400955,0.355518251796508,b2836,b4382,b4384,b2744,b1278,b3614,b0910,b4152,b2781,b1612,b1611,b4122,b1759,b4374,b0675,b4138,b4123,b0621,b2406,b3915,b2197,b3918,b1206,b4209
21,0.669501618587583,0.353263700681768,b3831,b3614,b0910,b3752,b4152,b2781,b1612,b1611,b4122,b1759,b3449,b4138,b4123,b0621,b4381,b2406,b2197,b3918,b1912,b0494,b1206,,,
