Deletion size,Max growth rate,Min production rate,Deleted genes,,,,,,,,,,,,,,,,,,,,,,,,,,,,,,,,,
22,0.648165334387598,0.342325280530226,b4382,b3831,b4384,b3614,b0910,b3752,b4152,b2781,b1612,b1611,b4122,b1759,b2440,b4138,b4123,b0621,b2406,b2197,b3918,b1912,b0494,b1206,,,,,,,,,,,,
24,0.647145848711632,0.34178684426771,b4382,b0474,b2518,b4384,b2744,b1278,b4152,b2781,b1612,b1611,b4122,b1759,b4374,b4161,b0675,b4138,b4123,b0621,b2406,b2197,b2835,b3918,b0494,b1206,,,,,,,,,,
34,0.516231074197573,0.272644860682574,b2242,b3553,b2744,b3614,b0910,b2781,b1004,b3713,b1109,b0046,b1612,b1611,b4122,b1759,b2210,b1033,b4374,b0675,b1415,b4138,b4123,b0621,b4381,b2406,b2492,b0904,b2197,b2835,b3028,b3918,b4042,b0494,b1206,b2285
