Deletion size,Max growth rate,Min production rate,Deleted genes,,,,,,,,,,,,,,,,,,,,,,,,,,,,,,,
14,0.394166209746016,1.79496863953611,b2930,b4232,b3697,b3925,b0871,b1779,b3946,b0825,b0726,b4381,b0114,b2492,b0904,b2285,,,,,,,,,,,,,,,,,,
32,0.391286452949908,1.80620784795187,b3553,b1478,b1241,b4069,b3115,b1849,b2296,b2925,b2097,b2926,b1004,b3713,b1109,b0046,b3236,b2690,b1033,b2799,b3945,b1602,b2342,b3845,b4381,b3915,b2492,b0904,b1380,b2660,b0606,b2285,b1009,b4209
15,0.398187900092932,0.687203628143848,b2930,b4232,b3697,b3925,b0871,b2926,b3236,b2690,b2210,b3945,b4381,b0114,b2492,b0904,b2285,,,,,,,,,,,,,,,,,
