Deletion size,Max growth rate,Min production rate,Deleted genes,,,,,,,,,,,,,,,,,,,,,,,,,,,,,,,,,,,,,,,,,,,,,,,
24,0.457226040065892,1.75252317859243,b3553,b1241,b0351,b4069,b4384,b3115,b1849,b2296,b0030,b2407,b1982,b3616,b3589,b1033,b0261,b0507,b4381,b2406,b0112,b0114,b0529,b2492,b0904,b3662,,,,,,,,,,,,,,,,,,,,,,,,
26,0.505307597721455,0.745815317858614,b3399,b4382,b1241,b0351,b4069,b4384,b2744,b2297,b2458,b2925,b2097,b0160,b1982,b3616,b3589,b3665,b0675,b2361,b2291,b0261,b0507,b0112,b0114,b0529,b2492,b0904,,,,,,,,,,,,,,,,,,,,,,
48,0.442365644333294,0.341884205141111,b4467,b3399,b4382,b4269,b0493,b3588,b3003,b3011,b2502,b4384,b2744,b0871,b2926,b2407,b3844,b1004,b3713,b1109,b0046,b3236,b1638,b1982,b4139,b0675,b2361,b4014,b0261,b2976,b2799,b3945,b1602,b0507,b0153,b1727,b2975,b0114,b3603,b0584,b0529,b2492,b0904,b2954,b3927,b3029,b1380,b2660,b2285,b1010
