Deletion size,Max growth rate,Min production rate,Deleted genes,,,,
3,0.818194387596597,0.484212347738342,b0008,b2464,b2029,,
5,0.818194387596597,0.484212347743596,b0008,b2464,b1852,b3437,b4268
