Deletion size,Max growth rate,Min production rate,Deleted genes,,,,
3,0.810367677803797,0.479580453931153,b0008,b2464,b2029,,
5,0.810367677803912,0.479580453931199,b0008,b0767,b2464,b3437,b4268
