Deletion size,Max growth rate,Min production rate,Deleted genes,,,,,,,,,,,,,,,,,,,,,,,,,,,,,,,,,,,
22,0.646237209705865,0.341306951120128,b2744,b3614,b0910,b4152,b2781,b1612,b1611,b4122,b1759,b2440,b4374,b0675,b2361,b2291,b4138,b4123,b0621,b2197,b3918,b1912,b0494,b1206,,,,,,,,,,,,,,
23,0.646235808891606,0.341306211285837,b4382,b4384,b2744,b3614,b0910,b4152,b2781,b1612,b1611,b4122,b1759,b4374,b0675,b4138,b4123,b0621,b2406,b2197,b3825,b3918,b4042,b0494,b1206,,,,,,,,,,,,,
23,0.645222379256382,0.340770973492298,b0474,b2518,b2744,b4152,b2781,b1612,b1611,b4122,b1759,b4374,b4161,b0675,b4138,b4123,b0621,b4381,b2406,b2197,b3825,b3918,b1912,b0494,b1206,,,,,,,,,,,,,
24,0.645222379256359,0.340770973492428,b4382,b0474,b2518,b4384,b2744,b4152,b2781,b1612,b1611,b4122,b1759,b4374,b4161,b0675,b4138,b4123,b0621,b2406,b2197,b3825,b3918,b4042,b0494,b1206,,,,,,,,,,,,
34,0.514990050769665,0.271989420360465,b4467,b2242,b3831,b1278,b3614,b0910,b3752,b2781,b1004,b3713,b1109,b0046,b1612,b1611,b4122,b1759,b3449,b2210,b4138,b4123,b0621,b4381,b2406,b0306,b3605,b2197,b3028,b3918,b0418,b0494,b1206,b2285,b3893,b1474,,
36,0.514988473175709,0.271988587155579,b2242,b3553,b4382,b3831,b4384,b3614,b0910,b2781,b0030,b1004,b3713,b1109,b0046,b1612,b1611,b4122,b0651,b2162,b1759,b3449,b2210,b1033,b1415,b4138,b4123,b0621,b2406,b2197,b3028,b3918,b1912,b0494,b1206,b2285,b3893,b1474
