Deletion size,Max growth rate,Min production rate,Deleted genes,,,,,,,,,,,,,,,,,,,,,,,
21,0.583080119751906,0.307950849846652,b0474,b2518,b3831,b3752,b4152,b2781,b1612,b1611,b4122,b1759,b4161,b4138,b4123,b0621,b4381,b2406,b2197,b3821,b3918,b4042,b1206,,,
23,0.583908758677505,0.308388491351624,b3831,b3614,b0910,b4152,b2781,b0030,b1612,b1611,b4122,b0651,b2162,b1759,b1701,b1805,b4138,b4123,b0621,b4381,b2406,b2197,b3918,b4042,b1206,
24,0.574175724561008,0.303155480921462,b2744,b1278,b3614,b0910,b4152,b2781,b3844,b1612,b1611,b4122,b1759,b4374,b0675,b4138,b4123,b0621,b0153,b4381,b2406,b0452,b0584,b2197,b3918,b1206
