Deletion size,Max growth rate,Min production rate,Deleted genes,,,,,,,,,,,,,,,,,,,,,,,,,,,,,,,,
21,0.496228789345214,1.90201864943947,b4382,b1241,b0351,b4069,b4384,b3115,b1849,b2296,b3617,b0030,b2407,b1982,b3665,b0261,b2406,b0112,b0114,b0529,b2492,b0904,b3662,,,,,,,,,,,,
21,0.496228789345173,1.90201864942972,b3399,b1241,b0351,b4069,b2744,b2297,b2458,b3617,b0160,b1982,b4374,b0675,b2361,b2291,b0261,b0112,b2868,b0114,b0529,b2492,b0904,,,,,,,,,,,,
25,0.489146768251018,1.59009923794664,b4382,b4269,b0493,b3588,b3003,b3011,b1241,b0351,b4384,b0512,b0871,b2779,b0030,b2407,b1982,b3616,b3589,b0261,b2406,b0112,b0114,b0529,b2492,b0904,b3662,,,,,,,,
29,0.476522860918291,0.302780719707989,b3399,b4382,b4069,b4384,b2744,b3708,b3115,b1849,b2296,b2926,b0160,b1982,b2797,b3117,b1814,b4471,b0675,b2361,b0261,b4381,b0114,b2366,b0529,b2492,b0904,b1533,b3927,b3821,b2285,,,,
30,0.529430121199195,1.58425610606904,b1241,b0351,b4069,b4384,b3708,b3115,b1849,b2296,b3617,b0030,b2407,b1238,b1982,b2797,b3117,b1814,b4471,b0261,b4381,b2406,b0112,b2868,b0114,b2366,b2492,b0904,b1533,b3825,b0494,b3662,,,
33,0.3502923426533,1.0835277772304,b3553,b1478,b3399,b1241,b4069,b2744,b2297,b2458,b3844,b1004,b3713,b1109,b0046,b3236,b1779,b0937,b1982,b1033,b0675,b2361,b0261,b2799,b3945,b1602,b2913,b4381,b0529,b2492,b0904,b1380,b0606,b2285,b1011
