Deletion size,Max growth rate,Min production rate,Deleted genes,,,,,,,,,,,,,,,,,,,,,,,,,,,,,
19,0.737759789672022,0.389525217233769,b3831,b1278,b3614,b0910,b3752,b4152,b2781,b1612,b1611,b4122,b1759,b0411,b4138,b4123,b0621,b4381,b0452,b3918,b1206,,,,,,,,,,,
19,0.725297607592481,0.0175880305207556,b3831,b3614,b0910,b3752,b4152,b2781,b1612,b1611,b4122,b1759,b0411,b4388,b4138,b4123,b0621,b4381,b3918,b1912,b1206,,,,,,,,,,,
22,0.742189669236119,0.391983762860718,b3831,b3614,b0910,b3752,b4152,b2781,b1612,b1611,b4122,b1759,b0411,b4138,b4123,b0621,b4381,b3453,b2835,b3918,b2240,b0789,b1249,b1206,,,,,,,,
27,0.352919236608564,0.0439919122207051,b4382,b0474,b2518,b3831,b4384,b0910,b3752,b4152,b0871,b2925,b2097,b1612,b1611,b4122,b1779,b2690,b0411,b3945,b4388,b4138,b4123,b0621,b0114,b2492,b0904,b1206,b2285,,,
29,0.587754276916449,0.310419482615978,b0474,b2518,b3831,b3752,b4152,b2297,b2458,b2925,b2097,b2781,b1612,b1611,b4122,b1779,b1759,b3946,b0825,b4161,b4014,b2976,b0411,b4138,b4123,b0621,b2913,b1380,b3918,b4042,b1206,
30,0.356501711963779,0.0444384731475793,b1478,b0474,b2518,b1241,b0351,b3831,b0910,b3752,b4152,b0871,b2779,b2925,b2097,b1612,b1611,b4122,b2690,b0675,b0411,b0822,b4138,b4123,b0621,b2913,b0114,b2492,b0904,b1912,b1206,b2285
