Deletion size,Max growth rate,Min production rate,Deleted genes,,,,,,,,,,,,,,,,,,,,,,,
23,0.611771128008207,0.117764106820594,b4467,b1478,b4269,b0493,b3588,b3003,b3011,b1241,b3844,b1004,b3713,b1109,b0046,b3236,b1779,b1602,b2913,b0509,b3125,b1380,b0508,b0606,b2285,
24,0.518480022696676,0.843074181666415,b3399,b4269,b0493,b3588,b3003,b3011,b1241,b0351,b2502,b2744,b0871,b3617,b1982,b4374,b0675,b2361,b2291,b0261,b0507,b0112,b0114,b0529,b2492,b0904
24,0.549309095430274,0.433906578603359,b4382,b4269,b0493,b3588,b3003,b3011,b1241,b0351,b4384,b2744,b3752,b0871,b3617,b2407,b1982,b0261,b0411,b0507,b0112,b0114,b0529,b2492,b0904,b3662
