Deletion size,Max growth rate,Min production rate,Deleted genes,,,,,,,,,,,,,,,,,,,,,,,,,,,,,,,,,
22,0.687148808954555,0.362914207705397,b3831,b3614,b0910,b4152,b2781,b0030,b1612,b1611,b4122,b0651,b2162,b1759,b4138,b4123,b0621,b4381,b2406,b2197,b3821,b3918,b4042,b1206,,,,,,,,,,,,
22,0.683356068936384,0.36085601253163,b3831,b3614,b0910,b3752,b4152,b2781,b3844,b1612,b1611,b4122,b1759,b4138,b4123,b0621,b4381,b2406,b0452,b2197,b3825,b3918,b4042,b1206,,,,,,,,,,,,
34,0.54036411806615,0.285029103544114,b2242,b3553,b2744,b3614,b0910,b2781,b1004,b3713,b1109,b0046,b1612,b1611,b4122,b1759,b2210,b1033,b4374,b0675,b4138,b4123,b0621,b4381,b2406,b0306,b3605,b2197,b3028,b3821,b3918,b4042,b1206,b2285,b3893,b1474
