Deletion size,Max growth rate,Min production rate,Deleted genes,,,
4,0.83867039389975,0.440266732640825,b4069,b0335,b0726,b0728
