Deletion size,Max growth rate,Min production rate,Deleted genes,,,,,,,,,,,,,,,,,,,,
13,0.663477262193849,0.743892711430144,b0871,b2925,b2097,b2926,b3946,b0825,b4381,b0511,b0114,b0529,b2492,b0904,b0515,,,,,,,,
14,0.774763455581173,0.306450276458153,b0871,b2925,b2097,b0517,b3946,b0825,b0507,b4381,b2943,b0511,b0114,b0529,b2492,b0904,,,,,,,
21,0.663771148090662,1.27039989747382,b3942,b1732,b1241,b0351,b4069,b4384,b2744,b2297,b2458,b3617,b2407,b0517,b4374,b2361,b2291,b0505,b0114,b0529,b2492,b0904,b1511
