Deletion size,Max growth rate,Min production rate,Deleted genes,,,,,,,,,,,,,,,,,,,,,,,,,,,,,,,,,,
23,0.651501461062966,0.344087239152502,b2744,b3614,b0910,b4152,b2781,b1612,b1611,b4122,b1759,b3449,b4374,b0675,b4138,b4123,b0621,b4381,b2406,b2197,b3918,b0789,b1249,b0494,b1206,,,,,,,,,,,,
35,0.651500037333808,0.34408648721713,b2242,b3553,b0474,b2518,b3831,b3752,b2781,b1004,b3713,b1109,b0046,b1612,b1611,b4122,b1759,b2210,b1033,b4161,b4138,b4123,b0621,b4381,b2406,b0306,b3605,b2492,b0904,b2197,b3825,b3028,b3918,b4042,b0494,b1206,b2285
24,0.517578650032018,0.273010316004654,b4382,b4384,b2744,b3614,b0910,b4152,b2781,b1612,b1611,b4122,b1759,b3449,b4374,b0675,b4138,b4123,b0621,b2406,b2197,b3918,b0789,b1249,b0494,b1206,,,,,,,,,,,
