Deletion size,Max growth rate,Min production rate,Deleted genes,,,,,,,
8,0.776517465894528,0.550665807898108,b4152,b1612,b1611,b4122,b4138,b4123,b0621,b1206
