Deletion size,Max growth rate,Min production rate,Deleted genes,,,,,,,,,,,,,,,,,,,,,,,,,,,,,,,,,
22,0.646237209705865,0.341306951119694,b2744,b3614,b0910,b4152,b2781,b1612,b1611,b4122,b1759,b4374,b0675,b2361,b2291,b4138,b4123,b0621,b2197,b2835,b3918,b1912,b0494,b1206,,,,,,,,,,,,
24,0.646235808891694,0.341306211287118,b4382,b3831,b4384,b3614,b0910,b4152,b2781,b0030,b1612,b1611,b4122,b0651,b2162,b1759,b4138,b4123,b0621,b2406,b2197,b2835,b3918,b4042,b0494,b1206,,,,,,,,,,
34,0.514988473175722,0.271988587165318,b4467,b2242,b0474,b2518,b2744,b2781,b1004,b3713,b1109,b0046,b1612,b1611,b4122,b1759,b2210,b4374,b4161,b0675,b2361,b2291,b1415,b4138,b4123,b0621,b2197,b3825,b3028,b3918,b1912,b0494,b1206,b2285,b3893,b1474
