Deletion size,Max growth rate,Min production rate,Deleted genes,,,,,,,,,,,,,,,,,,,,,,,,,,,,,,,,,,,,,
23,0.604809250676842,0.983450384467574,b4382,b4269,b0493,b3588,b3003,b3011,b1241,b0351,b4384,b2744,b0871,b3617,b0030,b2407,b1982,b0411,b2868,b0114,b0529,b2492,b0904,b3662,b1517,,,,,,,,,,,,,,,
24,0.534252846389521,0.526128819522114,b1241,b0351,b3831,b4069,b4384,b2744,b3115,b1849,b2296,b2926,b0030,b2407,b1982,b2498,b3616,b3589,b3665,b0411,b0114,b0529,b2492,b0904,b1511,b3662,,,,,,,,,,,,,,
38,0.477289294729963,0.202391343502541,b4467,b4382,b4069,b4384,b3708,b3752,b3115,b1849,b2296,b2407,b3844,b1004,b3713,b1109,b0046,b3236,b1779,b1982,b2797,b3117,b1814,b4471,b0261,b0411,b1701,b1805,b3945,b1602,b2913,b1727,b0114,b1539,b2492,b0904,b1533,b1380,b0606,b2285
