Deletion size,Max growth rate,Min production rate,Deleted genes,,,,,,,,,,,,,,,,,,,,,,,,,,,,,,,,,
23,0.631465851562062,0.333505532173327,b4382,b4384,b2744,b1278,b3614,b0910,b4152,b2781,b1612,b1611,b4122,b1759,b4374,b0675,b4138,b4123,b0621,b2406,b2197,b3825,b3918,b0494,b1206,,,,,,,,,,,
24,0.630498182475464,0.332994462583484,b0474,b2518,b2744,b4152,b2781,b1612,b1611,b4122,b1759,b3449,b4374,b4161,b0675,b4138,b4123,b0621,b4381,b2406,b2197,b3918,b0789,b1249,b0494,b1206,,,,,,,,,,
34,0.505271098439983,0.266856404284423,b4467,b2242,b4382,b3831,b4384,b3614,b0910,b3752,b2781,b1004,b3713,b1109,b0046,b1612,b1611,b4122,b1759,b2210,b4138,b4123,b0621,b2406,b0306,b3605,b2197,b2835,b3028,b3918,b4042,b0494,b1206,b2285,b3893,b1474
