Deletion size,Max growth rate,Min production rate,Deleted genes,,,,,,,,,,,,,,,,,,,,,,,,,,,,,,,,,,
25,0.483918542700071,1.573103525786,b4382,b4269,b0493,b3588,b3003,b3011,b1241,b0351,b4384,b3752,b0871,b3617,b2407,b1982,b0261,b0507,b2406,b0112,b2975,b0114,b3603,b0529,b2492,b0904,b3662,,,,,,,,,,
32,0.767365396738517,0.234087883737993,b3399,b4382,b2744,b3708,b3008,b0871,b0160,b0121,b1982,b2797,b3117,b1814,b4471,b0675,b2361,b0261,b2342,b3845,b4381,b2406,b0452,b0114,b0886,b1539,b2492,b0904,b3035,b2578,b1533,b3927,b4141,b1798,,,
35,0.723980696134025,0.360527561984773,b2836,b4069,b4384,b2744,b3708,b3008,b2297,b2458,b2925,b2097,b1850,b0030,b2407,b1982,b2797,b3117,b1814,b4471,b3946,b0825,b0261,b0411,b4381,b0653,b4077,b0114,b2366,b2492,b0904,b1492,b3653,b1533,b3927,b3662,b0221
