Deletion size,Max growth rate,Min production rate,Deleted genes,,,,,,,,,,,,,,,,,,,,,,,,,,,,,,,,,,,,,,,,,,,,,,,,,,,,,,,,,,,,,,,,,,,,,,,
34,0.49104354300171,0.111778942464476,b3399,b0474,b2518,b2502,b2744,b3708,b3008,b0871,b2779,b1982,b2797,b3117,b1814,b4471,b4374,b0675,b2361,b0261,b4381,b2406,b0114,b0886,b2366,b2492,b0904,b2578,b1533,b3927,b3821,b0594,b1600,b4141,b1798,b2285,,,,,,,,,,,,,,,,,,,,,,,,,,,,,,,,,,,,,,
39,0.376563973630978,0.239267242585937,b3399,b3846,b2341,b0474,b2518,b4069,b2502,b2744,b3708,b3008,b2297,b2458,b2925,b2097,b2926,b0583,b2690,b1982,b2797,b3117,b1814,b4471,b1623,b3665,b4374,b0675,b2361,b2291,b0261,b3945,b0452,b0114,b1539,b2492,b0904,b2578,b1533,b3927,b2285,,,,,,,,,,,,,,,,,,,,,,,,,,,,,,,,,
72,0.388252642177172,0.26058274934055,b3399,b4269,b0493,b3588,b3003,b3011,b1241,b0351,b4384,b2744,b3708,b3008,b1479,b0871,b0160,b0030,b3236,b2883,b1779,b3962,b1982,b0104,b2797,b3117,b1814,b4471,b3616,b3589,b4267,b1623,b4374,b2361,b2291,b1748,b1493,b3517,b1014,b4014,b0261,b2976,b0411,b1701,b1805,b2799,b0726,b3945,b0507,b4388,b1907,b0112,b4265,b2975,b0114,b3603,b0886,b2366,b0306,b3605,b2492,b0904,b2578,b1533,b3927,b1380,b2965,b0693,b0508,b1473,b0594,b4266,b3662,b1813
