Deletion size,Max growth rate,Min production rate,Deleted genes,,,,,,,,,,,,,,,,,,,,,,,,,,,,,,,,,
19,0.515799542478243,0.98851615447536,b4382,b1241,b0351,b4069,b4384,b3752,b2297,b2458,b3617,b2407,b1982,b0261,b2406,b0112,b0114,b0529,b2492,b0904,b3662,,,,,,,,,,,,,,,
29,0.687865833734489,0.157889513433697,b3399,b2744,b3708,b3008,b0871,b2779,b0160,b0121,b1982,b2797,b3117,b1814,b4471,b4374,b0675,b2361,b2291,b0261,b0114,b0886,b1539,b2492,b0904,b2578,b1533,b3927,b3821,b4141,b1798,,,,,
34,0.470190813153899,0.199171574609853,b3399,b3831,b4069,b4384,b2744,b3708,b3008,b0910,b3115,b1849,b2296,b2926,b2407,b1982,b2797,b3117,b1814,b4471,b2440,b4374,b0675,b2361,b2291,b0261,b2239,b0114,b2366,b2492,b0904,b2578,b1533,b3927,b3662,b2285
