Deletion size,Max growth rate,Min production rate,Deleted genes,,,,,,,,,,,,,,,,,,,,,,,,,,,,,,,,
25,0.375406791322755,0.065004689171858,b1241,b0351,b3708,b3008,b0871,b2925,b2097,b2926,b3617,b2407,b2797,b3117,b1814,b4471,b3946,b0825,b2440,b4381,b2868,b0114,b2366,b2492,b0904,b1533,b2285,,,,,,,,
28,0.400651921402109,0.12741676639006,b4069,b4384,b3708,b3115,b1849,b2296,b2779,b2925,b2097,b0030,b2407,b2690,b2797,b3117,b1814,b4471,b3665,b3945,b4381,b0452,b0114,b1539,b2492,b0904,b1533,b3927,b1518,b2285,,,,,
33,0.498419429647553,0.392180995926923,b3553,b4269,b0493,b3588,b3003,b3011,b1241,b0351,b2744,b3708,b3008,b0871,b3617,b3236,b3962,b2797,b3117,b1814,b4471,b4267,b1033,b2799,b3945,b4381,b2868,b0114,b0755,b3612,b1539,b2492,b0904,b4266,b1517
