Deletion size,Max growth rate,Min production rate,Deleted genes,,,,,,,,,,,,
7,0.555223221180279,6.18341851224329,b3916,b1851,b1200,b1852,b4381,b1723,b1518,,,,,,
7,0.555223221180223,6.18341851224268,b2925,b2097,b0767,b1851,b1200,b4381,b1518,,,,,,
8,0.438415988494154,9.61841704520151,b3916,b0767,b1200,b4381,b0837,b0124,b1723,b1511,,,,,
11,0.438414869884408,9.61841801880489,b4382,b0238,b0125,b4384,b2925,b2097,b1851,b2029,b0477,b1200,b1511,,
12,0.547220234527713,6.19038405037129,b3916,b1241,b0351,b4069,b3115,b1849,b2296,b1851,b1200,b1852,b1723,b1518,
13,0.438415988494196,9.61841704520225,b3916,b3399,b2502,b2744,b1200,b4374,b2361,b2291,b1852,b0837,b0124,b1723,b1511
