Deletion size,Max growth rate,Min production rate,Deleted genes,,,
4,0.803163517547746,0.837532490794746,b1612,b1611,b4122,b1206
