Deletion size,Max growth rate,Min production rate,Deleted genes,,,,,,,,,,,,,,,,,,,,
21,0.568297614849407,1.08912731897059,b4382,b1241,b0351,b4069,b4384,b2744,b3752,b3115,b1849,b2296,b3617,b2407,b1982,b0261,b0411,b0112,b0114,b0529,b2492,b0904,b3662
21,0.568297614849407,1.08912731897169,b3399,b4382,b1241,b0351,b4069,b4384,b2744,b2297,b2458,b3617,b0160,b1982,b0675,b2361,b2291,b0261,b0112,b0114,b0529,b2492,b0904
21,0.568297614849372,1.08912731896943,b3399,b1241,b0351,b4069,b2744,b2297,b2458,b0160,b1982,b3616,b3589,b4374,b0675,b2361,b2291,b0261,b0112,b0114,b0529,b2492,b0904
