Deletion size,Max growth rate,Min production rate,Deleted genes,,,,,,,,,,,,,,,,,,,,,,,,,,,,,,,,,,,,,
22,0.439516217693783,0.216285564466769,b3399,b4382,b1241,b0351,b4069,b4384,b2744,b2297,b2458,b2407,b1982,b3616,b3589,b0675,b2361,b0261,b0112,b0114,b0529,b2492,b0904,b2285,,,,,,,,,,,,,,,,
23,0.575324396217457,0.551296979626901,b3399,b4382,b1241,b0351,b4069,b4384,b2744,b3115,b1849,b2296,b3617,b0030,b2883,b1982,b1623,b0261,b0411,b4381,b0114,b0529,b2492,b0904,b3662,,,,,,,,,,,,,,,
38,0.498460110031045,0.105573186690669,b4467,b4382,b4069,b4384,b3708,b3926,b2297,b2458,b0030,b2407,b1004,b3713,b1109,b0046,b3236,b1638,b3908,b1656,b1982,b4139,b2797,b3117,b1814,b4471,b0261,b1602,b2913,b2406,b0114,b2366,b2492,b0904,b1533,b3927,b3821,b1380,b3662,b2285
