Deletion size,Max growth rate,Min production rate,Deleted genes,,,,,,,,,,,,,,,,,,,,,,,,,,,,,,,,,,,,,,,,,,,,,,,,
15,0.660615479850762,1.26693926740186,b1241,b0351,b4069,b3115,b1849,b2296,b3617,b4381,b0511,b0114,b0529,b2492,b0904,b0516,b1518,,,,,,,,,,,,,,,,,,,,,,,,,,,,,,,,,,
17,0.675132275465111,1.09825353809382,b4269,b0493,b3588,b3003,b3011,b1241,b0351,b0871,b3617,b4381,b0511,b0114,b0529,b2492,b0904,b0516,b1518,,,,,,,,,,,,,,,,,,,,,,,,,,,,,,,,
17,0.687895630441157,0.699849880708455,b0469,b4382,b0238,b0125,b1241,b0351,b4069,b4384,b0512,b2297,b2458,b3617,b0477,b0511,b0114,b2492,b0904,,,,,,,,,,,,,,,,,,,,,,,,,,,,,,,,
20,0.667852637398525,1.00013136363702,b1241,b0351,b4069,b3708,b2297,b2458,b2797,b3117,b1814,b4471,b3616,b3589,b4381,b0511,b0114,b1539,b2492,b0904,b0516,b1511,,,,,,,,,,,,,,,,,,,,,,,,,,,,,
29,0.774158765029168,0.243612744518248,b3399,b3942,b1732,b4069,b4384,b2744,b3708,b2297,b2458,b0160,b3124,b0517,b2797,b3117,b1814,b4471,b4374,b2361,b2291,b2789,b3127,b0452,b0511,b0114,b1539,b2492,b0904,b1533,b0514,,,,,,,,,,,,,,,,,,,,
49,0.503366726693017,0.080385988362848,b4467,b1478,b4382,b0238,b0125,b1241,b4069,b4384,b3708,b2297,b2458,b2779,b2407,b3844,b1004,b3713,b1109,b0046,b3236,b1638,b4139,b2797,b3117,b1814,b4471,b1623,b4015,b2799,b3945,b1602,b0153,b3654,b3714,b3664,b0511,b4064,b4464,b0584,b2366,b2492,b0904,b2954,b3029,b1380,b2660,b0515,b1517,b2285,b1007
