Deletion size,Max growth rate,Min production rate,Deleted genes,,,,
3,0.816120106539185,0.482984775768045,b0008,b2464,b2029,,
5,0.816120106539185,0.482984775766454,b0008,b0767,b2464,b3437,b4268
