Deletion size,Max growth rate,Min production rate,Deleted genes,,,,,,,,,,
4,0.86422188197332,0.50313788057844,b4069,b2297,b2458,b0010,,,,,,,
5,0.864221881973322,0.503137880578362,b4069,b3115,b1849,b2296,b0010,,,,,,
8,0.659372903701693,1.74778458565799,b2925,b2097,b3946,b0825,b0010,b2913,b0723,b2285,,,
8,0.698019744092298,1.26410979387909,b2779,b2925,b2097,b2926,b3946,b0825,b0010,b0723,,,
10,0.698019744092298,1.26410979398411,b2930,b4232,b3697,b3925,b2926,b2690,b3945,b4388,b0010,b0723,
11,0.698008894290082,1.26446964260015,b2779,b2925,b2097,b0907,b2690,b1302,b2662,b4015,b0726,b3945,b0010
