Deletion size,Max growth rate,Min production rate,Deleted genes,,,,,,,,,,,,,,,,,,,,,,,,,,,,,,,,,,,,,,,,,,,,,,,,,
26,0.484868937730341,1.57619303288722,b3399,b4269,b0493,b3588,b3003,b3011,b1241,b0351,b2502,b2744,b0871,b3617,b1982,b4374,b0675,b2361,b2291,b0261,b0507,b0112,b2975,b0114,b3603,b0529,b2492,b0904,,,,,,,,,,,,,,,,,,,,,,,,
27,0.458224028725689,1.75634841623155,b1241,b0351,b4069,b4384,b3752,b3115,b1849,b2296,b2407,b3124,b1982,b3616,b3589,b0261,b4381,b2406,b0112,b2789,b3127,b2975,b0114,b3603,b0529,b2492,b0904,b0514,b3662,,,,,,,,,,,,,,,,,,,,,,,
27,0.487241197861346,1.55840637723855,b3553,b3399,b4269,b0493,b3588,b3003,b3011,b1241,b0351,b2502,b2744,b0871,b3617,b1982,b1033,b0675,b2361,b0261,b4381,b2406,b0112,b0114,b0509,b3125,b0529,b2492,b0904,,,,,,,,,,,,,,,,,,,,,,,
28,0.40011796102515,1.53363093835619,b3399,b1241,b0351,b4069,b2744,b3115,b1849,b2296,b2779,b2926,b3617,b0160,b1982,b4374,b0675,b2361,b2291,b0261,b2913,b0112,b2789,b3127,b2975,b0114,b3603,b0529,b2492,b0904,,,,,,,,,,,,,,,,,,,,,,
34,0.486214935725576,1.36762431201823,b3916,b1241,b0351,b4069,b4384,b3708,b3752,b2297,b2458,b1850,b3617,b2407,b1238,b1982,b1200,b2797,b3117,b1814,b4471,b0261,b0507,b4381,b2406,b0112,b0452,b0114,b2366,b1723,b2492,b0904,b1533,b3825,b3662,b4209,,,,,,,,,,,,,,,,
50,0.397966163132424,0.603424552139133,b4467,b1478,b3399,b4269,b0493,b3588,b3003,b3011,b1241,b2744,b0871,b0160,b3844,b1004,b3713,b1109,b0046,b3236,b1638,b1779,b0120,b3908,b1656,b1982,b4139,b0675,b2361,b2291,b4014,b0261,b2976,b2799,b3945,b1602,b0507,b0153,b2913,b4381,b2975,b3603,b0529,b2492,b0904,b1300,b2954,b3035,b1380,b1985,b2285,b1009
