Deletion size,Max growth rate,Min production rate,Deleted genes,,,
3,0.254314923931413,0.280707345265122,b2914,b4090,b3546,
4,0.254314923931413,0.280707345265112,b4388,b0529,b2914,b4090
3,0.25199240546176,0.278143799312682,b1054,b2914,b4090,
