Deletion size,Max growth rate,Min production rate,Deleted genes,,,,,,,,,,,,,,,,,,,,,,,
22,0.633309404563095,0.334479195473355,b2744,b3614,b0910,b4152,b2781,b1612,b1611,b4122,b1759,b4374,b0675,b2361,b2291,b4138,b4123,b0621,b2197,b2835,b3918,b4042,b0494,b1206,,
23,0.632334740201858,0.333964431363903,b4382,b0474,b2518,b3831,b4384,b1278,b3752,b4152,b2781,b1612,b1611,b4122,b1759,b4161,b4138,b4123,b0621,b2406,b2197,b3825,b3918,b0494,b1206,
24,0.633309404563095,0.334479195473199,b3831,b3614,b0910,b4152,b2781,b0030,b1612,b1611,b4122,b0651,b2162,b1759,b3449,b4138,b4123,b0621,b4381,b2406,b2197,b3918,b0789,b1249,b0494,b1206
