Deletion size,Max growth rate,Min production rate,Deleted genes,,,,,,,,,,,,,,,,,,,,,,,,,,,,,,,,,,,
21,0.554565877266739,0.292891195249075,b0474,b2518,b3831,b3752,b4152,b2781,b1612,b1611,b4122,b1759,b4161,b4138,b4123,b0621,b4381,b2406,b2197,b3821,b3918,b4042,b1206,,,,,,,,,,,,,,,
23,0.554565877266739,0.292891195249058,b1855,b0474,b2518,b2744,b1278,b4152,b2781,b1612,b1611,b4122,b1759,b4374,b4161,b0675,b2361,b2291,b4138,b4123,b0621,b2197,b3821,b3918,b1206,,,,,,,,,,,,,
23,0.546469075566453,0.288614909915643,b1855,b2836,b2744,b1278,b3614,b0910,b4152,b2781,b1612,b1611,b4122,b1759,b4374,b0675,b4138,b4123,b0621,b4381,b2406,b2197,b3918,b0494,b1206,,,,,,,,,,,,,
25,0.5464690755665,0.288614909915258,b3846,b2341,b3831,b2744,b3614,b0910,b3752,b4152,b2781,b1612,b1611,b4122,b1759,b4374,b2361,b2291,b0411,b4138,b4123,b0621,b0452,b2197,b3918,b4042,b1206,,,,,,,,,,,
26,0.555314365902568,0.293286505779286,b1054,b4382,b3831,b4384,b3614,b0910,b4152,b2781,b0030,b1612,b1611,b4122,b0651,b2162,b1759,b1701,b1805,b4138,b4123,b0621,b2406,b2197,b3918,b0789,b1249,b1206,,,,,,,,,,
36,0.441702872845546,0.233065352540641,b4467,b2836,b2242,b4382,b3831,b4384,b1278,b3614,b0910,b3752,b2781,b1004,b3713,b1109,b0046,b1612,b1611,b4122,b1759,b2210,b1415,b4138,b4123,b0621,b2223,b2406,b3915,b2197,b3028,b3918,b1206,b3546,b2285,b3893,b1474,b4209
