Deletion size,Max growth rate,Min production rate,Deleted genes,,,,,,,,,,,,,,,,,,,,,,,,,,,,,,,,,,,,
25,0.509556867438458,0.0604803237086931,b4467,b1478,b1241,b0351,b0871,b2779,b3844,b1004,b3713,b1109,b0046,b3236,b0937,b3945,b1602,b2913,b4381,b0529,b2492,b0904,b1380,b1511,b0606,b2285,b1007,,,,,,,,,,,,
37,0.543552134428101,0.134553416583005,b3553,b1478,b1241,b0351,b3831,b4069,b4384,b3752,b2297,b2458,b3617,b2407,b3844,b1004,b3713,b1109,b0046,b3236,b1638,b1779,b0937,b1982,b4139,b1033,b1623,b4015,b3945,b1602,b2913,b2492,b0904,b2954,b3029,b1380,b1518,b2285,b1007
31,0.48874944963339,0.261608030415148,b3553,b1241,b0351,b2297,b2458,b2779,b2925,b2097,b3617,b3844,b1004,b3713,b1109,b0046,b3236,b3946,b0825,b1033,b1493,b3517,b4014,b2976,b3945,b1602,b0507,b2913,b1727,b1380,b0606,b0221,b2285,,,,,,
