Deletion size,Max growth rate,Min production rate,Deleted genes,,,,,,,,,,,,,,,,,,,,,,,,,,,,
26,0.576862950609665,1.10592905615244,b3399,b4269,b0493,b3588,b3003,b3011,b1241,b0351,b4384,b2744,b0871,b3617,b0030,b2883,b1982,b1623,b0261,b0411,b4381,b0112,b0114,b0529,b2492,b0904,b2954,b3662,,,
29,0.59971655143257,0.974767588226124,b3399,b4069,b4384,b2744,b3708,b3008,b2297,b2458,b0030,b2883,b1982,b2797,b3117,b1814,b4471,b2440,b1623,b0261,b0411,b4381,b2406,b0114,b1539,b2492,b0904,b1533,b3927,b0494,b3662
23,0.751202318353618,0.298551338985745,b1241,b0351,b4069,b4384,b2744,b2297,b2458,b0030,b2883,b1982,b3616,b3589,b4381,b2406,b2868,b4064,b4464,b0114,b0529,b2492,b0904,b1511,b3662,,,,,,
