Deletion size,Max growth rate,Min production rate,Deleted genes,,,,,,,,,,,,,,,,,,,,,,,,,,,
22,0.544795921523946,0.885500667325264,b4269,b0493,b3588,b3003,b3011,b1241,b0351,b4384,b3752,b0871,b3617,b2407,b1982,b0261,b4381,b2406,b0112,b0114,b0529,b2492,b0904,b3662,,,,,,
24,0.5176998422359,0.992158028599243,b1241,b0351,b4069,b4384,b2744,b3752,b3115,b1849,b2296,b3617,b2883,b1982,b0261,b4381,b2406,b0112,b2868,b4064,b4464,b0114,b0529,b2492,b0904,b3662,,,,
28,0.641494330740954,0.271683583408603,b4382,b4069,b4384,b3708,b3008,b2297,b2458,b0030,b2407,b1779,b1982,b2797,b3117,b1814,b4471,b3449,b0261,b2406,b0452,b0114,b0529,b1539,b2492,b0904,b1533,b3927,b3662,b4209
