Deletion size,Max growth rate,Min production rate,Deleted genes,,,,,,,,,,,,,,,,,,,,,,,,,
25,0.62004678088553,0.327474607047765,b2744,b3614,b0910,b4152,b2779,b2926,b2781,b1612,b1611,b4122,b1759,b4374,b0675,b4138,b4123,b0621,b4381,b2239,b2406,b3453,b3825,b3918,b0789,b1249,b1206,
25,0.616136500953388,0.32540941229348,b0474,b2518,b2744,b4152,b2779,b2781,b1612,b1611,b4122,b1759,b3449,b4374,b4161,b0675,b4388,b4138,b4123,b0621,b4381,b2239,b2406,b3918,b0789,b1249,b1206,
26,0.616136500953394,0.325409412292766,b4382,b0474,b2518,b3831,b4384,b3752,b4152,b2926,b2781,b1612,b1611,b4122,b1759,b4161,b4388,b4138,b4123,b0621,b2239,b2406,b3453,b2835,b3918,b0789,b1249,b1206
