Deletion size,Max growth rate,Min production rate,Deleted genes,,,,,,,,,,,,,,,,,,,,,,,,,
16,0.630793489790073,0.806120227366604,b4382,b1241,b0351,b4069,b4384,b3752,b2297,b2458,b3617,b2407,b1982,b0261,b0114,b0529,b2492,b0904,,,,,,,,,,
23,0.487292880412406,0.154970636082626,b4382,b4069,b4384,b3708,b3752,b2297,b2458,b2407,b1779,b1982,b2797,b3117,b1814,b4471,b0452,b0114,b2366,b2492,b0904,b1533,b3927,b1518,b2285,,,
26,0.492651096414406,0.629581662275848,b1241,b0351,b3831,b4069,b4384,b3752,b3115,b1849,b2296,b2779,b2925,b2097,b3617,b2407,b3236,b2690,b2498,b0261,b3945,b2913,b2868,b0114,b0529,b2492,b0904,b1380
