Deletion size,Max growth rate,Min production rate,Deleted genes,,,,
5,0.73711668644863,0.765781680066538,b3942,b1732,b2926,b3236,b2210
