Deletion size,Max growth rate,Min production rate,Deleted genes,,,
4,0.254615051231119,0.281038619325517,b0910,b0907,b2914,b4090
3,0.250978186434525,0.277080294290622,b2914,b4090,b4042,
