Deletion size,Max growth rate,Min production rate,Deleted genes,,,,,,,,,,,,,,,,,,,,,,,,,,,,,
21,0.69468804826795,0.366896019252414,b3831,b3614,b0910,b3752,b4152,b2781,b1612,b1611,b4122,b1759,b4138,b4123,b0621,b4381,b2406,b2197,b3821,b3918,b0789,b1249,b1206,,,,,,,,,
21,0.690804335867164,0.364844855966237,b3831,b3614,b0910,b3752,b4152,b2781,b1612,b1611,b4122,b1759,b4138,b4123,b0621,b4381,b2406,b0452,b2197,b3918,b4042,b1206,b0221,,,,,,,,,
22,0.589366445481547,0.311175935467329,b3831,b3614,b0910,b3752,b4152,b2781,b3844,b1612,b1611,b4122,b1759,b4138,b4123,b0621,b4381,b2406,b0452,b2197,b3918,b1912,b1206,b2285,,,,,,,,
23,0.693199114105978,0.366109646119372,b4382,b0474,b2518,b4384,b2744,b4152,b2781,b1612,b1611,b4122,b1759,b4374,b4161,b0675,b4138,b4123,b0621,b2406,b2197,b3821,b3918,b1912,b1206,,,,,,,
26,0.694688048267972,0.366896019252747,b3831,b2744,b3614,b0910,b4152,b2781,b0030,b1612,b1611,b4122,b0651,b2162,b1759,b4374,b2361,b2291,b0411,b4138,b4123,b0621,b2197,b2835,b3918,b1912,b0494,b1206,,,,
30,0.612920764993449,0.0630593673915243,b3916,b3831,b4384,b3614,b0910,b4152,b2781,b0030,b1851,b1612,b1611,b4122,b0651,b2162,b1759,b1200,b4138,b4123,b0621,b2913,b4381,b2406,b1723,b0755,b3612,b2835,b3918,b4042,b0494,b1206
