Deletion size,Max growth rate,Min production rate,Deleted genes,,,,,,,,,,,,,,,,
17,0.848268530373282,0.531514033641561,b4382,b4069,b4384,b3708,b2297,b2458,b2407,b2797,b3117,b1814,b4471,b0507,b0114,b2366,b0529,b2492,b0904
2,0.686676833381368,0.00268078635007846,b0521,b0033,,,,,,,,,,,,,,,
13,0.778336059737153,0.248059983092066,b1241,b0351,b4069,b3115,b1849,b2296,b3617,b0507,b4381,b0114,b2492,b0904,b1517,,,,
