Deletion size,Max growth rate,Min production rate,Deleted genes,,,,,,,,,,,,,,,,,,,,,,
21,0.604583598163716,0.319307804448752,b4382,b3831,b4384,b3614,b0910,b3752,b4152,b2781,b1612,b1611,b4122,b1759,b4138,b4123,b0621,b2406,b2197,b3821,b3918,b1912,b1206,,
22,0.604583598163716,0.319307804453478,b4382,b3831,b4384,b3614,b0910,b3752,b4152,b2781,b1612,b1611,b4122,b1759,b1701,b1805,b4138,b4123,b0621,b2406,b2197,b3918,b4042,b1206,
23,0.604584824222082,0.319308451989652,b3831,b3614,b0910,b4152,b2781,b0030,b1612,b1611,b4122,b0651,b2162,b1759,b4138,b4123,b0621,b4381,b2406,b2197,b3825,b3918,b1912,b0494,b1206
23,0.604584824222082,0.319308451988747,b3831,b3614,b0910,b4152,b2781,b0030,b1612,b1611,b4122,b0651,b2162,b1759,b4138,b4123,b0621,b4381,b2406,b2197,b3825,b3918,b4042,b0494,b1206
23,0.604583598163716,0.319307804446602,b4382,b4384,b2744,b1278,b3614,b0910,b4152,b2781,b1612,b1611,b4122,b1759,b4374,b0675,b4138,b4123,b0621,b2406,b2197,b2835,b3918,b0494,b1206
23,0.603217217495242,0.318586157333925,b0474,b2518,b2744,b1278,b4152,b2781,b1612,b1611,b4122,b1759,b4374,b4161,b0675,b1701,b1805,b4138,b4123,b0621,b4381,b2406,b2197,b3918,b1206
