Deletion size,Max growth rate,Min production rate,Deleted genes,,,,,,,,,,,,,,,,,,,,,,,,,,,,,,,,,,,,,,,,,,,,
45,0.451312939089838,1.72985857594617,b3553,b1478,b3399,b3846,b1241,b4069,b2744,b2297,b2458,b2779,b1004,b3713,b1109,b0046,b3236,b2883,b1638,b1982,b4139,b1033,b0675,b2361,b4014,b0261,b2976,b2799,b3945,b1602,b0507,b4381,b2406,b3915,b4064,b4464,b0114,b0529,b2492,b0904,b2954,b3029,b1380,b2660,b3662,b2285,b1009
30,0.766998782641386,0.264079981859892,b0586,b4384,b3708,b3008,b0871,b0030,b2407,b1238,b0120,b1982,b2797,b3117,b1814,b4471,b0261,b4381,b2406,b0114,b0886,b1539,b2492,b0904,b2578,b1533,b3927,b3825,b0494,b4141,b1798,b3662,,,,,,,,,,,,,,,
23,0.463418717089955,0.187910960464366,b3553,b3399,b1241,b0351,b4069,b2744,b2297,b2458,b3617,b0160,b1982,b1033,b4374,b0675,b2361,b2291,b0261,b0507,b0112,b0114,b0529,b2492,b0904,,,,,,,,,,,,,,,,,,,,,,
