Deletion size,Max growth rate,Min production rate,Deleted genes,,,,,,,,,,,,,,,,,,,,,,,,,,,,,,,,
32,0.520285940174445,0.519324590499728,b2836,b4382,b1241,b0351,b4069,b4384,b3708,b3752,b3115,b1849,b2296,b2779,b2926,b2407,b1982,b2797,b3117,b1814,b4471,b3616,b3589,b0261,b2406,b0112,b0511,b0114,b2366,b2492,b0904,b1533,b0516,b3662,
33,0.461106184704759,0.459922586609832,b2836,b4382,b1241,b0351,b4069,b3708,b3752,b2297,b2458,b2407,b2883,b2797,b3117,b1814,b4471,b3616,b3589,b4381,b2406,b0112,b3654,b2868,b3714,b3664,b4064,b4464,b0114,b1539,b2492,b0904,b1533,b3662,b1518
31,0.520249717618097,0.519380102873367,b4382,b1241,b0351,b4069,b4384,b2744,b3708,b2297,b2458,b3617,b2407,b2797,b3117,b1814,b4471,b0261,b2406,b0112,b0452,b3654,b2868,b3714,b3664,b4064,b4464,b0114,b1539,b2492,b0904,b1533,b3662,,
