Deletion size,Max growth rate,Min production rate,Deleted genes,,,
4,0.809484892535743,0.80002929950669,b3114,b3952,b0903,b0529
