Deletion size,Max growth rate,Min production rate,Deleted genes,,,,,,,,,,,,,,,,,,,,,,,,,,,,,,,,,,,,,,
20,0.548790481478396,1.78521488752494,b4269,b0493,b3588,b3003,b3011,b1241,b0351,b0512,b0871,b3617,b1612,b1611,b4122,b1779,b0261,b4381,b0114,b0529,b2492,b0904,,,,,,,,,,,,,,,,,,,
22,0.731719654475272,0.386395100321533,b2836,b3831,b3614,b0910,b4152,b2781,b0030,b1612,b1611,b4122,b0651,b2162,b1759,b0411,b4138,b4123,b0621,b4381,b3918,b0789,b1249,b1206,,,,,,,,,,,,,,,,,
22,0.790487879756332,0.1027031754433,b3399,b2502,b2744,b3708,b3008,b0871,b1982,b2797,b3117,b1814,b4471,b0675,b2361,b4381,b0452,b0114,b1539,b2492,b0904,b1533,b3927,b1517,,,,,,,,,,,,,,,,,
26,0.415355493604197,1.71472371422519,b4269,b0493,b3588,b3003,b3011,b1241,b0351,b2930,b4232,b3697,b3925,b0871,b1612,b1611,b4122,b2690,b3616,b3589,b3945,b4381,b0114,b0755,b3612,b2492,b0904,b2285,,,,,,,,,,,,,
30,0.369894274702684,0.0120889216777463,b4384,b3708,b3008,b0512,b0871,b2925,b2097,b2926,b0030,b2407,b3236,b2690,b1982,b2797,b3117,b1814,b4471,b2210,b3945,b4381,b2406,b0452,b0114,b1539,b2492,b0904,b1533,b3927,b1517,b2285,,,,,,,,,
39,0.475861714933339,0.212457239533531,b4467,b1478,b3399,b1241,b4069,b4384,b2744,b2297,b2458,b2779,b2926,b3844,b1004,b3713,b1109,b0046,b3236,b1638,b3908,b1656,b0937,b4139,b3665,b0675,b2361,b4015,b3945,b1602,b4381,b0529,b1539,b2492,b0904,b2954,b1380,b2660,b1517,b2285,b1008
