Deletion size,Max growth rate,Min production rate,Deleted genes,,,,,,,,,,,,,,,,,,,,,,,,,,,,,,,,,,,
27,0.778486263545998,0.158783691233268,b4384,b2744,b3708,b3008,b0871,b0030,b2883,b1982,b2797,b3117,b1814,b4471,b4381,b2868,b4064,b4464,b0114,b0529,b1539,b2492,b0904,b2578,b1533,b3927,b3821,b3447,b1511,,,,,,,,,
36,0.352349137611114,0.346991199209104,b3942,b1732,b0474,b2518,b1241,b0351,b4069,b2744,b1479,b2297,b2458,b3236,b2883,b1779,b2463,b3616,b3589,b2210,b3551,b4219,b1832,b1778,b4381,b2868,b4064,b4464,b0114,b0529,b2492,b0904,b1710,b2480,b1517,b0606,b2285,b4209
