Deletion size,Max growth rate,Min production rate,Deleted genes,,,,,
5,0.834804875224321,4.86488731116195,b3942,b1732,b3236,b2210,b2943,
5,0.737116686448667,0.765781680136601,b3942,b1732,b2926,b3236,b2210,
6,0.712872324646618,5.6149277166234,b3942,b1732,b3236,b2463,b2210,b2285
6,0.835433478199358,0.867921815290245,b3942,b1732,b1479,b3236,b2463,b2210
