Deletion size,Max growth rate,Min production rate,Deleted genes,,,,,,,,,,,,,,,,,,,,,,,,,,,,,,,,,,,,
28,0.542289507074518,1.6227362751924,b3399,b1241,b0351,b4069,b2744,b3708,b2297,b2458,b3617,b0160,b1238,b1982,b2797,b3117,b1814,b4471,b0675,b2361,b0261,b4381,b2406,b0112,b0114,b1539,b2492,b0904,b1533,b3821,,,,,,,,,
30,0.542289507074503,1.62273627518839,b3399,b1241,b0351,b4069,b2502,b2744,b3708,b3115,b1849,b2296,b3617,b1238,b1982,b2797,b3117,b1814,b4471,b3449,b0675,b2361,b0261,b4381,b2406,b0112,b0114,b1539,b2492,b0904,b1533,b0494,,,,,,,
37,0.447830462559569,1.02432964959663,b1241,b0351,b4069,b4384,b2744,b3708,b2930,b4232,b3697,b3925,b2297,b2458,b0030,b2883,b1982,b2797,b3117,b1814,b4471,b3616,b3589,b3946,b0825,b4374,b2361,b2291,b4381,b2868,b4064,b4464,b0114,b1539,b2492,b0904,b1533,b1518,b2285
