Deletion size,Max growth rate,Min production rate,Deleted genes,,,,,,,,,,,,,,,,,,,,,,,,,,,,,,,,,,,,,,,,,,,
31,0.46125228726422,0.883977785356787,b3399,b4269,b0493,b3588,b3003,b3011,b1241,b0351,b2502,b4384,b2744,b0871,b3617,b2407,b3124,b1982,b0675,b2361,b0261,b4388,b4381,b0112,b2789,b3127,b2975,b0114,b3603,b0529,b2492,b0904,b0514,,,,,,,,,,,,,
22,0.471683338616046,0.766664900761842,b1241,b0351,b4069,b4384,b3752,b2297,b2458,b3617,b2407,b1982,b0261,b0507,b4381,b2406,b0112,b2975,b0114,b3603,b0529,b2492,b0904,b3662,,,,,,,,,,,,,,,,,,,,,,
44,0.341412799385692,0.462418093895595,b3553,b1478,b4269,b0493,b3588,b3003,b3011,b1241,b4384,b3752,b0871,b2407,b1004,b3713,b1109,b0046,b3236,b0207,b3012,b1982,b1033,b0261,b0411,b2799,b1602,b0507,b4381,b3915,b0452,b0755,b3612,b0529,b2492,b0904,b1781,b3001,b1380,b0325,b2660,b1771,b0606,b2285,b1007,b4209
