Deletion size,Max growth rate,Min production rate,Deleted genes,,,
3,0.25461505123119,0.281038619324618,b2914,b4090,b4042,
4,0.250978186433753,0.27708029415274,b0910,b0907,b2914,b4090
