Deletion size,Max growth rate,Min production rate,Deleted genes,,,,,,,,,,,,,,,,,,,,,,
23,0.643228187617231,0.339717751148982,b2744,b3614,b0910,b4152,b2781,b1612,b1611,b4122,b1759,b4374,b0675,b4138,b4123,b0621,b4381,b2406,b2197,b2835,b3918,b0789,b1249,b0494,b1206
22,0.643226799817639,0.339717018189862,b4382,b3831,b4384,b1278,b3614,b0910,b3752,b4152,b2781,b1612,b1611,b4122,b1759,b4138,b4123,b0621,b2406,b2197,b3825,b3918,b0494,b1206,
22,0.643228187617231,0.339717751149267,b2744,b3614,b0910,b4152,b2781,b1612,b1611,b4122,b1759,b4374,b0675,b2361,b2291,b4138,b4123,b0621,b2197,b3825,b3918,b4042,b0494,b1206,
