Deletion size,Max growth rate,Min production rate,Deleted genes,,,,,,,,,,,,,,,,,,,,,,,,,,,,,,,,
31,0.468537588204654,0.350667352929044,b1241,b0351,b4069,b4384,b2744,b3708,b2297,b2458,b2779,b3617,b0030,b2407,b1779,b1982,b2797,b3117,b1814,b4471,b4374,b2361,b2291,b0261,b0411,b0112,b0114,b2366,b2492,b0904,b1533,b3821,b3662,,
33,0.676140773701362,0.0775990989410749,b2836,b3399,b0586,b2502,b2744,b3708,b3008,b0871,b2779,b2926,b0120,b1982,b2797,b3117,b1814,b4471,b4374,b0675,b2361,b2291,b0261,b0112,b0114,b0886,b2366,b2492,b0904,b2578,b1533,b3927,b0494,b4141,b1798
33,0.728412221851052,0.00769554872758626,b4382,b4069,b4384,b3708,b3008,b3752,b2297,b2458,b2925,b2097,b2407,b3124,b1982,b2797,b3117,b1814,b4471,b3946,b0825,b2440,b0596,b0261,b2406,b0114,b2366,b2492,b0904,b2578,b1533,b3927,b0494,b0514,b3662
