Deletion size,Max growth rate,Min production rate,Deleted genes,,,,,,,,,,,,,,,,,,,,,,,
23,0.609814213866243,0.322021176955378,b4382,b0474,b2518,b3831,b4384,b1278,b3752,b4152,b2781,b1612,b1611,b4122,b1759,b4161,b4138,b4123,b0621,b2406,b2197,b2835,b3918,b0494,b1206,
24,0.707397863081759,0.373608644395807,b2436,b0474,b2518,b3831,b2744,b1278,b3752,b4152,b2781,b1612,b1611,b4122,b1759,b4374,b4161,b2361,b2291,b0411,b4138,b4123,b0621,b3821,b3918,b1206
22,0.707372835898051,0.373595426415946,b2836,b0474,b2518,b3831,b1278,b3752,b4152,b2779,b2781,b1612,b1611,b4122,b0907,b1759,b4161,b4138,b4123,b0621,b4381,b2406,b3918,b1206,,
