Deletion size,Max growth rate,Min production rate,Deleted genes,,,
4,0.76486555431899,0.755931159780098,b3114,b3952,b0903,b0529
