Deletion size,Max growth rate,Min production rate,Deleted genes,,,,,,,,,,,,,,,,,,,,,,,,,,,,,,,,,
23,0.579012863027674,0.305802748543723,b4382,b4384,b2744,b1278,b3614,b0910,b4152,b2781,b1612,b1611,b4122,b1759,b4374,b0675,b4138,b4123,b0621,b2406,b2197,b2835,b3918,b0494,b1206,,,,,,,,,,,
24,0.569401948196597,0.300726791929964,b2836,b4382,b3831,b4384,b1278,b3614,b0910,b4152,b2781,b0030,b1612,b1611,b4122,b0651,b2162,b1759,b4138,b4123,b0621,b2406,b2197,b3918,b1206,b0221,,,,,,,,,,
34,0.462383984216329,0.244205789343688,b4467,b2242,b0474,b2518,b2744,b2781,b1004,b3713,b1109,b0046,b1612,b1611,b4122,b1759,b2210,b4374,b4161,b0675,b1415,b4138,b4123,b0621,b4381,b2406,b0452,b2492,b0904,b2197,b3028,b3918,b1912,b1206,b0221,b2285
