Deletion size,Max growth rate,Min production rate,Deleted genes,,,,,,,,,,,,,,,,,,,,,,,,,,
23,0.632518569103599,0.334061519679282,b2744,b3614,b0910,b4152,b2781,b1612,b1611,b4122,b1759,b4374,b0675,b1701,b1805,b4138,b4123,b0621,b4381,b2406,b2197,b3918,b0789,b1249,b1206,,,,
23,0.631546335548607,0.333548039388249,b0474,b2518,b2744,b4152,b2781,b1612,b1611,b4122,b1759,b4374,b4161,b0675,b2361,b2291,b4138,b4123,b0621,b2197,b3825,b3918,b1912,b0494,b1206,,,,
27,0.625232562551704,0.33021345174887,b0474,b2518,b3831,b2744,b4152,b2781,b0030,b1612,b1611,b4122,b0651,b2162,b1759,b4374,b4161,b2361,b2291,b0411,b4138,b4123,b0621,b0452,b2197,b3918,b1912,b1206,b0221
