Deletion size,Max growth rate,Min production rate,Deleted genes,,,,,,,,,,,,,,,,,,,,,,,,,
22,0.457963555825041,0.241871162192234,b0474,b2518,b3831,b3752,b4152,b2781,b1612,b1611,b4122,b1759,b4161,b4138,b4123,b0621,b4381,b2406,b2197,b3821,b3918,b1912,b1206,b3546,,,,
23,0.458704628499285,0.242262556018824,b1054,b2744,b3614,b0910,b4152,b2781,b1612,b1611,b4122,b1759,b4374,b0675,b2361,b2291,b4138,b4123,b0621,b2197,b2835,b3918,b1912,b0494,b1206,,,
26,0.449843954316349,0.237512273749711,b0474,b2518,b3831,b4152,b2781,b0030,b3844,b1612,b1611,b4122,b0651,b2162,b1759,b4161,b4138,b4123,b0621,b0153,b4381,b0590,b2406,b0452,b2197,b3918,b4042,b1206
