Deletion size,Max growth rate,Min production rate,Deleted genes,,,,,,,,,,,,,,,,,,,,,,,,,,,,,,,,,,,,,,,,,,,,,
46,0.422525962918981,0.702940177249424,b4467,b2836,b1478,b3399,b1241,b4069,b2502,b4384,b2744,b3708,b2297,b2458,b2926,b0030,b3844,b1004,b3713,b1109,b0046,b3236,b1982,b2797,b3117,b1814,b4471,b1623,b4374,b2361,b2291,b0261,b0411,b2799,b3945,b1602,b3915,b1539,b2492,b0904,b1533,b1380,b2660,b4141,b1798,b0606,b2285,b1010
34,0.772262953043257,0.126361086964418,b3831,b4384,b3708,b3008,b0871,b3115,b1849,b2296,b2925,b2097,b0030,b2407,b2690,b1982,b2797,b3117,b1814,b4471,b0261,b3945,b4381,b2406,b0114,b1539,b2492,b0904,b2578,b1533,b3927,b2835,b2413,b0494,b3447,b3662,,,,,,,,,,,,
32,0.767979470383045,0.144283888583105,b2836,b3831,b4384,b3708,b3008,b0871,b2925,b2097,b0030,b2407,b2797,b3117,b1814,b4471,b3946,b0825,b3665,b4381,b2406,b3654,b3714,b3664,b0114,b0886,b2366,b2492,b0904,b2578,b1533,b3927,b2413,b3662,,,,,,,,,,,,,,
36,0.73787754674197,0.20713215740074,b3831,b4069,b4384,b2744,b3708,b3008,b3752,b0871,b2297,b2458,b2925,b2097,b2883,b1982,b2797,b3117,b1814,b4471,b3946,b0825,b0261,b4381,b2406,b0452,b2868,b4064,b4464,b0114,b2366,b2492,b0904,b2578,b1533,b3927,b3029,b3662,,,,,,,,,,
35,0.531092086374072,0.285164280567797,b1241,b0351,b4069,b4384,b2744,b3708,b3752,b0871,b2297,b2458,b2925,b2097,b2407,b2690,b1982,b2797,b3117,b1814,b4471,b3616,b3589,b4374,b2361,b2291,b3945,b0114,b0755,b3612,b1539,b2492,b0904,b1533,b0515,b1518,b1813,,,,,,,,,,,
