Deletion size,Max growth rate,Min production rate,Deleted genes,,,,,,,,,,,,,,,,,,,,,,,,
21,0.704581800077674,0.37206456551966,b3831,b1278,b3614,b0910,b3752,b4152,b2781,b1612,b1611,b4122,b1759,b4138,b4123,b0621,b4381,b2406,b0452,b2197,b2835,b3918,b1206,,,,
21,0.626989278133498,0.331141252290917,b2744,b3614,b0910,b4152,b2781,b1612,b1611,b4122,b1779,b1759,b4374,b0675,b2361,b2291,b4138,b4123,b0621,b3821,b3918,b1912,b1206,,,,
21,0.626989278133634,0.331141252310285,b3831,b3614,b0910,b3752,b4152,b2781,b1612,b1611,b4122,b1779,b1759,b4138,b4123,b0621,b4381,b2406,b3821,b3918,b0789,b1249,b1206,,,,
22,0.707397863081736,0.373608644397274,b0474,b2518,b2744,b4152,b2781,b1612,b1611,b4122,b1759,b4374,b4161,b0675,b2361,b2291,b4138,b4123,b0621,b2197,b3821,b3918,b1912,b1206,,,
22,0.544437662803419,0.287454266041211,b3831,b1278,b3614,b0910,b3752,b4152,b2779,b2781,b3844,b1612,b1611,b4122,b1759,b4138,b4123,b0621,b4381,b2406,b0452,b3918,b1206,b2285,,,
25,0.609809292347932,0.321466151882169,b4382,b0474,b2518,b4384,b2744,b4152,b2779,b2781,b1612,b1611,b4122,b1779,b1759,b4374,b4161,b0675,b4138,b4123,b0621,b2406,b0452,b3918,b1912,b1206,b4209
