Deletion size,Max growth rate,Min production rate,Deleted genes,,,,,,,,,,,,,,,,,,,,,,,,,,
27,0.5833123013487,1.11640870495475,b2836,b3399,b4069,b4384,b2744,b3708,b2297,b2458,b2779,b0030,b2407,b1982,b2797,b3117,b1814,b4471,b4381,b0511,b0114,b2366,b0529,b2492,b0904,b1533,b3927,b0515,b1511
27,0.744792893577891,0.315432253298112,b2836,b3399,b4069,b2744,b3708,b3008,b3115,b1849,b2296,b2883,b1982,b2797,b3117,b1814,b4471,b0675,b2361,b2291,b0261,b0411,b4381,b0114,b2366,b2492,b0904,b1533,b3927
25,0.66197912274565,0.280753333837135,b3399,b3942,b1732,b1241,b0351,b4069,b4384,b2744,b3115,b1849,b2296,b0030,b2407,b1982,b3616,b3589,b4374,b2361,b2291,b0114,b0529,b2492,b0904,b0516,b1518,,
