Deletion size,Max growth rate,Min production rate,Deleted genes,,,,,,,,,,,,,,,,,,,,,,,,
23,0.627374494785108,0.331344702548262,b0474,b2518,b2744,b4152,b2781,b1612,b1611,b4122,b1759,b3449,b4374,b4161,b0675,b2361,b2291,b4138,b4123,b0621,b2197,b3918,b1912,b0494,b1206,,
23,0.627374494785108,0.331344702548347,b4382,b0474,b2518,b3831,b4384,b3752,b4152,b2781,b1612,b1611,b4122,b1759,b4161,b4138,b4123,b0621,b2406,b2197,b3825,b3918,b4042,b0494,b1206,,
25,0.627374494785108,0.33134470254827,b0474,b2518,b3831,b2744,b1278,b3752,b4152,b2781,b1612,b1611,b4122,b1759,b4374,b4161,b2361,b2291,b4138,b4123,b0621,b2406,b2197,b3825,b3918,b0494,b1206
