Deletion size,Max growth rate,Min production rate,Deleted genes,,,,
3,0.815706511776773,0.482740007902703,b0008,b2464,b2029,,
5,0.815706511776744,0.482740007898234,b0008,b0767,b2464,b3437,b4268
