Deletion size,Max growth rate,Min production rate,Deleted genes,,,,,,,,,
9,0.813276560549187,1.3524439492998,b4269,b0493,b3588,b3003,b3011,b1241,b0351,b3617,b4388,
9,0.813276560549195,1.35244394929563,b4269,b0493,b3588,b3003,b3011,b1241,b0351,b3617,b2913,
10,0.842052793729525,0.740360603998449,b4269,b0493,b3588,b3003,b3011,b1241,b0351,b3616,b3589,b0529
