Deletion size,Max growth rate,Min production rate,Deleted genes,,,,,,,,,,,,,,,,,,,,,,,,,,,,,,,,,,,,,,,,,,,
36,0.679138670073535,0.467658963027889,b4384,b3708,b3008,b3752,b0871,b2779,b2407,b1238,b0517,b0120,b1982,b2797,b3117,b1814,b4471,b0261,b0507,b3709,b4381,b2406,b3161,b0112,b0114,b0886,b2366,b2492,b0904,b3035,b2578,b1533,b3927,b3821,b1473,b4141,b1798,b3662,,,,,,,,
37,0.635634809288831,0.807759630601469,b4382,b4069,b4384,b3708,b3008,b2297,b2458,b2779,b0030,b2407,b0583,b0517,b1779,b1982,b2797,b3117,b1814,b4471,b0261,b3709,b2406,b3161,b0112,b0114,b2366,b2492,b0904,b2947,b2578,b1533,b3927,b2835,b1473,b0494,b4141,b1798,b3662,,,,,,,
44,0.469280904121727,0.112353239640648,b4467,b3399,b3831,b4069,b2744,b3614,b0910,b3752,b3115,b1849,b2296,b2779,b2781,b1004,b3713,b1109,b0046,b3236,b2883,b1759,b1623,b3665,b0411,b2799,b3945,b1602,b4381,b3915,b3654,b3714,b3664,b1727,b0114,b0529,b2492,b0904,b1380,b3918,b4042,b2660,b1517,b0606,b2285,b4209
