Deletion size,Max growth rate,Min production rate,Deleted genes,,,,,,,,,,,,,,,,,,,,,
21,0.58301265424743,0.307915218277296,b2744,b1278,b3614,b0910,b4152,b2781,b1612,b1611,b4122,b1759,b4374,b0675,b2361,b2291,b4138,b4123,b0621,b2197,b3821,b3918,b1206,
22,0.583012654247466,0.307915218273808,b2744,b3614,b0910,b4152,b2781,b1612,b1611,b4122,b1759,b4374,b0675,b2361,b2291,b1701,b1805,b4138,b4123,b0621,b2197,b3918,b4042,b1206
22,0.573268512204953,0.302768898379371,b4382,b3831,b4384,b3614,b0910,b3752,b4152,b2781,b1612,b1611,b4122,b1759,b4138,b4123,b0621,b2406,b0452,b2197,b3918,b4042,b1206,b0221
