Deletion size,Max growth rate,Min production rate,Deleted genes,,,,,,,,,,,,,,,,,,,,,,,,,,,,,,,,,,,,,,,,,,,
22,0.549647528916831,1.78677275075244,b4382,b4269,b0493,b3588,b3003,b3011,b1241,b0351,b4384,b3752,b0871,b3617,b2407,b1982,b0261,b2406,b0112,b0114,b0529,b2492,b0904,b3662,,,,,,,,,,,,,,,,,,,,,,
33,0.378793969041209,1.1884704339957,b3553,b1478,b4382,b1241,b4069,b4384,b2297,b2458,b0030,b2407,b3844,b1004,b3713,b1109,b0046,b3236,b1779,b1982,b1033,b0261,b0411,b2799,b3945,b1602,b3915,b0529,b2492,b0904,b1380,b2660,b0606,b2285,b1009,,,,,,,,,,,
34,0.386197290616492,1.48079125083557,b3942,b1732,b1241,b0351,b4069,b4384,b2744,b1479,b3752,b0871,b2297,b2458,b2925,b2097,b3617,b3236,b2883,b0907,b2463,b1982,b3946,b2210,b0825,b4381,b2868,b4064,b4464,b0114,b0529,b2492,b0904,b1511,b3662,b2285,,,,,,,,,,
35,0.503355370847068,1.93000895481651,b3942,b1732,b1241,b0351,b4069,b4384,b1479,b3752,b3115,b1849,b2296,b2407,b3236,b2463,b1982,b3616,b3589,b2210,b3665,b3551,b4219,b1832,b1778,b4381,b2406,b0114,b0529,b2492,b0904,b1710,b2480,b3662,b1518,b0606,b4209,,,,,,,,,
38,0.741783453692376,0.510796536920912,b3399,b2502,b2744,b3708,b3008,b0512,b0871,b1982,b2797,b3117,b1814,b4471,b0595,b4374,b0675,b2361,b2291,b0261,b0507,b3709,b3161,b0112,b2975,b0114,b3603,b0886,b2366,b2492,b0904,b2578,b1533,b3927,b3825,b1473,b0494,b1600,b4141,b1798,,,,,,
44,0.605754352332945,0.766413733198768,b3399,b4069,b2502,b2744,b3708,b3008,b2297,b2458,b2779,b1238,b3236,b1779,b1982,b2797,b3117,b1814,b4471,b0596,b0675,b2361,b0261,b2342,b3845,b3709,b4381,b2406,b3161,b0112,b2789,b3127,b0452,b2975,b0114,b3603,b0886,b2366,b2492,b0904,b2578,b1533,b3927,b1473,b4141,b1798
