Deletion size,Max growth rate,Min production rate,Deleted genes,,,
3,0.254015503348667,0.280376851263288,b1054,b2914,b4090,
4,0.251662924975561,0.277836246666875,b0907,b0529,b2914,b4090
4,0.242406082041884,0.267562621628204,b2913,b2914,b4090,b2285
