Deletion size,Max growth rate,Min production rate,Deleted genes,,,,,,,,,,,,,,,,,,,,,,,,,
24,0.704446450662391,0.372049870685141,b0474,b2518,b3831,b2744,b3752,b4152,b2781,b1612,b1611,b4122,b1759,b4374,b4161,b2361,b2291,b0411,b4138,b4123,b0621,b2197,b3821,b3918,b4042,b1206,,
24,0.603522816322767,0.318698913866932,b2836,b0474,b2518,b3831,b3752,b4152,b2781,b1612,b1611,b4122,b1779,b1759,b4161,b4138,b4123,b0621,b4381,b2406,b0114,b2492,b0904,b3918,b1912,b1206,,
26,0.642246275554596,0.33919915920058,b3831,b3614,b0910,b4152,b2779,b2781,b0030,b1612,b1611,b4122,b0651,b2162,b1759,b3449,b4138,b4123,b0621,b4381,b2406,b0114,b2492,b0904,b3918,b1912,b0494,b1206
