Deletion size,Max growth rate,Min production rate,Deleted genes,,,,,,,
4,0.86422188197332,0.503137880585818,b4069,b2297,b2458,b0010,,,,
8,0.698019744092298,1.26410979378613,b2779,b2925,b2097,b2926,b3946,b0825,b0010,b0723
