Deletion size,Max growth rate,Min production rate,Deleted genes,,,,
5,0.807927100545019,0.478136105666797,b0008,b0767,b2464,b3437,b4268
3,0.807927100545019,0.478136105665408,b0008,b2464,b2029,,
