Deletion size,Max growth rate,Min production rate,Deleted genes,,,,,,,,,,,,,,,,,,,,,,,,,,,,,,,,,,
22,0.581963591501061,0.307361161033312,b0474,b2518,b2744,b4152,b2781,b1612,b1611,b4122,b1759,b4374,b4161,b0675,b2361,b2291,b4138,b4123,b0621,b2197,b3821,b3918,b4042,b1206,,,,,,,,,,,,,
23,0.58278791848,0.307796525205381,b4382,b3831,b4384,b3614,b0910,b4152,b2781,b0030,b1612,b1611,b4122,b0651,b2162,b1759,b4138,b4123,b0621,b2406,b2197,b3821,b3918,b4042,b1206,,,,,,,,,,,,
35,0.528260479072635,0.0481725562134594,b2836,b0474,b2518,b2744,b1278,b2930,b4232,b3697,b3925,b4152,b2297,b2458,b2926,b2781,b3844,b1612,b1611,b4122,b2690,b1759,b4374,b4161,b0675,b4015,b3945,b4138,b4123,b0621,b2913,b4381,b2406,b2197,b3918,b1695,b1206
