Deletion size,Max growth rate,Min production rate,Deleted genes,,,,,,,,,,,,,,,,,,,,,,,,,,,,,,,,,,,,,,,,,,,,,,,,,,,,,,,,,,,,
37,0.749906602611353,0.172130061999473,b3399,b2744,b3708,b3008,b0871,b0160,b1238,b0120,b1982,b2797,b3117,b1814,b4471,b0675,b2361,b0261,b0507,b3709,b4381,b2406,b3161,b0112,b2975,b0114,b3603,b0886,b1539,b2492,b0904,b2578,b1533,b3927,b3821,b1473,b0594,b4141,b1798,,,,,,,,,,,,,,,,,,,,,,,,
44,0.423921281460991,0.236220101290309,b2836,b3553,b1478,b4382,b1241,b4069,b4384,b3708,b3752,b2297,b2458,b2926,b2407,b3844,b1004,b3713,b1109,b0046,b3236,b1982,b2797,b3117,b1814,b4471,b1033,b0261,b0411,b2799,b3945,b1602,b0153,b2913,b2406,b2366,b2492,b0904,b0591,b1533,b1380,b4141,b1798,b0606,b2285,b1010,,,,,,,,,,,,,,,,,
61,0.248928027209804,0.528438356130002,b3846,b0586,b2341,b1241,b0351,b4069,b4384,b2744,b3708,b1479,b2297,b2458,b2926,b0030,b2407,b3236,b3962,b1982,b0104,b2797,b3117,b1814,b4471,b3616,b3589,b4267,b4374,b2361,b2291,b1415,b1014,b4014,b0261,b2976,b3945,b0507,b3709,b1907,b2406,b3161,b0112,b0452,b4265,b2975,b0114,b3603,b1539,b2492,b0904,b1533,b3927,b1380,b2965,b0693,b0325,b0508,b1473,b4266,b3662,b1985,b1813
