Deletion size,Max growth rate,Min production rate,Deleted genes,,,,,,,,,,,,,,,,,,,,,,,,,,,,,,,,,,,,
19,0.55109649867343,2.11232367130054,b1241,b0351,b4069,b4384,b3752,b2297,b2458,b3617,b2407,b1982,b0261,b4381,b2406,b0112,b0114,b0529,b2492,b0904,b3662,,,,,,,,,,,,,,,,,,
21,0.551096498673431,2.11232367130422,b1241,b0351,b4069,b4384,b2744,b3752,b3115,b1849,b2296,b3617,b2407,b1982,b0261,b0411,b4381,b0112,b0114,b0529,b2492,b0904,b3662,,,,,,,,,,,,,,,,
22,0.580674230221278,1.88763314130766,b4269,b0493,b3588,b3003,b3011,b1241,b0351,b4384,b3752,b0871,b3617,b2407,b1982,b0261,b4381,b2406,b0112,b0114,b0529,b2492,b0904,b3662,,,,,,,,,,,,,,,
26,0.551082101559215,2.11226848793837,b4382,b0238,b0125,b1241,b0351,b4069,b4384,b2744,b2297,b2458,b3617,b0030,b2883,b1982,b0477,b0261,b0411,b0112,b2868,b4064,b4464,b0114,b0529,b2492,b0904,b3662,,,,,,,,,,,
32,0.574623471259872,1.71949178293687,b2836,b3399,b1241,b0351,b4069,b2744,b3708,b2297,b2458,b1238,b2883,b1982,b2797,b3117,b1814,b4471,b3616,b3589,b0675,b2361,b0261,b4381,b2406,b0112,b4064,b4464,b0114,b2366,b2492,b0904,b1533,b3662,,,,,
37,0.752917928589256,0.518463803131639,b3553,b3399,b0586,b2744,b3708,b3008,b0871,b0160,b0121,b1982,b2797,b3117,b1814,b4471,b1033,b4374,b0675,b2361,b2291,b0261,b0507,b3709,b3161,b0112,b0114,b0886,b2366,b2492,b0904,b2578,b1533,b3927,b3825,b1473,b0494,b4141,b1798
