Deletion size,Max growth rate,Min production rate,Deleted genes,,,,,,,,,,,,,,,,,,,,,,,,,,,,,,,,,,,,,,,,,,
29,0.442368408819525,0.847787332739407,b3916,b3553,b3399,b4382,b1241,b0351,b4069,b4384,b2744,b2297,b2458,b0160,b2407,b0907,b1982,b3616,b3589,b1033,b0675,b2361,b0261,b0112,b0114,b0509,b3125,b1723,b0529,b2492,b0904,,,,,,,,,,,,,,
36,0.339359655795153,0.533735025204669,b3553,b1478,b3399,b1241,b4069,b2502,b2744,b2297,b2458,b2926,b3844,b1004,b3713,b1109,b0046,b3236,b0937,b1982,b1033,b4374,b0675,b2361,b2291,b0261,b2799,b3945,b1602,b0529,b1539,b2492,b0904,b1380,b2660,b0606,b2285,b1008,,,,,,,
43,0.580985137175076,0.246056927411864,b2836,b4382,b4069,b4384,b3708,b3008,b2930,b4232,b3697,b3925,b3115,b1849,b2296,b2779,b0030,b2407,b3844,b2690,b1982,b2797,b3117,b1814,b4471,b0261,b3945,b0507,b3709,b2406,b3161,b0112,b2975,b0114,b3603,b0529,b1539,b2492,b0904,b2947,b2578,b1533,b3927,b0594,b3662
