Deletion size,Max growth rate,Min production rate,Deleted genes,,,,,,,,,,,,,,,,,,,,,,
21,0.685287923796762,0.361931390514634,b4382,b3831,b4384,b1278,b3614,b0910,b3752,b4152,b2781,b1612,b1611,b4122,b1759,b4138,b4123,b0621,b2406,b2197,b3821,b3918,b1206,,
21,0.685287923796762,0.36193139051406,b4382,b3831,b4384,b3614,b0910,b3752,b4152,b2781,b1612,b1611,b4122,b1759,b4138,b4123,b0621,b2406,b2197,b3821,b3918,b4042,b1206,,
22,0.685287923796785,0.361931390515203,b4382,b3831,b4384,b3614,b0910,b3752,b4152,b2781,b1612,b1611,b4122,b1759,b4138,b4123,b0621,b2406,b2197,b3825,b3918,b1912,b0494,b1206,
22,0.685287923796762,0.361931390513608,b4382,b4384,b2744,b3614,b0910,b4152,b2781,b1612,b1611,b4122,b1759,b4374,b0675,b4138,b4123,b0621,b2406,b2197,b3821,b3918,b1912,b1206,
22,0.681509876657013,0.359936033808244,b2836,b3831,b3614,b0910,b3752,b4152,b2781,b1612,b1611,b4122,b1759,b4138,b4123,b0621,b4381,b2406,b2197,b3918,b0789,b1249,b1206,b0221,
23,0.683840538391405,0.361166961148482,b0474,b2518,b3831,b3752,b4152,b2781,b1612,b1611,b4122,b1759,b4161,b4138,b4123,b0621,b4381,b2406,b2197,b3825,b3918,b0789,b1249,b0494,b1206
