Deletion size,Max growth rate,Min production rate,Deleted genes,,,,,,,,,,,,,,,,,,,,,,,,,,,
20,0.569844247968454,1.09209140035826,b4382,b1241,b0351,b4069,b4384,b2297,b2458,b0030,b2407,b1982,b3616,b3589,b0261,b2406,b0112,b0114,b0529,b2492,b0904,b3662,,,,,,,,
20,0.569844247968461,1.09209140035796,b3399,b1241,b0351,b4069,b2744,b2297,b2458,b3617,b0160,b1982,b0675,b2361,b2291,b0261,b4381,b0112,b0114,b0529,b2492,b0904,,,,,,,,
22,0.593231841821543,0.964227467675116,b4269,b0493,b3588,b3003,b3011,b1241,b0351,b4384,b0871,b3617,b0030,b2407,b1982,b0261,b4381,b2406,b0112,b0114,b0529,b2492,b0904,b3662,,,,,,
24,0.569844247968457,1.09209140035823,b3399,b4382,b1241,b0351,b4069,b4384,b2744,b3752,b2297,b2458,b2883,b1982,b3616,b3589,b1623,b0261,b0411,b4381,b0112,b0114,b0529,b2492,b0904,b3662,,,,
25,0.569828854655546,1.09206189948696,b1241,b0351,b4069,b4384,b2744,b3115,b1849,b2296,b0030,b2883,b1982,b3616,b3589,b0261,b0411,b4381,b0112,b2868,b4064,b4464,b0114,b0529,b2492,b0904,b3662,,,
28,0.768443711190922,0.176384983394428,b4384,b3708,b3008,b3752,b0871,b2925,b2097,b2407,b2690,b1982,b2797,b3117,b1814,b4471,b0261,b3945,b4381,b2406,b0114,b2366,b0529,b2492,b0904,b2947,b1533,b3927,b3821,b3662
