Deletion size,Max growth rate,Min production rate,Deleted genes,,,
4,0.838670393899754,0.440266732640827,b4069,b0335,b0726,b0728
