Deletion size,Max growth rate,Min production rate,Deleted genes,,,,,,,,,,,,,,,,,,,
16,0.673288255371997,0.869369657334663,b1241,b0351,b4069,b3115,b1849,b2296,b3617,b0521,b0507,b4381,b0511,b0114,b0529,b2492,b0904,b1517,,,,
17,0.566402445798574,0.731228673056612,b1241,b0351,b4069,b2297,b2458,b2779,b3617,b0521,b1779,b0261,b2913,b4381,b0511,b0114,b0529,b2492,b0904,,,
20,0.658244410986137,0.351794868240559,b1241,b0351,b4069,b2930,b4232,b3697,b3925,b3115,b1849,b2296,b2779,b0521,b2690,b3945,b4388,b0511,b0114,b0529,b2492,b0904
