Deletion size,Max growth rate,Min production rate,Deleted genes,,,,,,,,,,,,,,,,,,,,,,,,,,,,,,,,,,,,,,,,,,,,,
3,0.851488367170225,0.123858349376948,b2379,b2290,b3572,,,,,,,,,,,,,,,,,,,,,,,,,,,,,,,,,,,,,,,,,,,
46,0.482640293411614,0.113469336283553,b4467,b1478,b4269,b0493,b3588,b3003,b3011,b1241,b4384,b3708,b3008,b0871,b0030,b2407,b3844,b1238,b1004,b3713,b1109,b0046,b3236,b1779,b1982,b2797,b3117,b1814,b4471,b2799,b3945,b1602,b0153,b2913,b4381,b2406,b1539,b2492,b0904,b3035,b1533,b1380,b1511,b4141,b1798,b0606,b2285,b1007
