Deletion size,Max growth rate,Min production rate,Deleted genes,,,,,,,,,,,,,,,,,,,,,,,,,,,,,,,,,,,
22,0.574416544595298,0.303375225945288,b4382,b3831,b4384,b1278,b3614,b0910,b3752,b4152,b2781,b1612,b1611,b4122,b1759,b4138,b4123,b0621,b2406,b2197,b3821,b3918,b1206,b3546,,,,,,,,,,,,,,
24,0.573615713112198,0.302952270801945,b1855,b0474,b2518,b2744,b4152,b2781,b1612,b1611,b4122,b1759,b3449,b4374,b4161,b0675,b2361,b2291,b4138,b4123,b0621,b2197,b3918,b1912,b0494,b1206,,,,,,,,,,,,
36,0.471760593653536,0.248842390896642,b2242,b3553,b3831,b3614,b0910,b2781,b0030,b1004,b3713,b1109,b0046,b1612,b1611,b4122,b0651,b2162,b1759,b2210,b1033,b2440,b4138,b4123,b0621,b4381,b2406,b0306,b3605,b2492,b0904,b2197,b3028,b3918,b1912,b0494,b1206,b2285
