Deletion size,Max growth rate,Min production rate,Deleted genes,,,,,,,,,,,,,,,,,,,,,,,,,,,,,,,,,,,,,,,,
22,0.577705431350629,1.10715714998963,b3399,b1241,b0351,b4069,b2744,b3115,b1849,b2296,b1238,b2883,b1982,b3616,b3589,b0675,b2361,b0261,b0411,b4381,b0114,b0529,b2492,b0904,,,,,,,,,,,,,,,,,,,
28,0.601251685227897,0.883854407325812,b3399,b4382,b1241,b0351,b4069,b2502,b2744,b3708,b3115,b1849,b2296,b1982,b2797,b3117,b1814,b4471,b3616,b3589,b0675,b2361,b0261,b4381,b2406,b0114,b1539,b2492,b0904,b1533,,,,,,,,,,,,,
41,0.417070109096418,0.467942756991774,b4467,b1478,b3399,b1241,b4069,b4384,b2744,b2297,b2458,b2407,b1004,b3713,b1109,b0046,b3236,b1638,b1779,b1982,b4139,b0675,b2361,b0261,b2799,b3945,b1602,b0507,b2913,b4381,b3915,b0452,b2975,b3603,b0529,b2492,b0904,b1300,b2954,b3029,b1380,b2285,b1009
