Deletion size,Max growth rate,Min production rate,Deleted genes,,,,,,,,,,,,,,,,,,,,,,,,,,,,,,,,,,,
36,0.364179433031687,1.39588046530077,b3399,b4382,b4384,b2744,b3708,b3008,b0871,b0030,b3844,b0583,b2883,b0121,b1982,b2797,b3117,b1814,b4471,b1623,b0261,b4381,b2406,b0452,b4064,b4464,b0114,b0886,b1539,b2492,b0904,b2578,b1533,b3927,b2835,b4141,b1798,b3662
24,0.354920365166509,1.36039094890381,b3553,b3399,b1241,b0351,b4069,b2744,b2297,b2458,b3617,b0160,b1982,b1033,b4374,b0675,b2361,b2291,b0261,b0507,b0112,b0114,b0529,b2492,b0904,b0515,,,,,,,,,,,,
25,0.760120147979459,0.172296231250169,b3399,b1241,b0351,b4069,b2502,b2744,b2297,b2458,b3617,b1982,b4374,b0675,b2361,b2291,b4014,b0261,b2976,b0507,b0112,b2975,b0114,b3603,b0529,b2492,b0904,,,,,,,,,,,
