Deletion size,Max growth rate,Min production rate,Deleted genes,,,,,,,,,,,,,,,,,,,,,,,,,,,,,,,,
28,0.675775859572896,0.215294620190853,b2836,b4382,b4069,b4384,b3708,b3752,b3115,b1849,b2296,b2407,b2797,b3117,b1814,b4471,b3665,b3654,b3714,b3664,b0114,b0755,b3612,b1539,b2492,b0904,b1533,b3927,b1813,b1517,,,,,
29,0.350533416794657,0.349904559817878,b1241,b0351,b4069,b2744,b3708,b2297,b2458,b2779,b2925,b2097,b3617,b3236,b2797,b3117,b1814,b4471,b3946,b2210,b0825,b0261,b4381,b2406,b2868,b0114,b2366,b2492,b0904,b1533,b2285,,,,
33,0.330769331300715,0.779766536982239,b3553,b1241,b0351,b4069,b3708,b0871,b2297,b2458,b2925,b2097,b2407,b2797,b3117,b1814,b4471,b3616,b3589,b3946,b0825,b1033,b4381,b2406,b2868,b0114,b2366,b0755,b3612,b2492,b0904,b1533,b0508,b1517,b2285
