Deletion size,Max growth rate,Min production rate,Deleted genes,,,,
5,0.654429468763837,0.646785078137154,b3114,b3952,b0903,b0529,b1985
