Deletion size,Max growth rate,Min production rate,Deleted genes,,,,,,,,,,,,,,,,,,,,,,,,,,,,,,,,,,
23,0.68808066443292,0.363406362516284,b4382,b4384,b2744,b1278,b3614,b0910,b4152,b2781,b1612,b1611,b4122,b1759,b4374,b0675,b1701,b1805,b4138,b4123,b0621,b2406,b2197,b3918,b1206,,,,,,,,,,,,
35,0.54215999273183,0.286339089358753,b3916,b4382,b0474,b2518,b1241,b0351,b4069,b4384,b2744,b1278,b4152,b2297,b2458,b2781,b1850,b3617,b1612,b1611,b4122,b1759,b1200,b2440,b4374,b4161,b0675,b4138,b4123,b0621,b2406,b1723,b3918,b0418,b0494,b1517,b1206
31,0.536901955984826,0.28356208354369,b4467,b2242,b3831,b1278,b3614,b0910,b3752,b2781,b1004,b3713,b1109,b0046,b1612,b1611,b4122,b1759,b2210,b1415,b4138,b4123,b0621,b4381,b2406,b2197,b3028,b3821,b3918,b1206,b2285,b3893,b1474,,,,
