Deletion size,Max growth rate,Min production rate,Deleted genes,,,,,,,,,
9,0.813276560549185,1.35244394930087,b4269,b0493,b3588,b3003,b3011,b1241,b0351,b3617,b4388,
9,0.813276560549205,1.35244394929922,b4269,b0493,b3588,b3003,b3011,b1241,b0351,b3617,b2913,
10,0.842052793729531,0.74036060399126,b4269,b0493,b3588,b3003,b3011,b1241,b0351,b3616,b3589,b0529
