Deletion size,Max growth rate,Min production rate,Deleted genes,,,,,,,,,,,,,,,,,,,
19,0.741827348318818,0.391792404879197,b3831,b3614,b0910,b3752,b4152,b2781,b1612,b1611,b4122,b1759,b0411,b4138,b4123,b0621,b4381,b3821,b3918,b4042,b1206,
20,0.609642083963577,0.321979418433216,b3831,b3614,b0910,b3752,b4152,b2781,b1612,b1611,b4122,b1759,b0411,b4138,b4123,b0621,b2913,b4381,b3918,b1912,b1206,b2285
20,0.723961353921242,0.0267673881771122,b0474,b2518,b3831,b3752,b4152,b2781,b1612,b1611,b4122,b1759,b4161,b4138,b4123,b0621,b2913,b4381,b2406,b3918,b1912,b1206
