Deletion size,Max growth rate,Min production rate,Deleted genes,,,,,,,,,,,,,,,,,,,,,,,
20,0.569844247968454,1.09209140035994,b4382,b1241,b0351,b4069,b4384,b2297,b2458,b0030,b2407,b1982,b3616,b3589,b0261,b2406,b0112,b0114,b0529,b2492,b0904,b3662,,,,
22,0.593231841821557,0.964227467675052,b4269,b0493,b3588,b3003,b3011,b1241,b0351,b4384,b0871,b3617,b0030,b2407,b1982,b0261,b4381,b2406,b0112,b0114,b0529,b2492,b0904,b3662,,
24,0.569844247968512,1.09209140035734,b3399,b4382,b1241,b0351,b4069,b4384,b2744,b3752,b2297,b2458,b2883,b1982,b3616,b3589,b1623,b0261,b0411,b4381,b0112,b0114,b0529,b2492,b0904,b3662
