Deletion size,Max growth rate,Min production rate,Deleted genes,,,,,,,,,,,,,,,,,,,,,,,,,,,,,,,,,,,,,,,,,,,,,,,,,,,,
31,0.493246995462666,1.47590293298915,b1241,b0351,b4069,b4384,b3708,b3752,b2297,b2458,b3617,b2407,b3844,b1238,b1982,b2797,b3117,b1814,b4471,b0261,b0507,b4381,b2406,b0112,b0452,b2975,b0114,b3603,b1539,b2492,b0904,b1533,b3662,,,,,,,,,,,,,,,,,,,,,,
48,0.331963089486252,0.518535142787314,b4467,b2836,b1478,b3399,b4269,b0493,b3588,b3003,b3011,b1241,b0351,b4384,b2744,b0871,b3617,b0160,b1004,b3713,b1109,b0046,b3236,b1638,b1779,b2937,b4139,b3665,b0675,b2361,b2799,b3945,b1602,b2913,b4381,b2406,b3915,b3654,b3714,b3664,b0114,b0529,b2492,b0904,b2954,b3029,b1380,b1517,b2285,b1009,,,,,
53,0.410121518545699,0.623874803404029,b4467,b1478,b3399,b4269,b0493,b3588,b3003,b3011,b0238,b0125,b1241,b2744,b0871,b0160,b3844,b1238,b1004,b3713,b1109,b0046,b3236,b1638,b1779,b0477,b4139,b0675,b2361,b4015,b0411,b2799,b3945,b1602,b0153,b4381,b3654,b2868,b3714,b3664,b4064,b4464,b0584,b0529,b2492,b0904,b2954,b1298,b3029,b1380,b2660,b1985,b1518,b2285,b1010
