Deletion size,Max growth rate,Min production rate,Deleted genes,,,,,,,,,,,,,,,,,,,,,,,,,,,
23,0.4572234261037,0.876256579707235,b1241,b0351,b4069,b4384,b2297,b2458,b0030,b2407,b1982,b3616,b3589,b0261,b0507,b4381,b2406,b0112,b2975,b0114,b3603,b0529,b2492,b0904,b3662,,,,,
24,0.459296671668776,0.86821194318064,b3553,b3399,b1241,b0351,b4069,b2502,b2744,b2297,b2458,b1982,b3616,b3589,b1033,b0675,b2361,b0261,b0507,b4381,b2406,b0112,b0114,b0529,b2492,b0904,,,,
28,0.487261338068784,0.791985077301128,b4269,b0493,b3588,b3003,b3011,b1241,b0351,b4384,b3752,b0871,b2407,b1982,b3616,b3589,b0261,b4381,b2406,b0112,b2975,b0114,b3603,b0509,b3125,b0529,b2492,b0904,b0508,b3662
