Deletion size,Max growth rate,Min production rate,Deleted genes,,,,,,,,,,,,,,,,,,,,,,,,
21,0.63622613160035,0.33601965027443,b3831,b3614,b0910,b3752,b4152,b2781,b1612,b1611,b4122,b1759,b2440,b4138,b4123,b0621,b4381,b2406,b2197,b3918,b1912,b0494,b1206,,,,
23,0.63622613160035,0.336019650274454,b2744,b1278,b3614,b0910,b4152,b2781,b1612,b1611,b4122,b1759,b2440,b4374,b0675,b2361,b2291,b4138,b4123,b0621,b2197,b3918,b0418,b0494,b1206,,
25,0.635242475840866,0.335500137402955,b4382,b0474,b2518,b3831,b4384,b1278,b4152,b2781,b0030,b1612,b1611,b4122,b0651,b2162,b1759,b4161,b4138,b4123,b0621,b2406,b2197,b3825,b3918,b0494,b1206
