Deletion size,Max growth rate,Min production rate,Deleted genes,,,,,,,,,,,,,,,,,,,,,,,,,,,,,,,,,,,
23,0.601176897711158,0.977141206590391,b3399,b4269,b0493,b3588,b3003,b3011,b1241,b0351,b2744,b0871,b3617,b0160,b1982,b4374,b0675,b2361,b2291,b0261,b0112,b0114,b0529,b2492,b0904,,,,,,,,,,,,,
30,0.412090640710859,0.779254129546565,b3553,b3399,b1241,b0351,b4069,b2744,b2297,b2458,b3617,b0160,b1004,b3713,b1109,b0046,b1982,b2210,b1033,b0675,b2361,b1602,b4381,b2406,b0114,b0529,b2492,b0904,b1380,b0516,b1511,b2285,,,,,,
36,0.392061294664755,0.61522326969498,b4467,b1478,b1241,b4069,b4384,b2744,b3115,b1849,b2296,b0030,b2407,b3844,b1004,b3713,b1109,b0046,b3236,b1779,b1982,b4374,b2361,b2291,b0261,b0411,b2799,b3945,b1602,b2913,b3915,b0529,b2492,b0904,b1380,b0606,b2285,b1007
