Deletion size,Max growth rate,Min production rate,Deleted genes,,,,,,,,,,,,,,,,,,,,,,,,,,,,,,,,,,,,,,,,,,,,,,,,
17,0.687895630441157,0.699849880706974,b0469,b4382,b0238,b0125,b1241,b0351,b4069,b4384,b0512,b2297,b2458,b3617,b0477,b0511,b0114,b2492,b0904,,,,,,,,,,,,,,,,,,,,,,,,,,,,,,,,
20,0.667852637398525,1.00013136364135,b1241,b0351,b4069,b3708,b2297,b2458,b2797,b3117,b1814,b4471,b3616,b3589,b4381,b0511,b0114,b1539,b2492,b0904,b0516,b1511,,,,,,,,,,,,,,,,,,,,,,,,,,,,,
49,0.503366726693017,0.080385988363894,b4467,b1478,b4382,b0238,b0125,b1241,b4069,b4384,b3708,b2297,b2458,b2779,b2407,b3844,b1004,b3713,b1109,b0046,b3236,b1638,b4139,b2797,b3117,b1814,b4471,b1623,b4015,b2799,b3945,b1602,b0153,b3654,b3714,b3664,b0511,b4064,b4464,b0584,b2366,b2492,b0904,b2954,b3029,b1380,b2660,b0515,b1517,b2285,b1007
