Deletion size,Max growth rate,Min production rate,Deleted genes,,,,,,,,,,,,,,,,,,,,,,,,
22,0.703375623639337,0.371427626671498,b2836,b4382,b0474,b2518,b3831,b4384,b1278,b3752,b4152,b2781,b1612,b1611,b4122,b1759,b4161,b4138,b4123,b0621,b2406,b2197,b3918,b1206,,,
22,0.609814213866243,0.322021176992535,b2836,b0474,b2518,b3831,b1278,b3752,b4152,b2779,b2781,b1612,b1611,b4122,b0907,b1759,b4161,b4138,b4123,b0621,b4381,b2406,b3918,b1206,,,
23,0.707397863081759,0.373608644397239,b4382,b0474,b2518,b3831,b4384,b1278,b3752,b4152,b2781,b1612,b1611,b4122,b1759,b4161,b4138,b4123,b0621,b2406,b2197,b2835,b3918,b0494,b1206,,
24,0.707372835898051,0.373595426412216,b2436,b0474,b2518,b3831,b2744,b1278,b3752,b4152,b2781,b1612,b1611,b4122,b1759,b4374,b4161,b2361,b2291,b0411,b4138,b4123,b0621,b3821,b3918,b1206,
24,0.612207529490956,0.323334345663864,b2744,b3614,b0910,b4152,b2779,b2781,b1612,b1611,b4122,b0907,b1759,b2440,b4374,b0675,b4138,b4123,b0621,b4381,b2239,b2406,b0529,b3918,b1912,b1206,
25,0.583829866216469,0.308346824694252,b2436,b0474,b2518,b2744,b4152,b2781,b1612,b1611,b4122,b1759,b3449,b4374,b4161,b0675,b4138,b4123,b0621,b2913,b4381,b2239,b2406,b3918,b1912,b1206,b2285
