Deletion size,Max growth rate,Min production rate,Deleted genes,,,,,,,,,,,,,,,,,,,,,,,,,,,,,,,,,,,,,,,,,,
20,0.577705431350622,1.10715714998635,b3399,b1241,b0351,b4069,b2744,b3115,b1849,b2296,b3617,b0160,b1982,b4374,b0675,b2361,b2291,b0261,b0114,b0529,b2492,b0904,,,,,,,,,,,,,,,,,,,,,,,
26,0.749527472617715,0.317497838569347,b3399,b4382,b4069,b4384,b2744,b3708,b3008,b2297,b2458,b2407,b1982,b2797,b3117,b1814,b4471,b3449,b0675,b2361,b0261,b0114,b1539,b2492,b0904,b1533,b3927,b0494,,,,,,,,,,,,,,,,,
28,0.763542491152166,0.175198438696354,b2836,b3399,b2502,b2744,b3708,b3008,b0871,b2925,b2097,b2690,b1982,b2797,b3117,b1814,b4471,b0675,b2361,b2291,b0261,b3945,b4381,b0114,b0529,b1539,b2492,b0904,b1533,b3927,,,,,,,,,,,,,,,
29,0.782835103655762,0.18015436430397,b3399,b2502,b2744,b3708,b3008,b0871,b1982,b2797,b3117,b1814,b4471,b1623,b3665,b4374,b0675,b2361,b2291,b0114,b0886,b2366,b2492,b0904,b2578,b1533,b3927,b3821,b4141,b1798,b1518,,,,,,,,,,,,,,
37,0.477733479244072,0.128044993509893,b4467,b2836,b4382,b4269,b0493,b3588,b3003,b3011,b4384,b3752,b0871,b2779,b2407,b1004,b3713,b1109,b0046,b3236,b1638,b1982,b4139,b1623,b3945,b1602,b2406,b3915,b1727,b0114,b0529,b2492,b0904,b3029,b1380,b2660,b0516,b1517,b2285,,,,,,
43,0.47112786807794,0.0411267145988229,b4467,b3399,b4382,b4269,b0493,b3588,b3003,b3011,b1241,b0351,b2502,b4384,b2744,b0871,b1004,b3713,b1109,b0046,b3236,b1982,b0675,b2361,b2291,b0261,b2799,b3945,b1602,b2913,b3915,b1727,b0755,b3612,b0529,b2492,b0904,b2835,b1380,b0494,b1695,b0606,b2285,b1010,b4209
