Deletion size,Max growth rate,Min production rate,Deleted genes,,,,,,,,,,,,,,,,,,,,,,,,,,,,,,,,,,,,,,,,
21,0.528465086535078,0.520114457398187,b4382,b1241,b0351,b4069,b4384,b2744,b3752,b2297,b2458,b2407,b1982,b3616,b3589,b0261,b0411,b0112,b0114,b0529,b2492,b0904,b3662,,,,,,,,,,,,,,,,,,,,
30,0.365270326653808,0.546513810036933,b4382,b2066,b1241,b0351,b4069,b4384,b3708,b0910,b3752,b3115,b1849,b2296,b3617,b2407,b1779,b1982,b2797,b3117,b1814,b4471,b0261,b2406,b0112,b0114,b2366,b2492,b0904,b1533,b3662,b2285,,,,,,,,,,,
41,0.463012002493812,0.209301218892001,b4467,b1478,b3399,b1241,b4069,b2744,b3115,b1849,b2296,b1004,b3713,b1109,b0046,b3236,b0907,b1779,b0207,b3012,b1982,b0675,b2361,b0261,b2799,b1602,b2223,b4381,b3915,b0529,b2492,b0904,b1781,b3001,b1380,b0325,b4042,b2660,b1771,b0606,b2285,b1010,b4209
