Deletion size,Max growth rate,Min production rate,Deleted genes,,,,
5,0.806712316325922,0.47741718907389,b0008,b0767,b2464,b0837,b0124
5,0.806712316325697,0.477417189075254,b0008,b0767,b2464,b3437,b4268
