Deletion size,Max growth rate,Min production rate,Deleted genes,,,,,,,,,,,,,,,,,,,,,,
23,0.626520491807421,0.330893665145577,b2744,b1278,b3614,b0910,b4152,b2781,b1612,b1611,b4122,b1759,b2440,b4374,b0675,b4138,b4123,b0621,b4381,b2406,b2197,b3918,b0418,b0494,b1206
23,0.626520491807378,0.330893665145614,b2744,b3614,b0910,b4152,b2781,b1612,b1611,b4122,b1759,b4374,b0675,b4138,b4123,b0621,b4381,b2406,b2197,b3825,b3918,b0789,b1249,b0494,b1206
23,0.625566596006622,0.330389869847686,b4382,b0474,b2518,b3831,b4384,b1278,b3752,b4152,b2781,b1612,b1611,b4122,b1759,b4161,b4138,b4123,b0621,b2406,b2197,b3825,b3918,b0494,b1206
