Deletion size,Max growth rate,Min production rate,Deleted genes,,,,,,,,,,,,,,,,,,,
18,0.674069053427533,0.87037784682079,b2066,b1241,b0351,b4069,b4384,b3115,b1849,b2296,b3617,b2407,b0521,b2498,b0505,b0114,b0529,b2492,b0904,b1518,,
19,0.721828548101333,1.03933602333312,b0469,b4269,b0493,b3588,b3003,b3011,b0238,b0125,b1241,b0351,b4384,b0871,b3617,b0521,b0477,b0507,b0114,b2492,b0904,
20,0.682390151003838,0.594324972463667,b1241,b0351,b4069,b3708,b3115,b1849,b2296,b3617,b0521,b2797,b3117,b1814,b4471,b0507,b4381,b0114,b2366,b2492,b0904,b1518
