Deletion size,Max growth rate,Min production rate,Deleted genes,,,,,,,,,,,,,,,,,,,,,,,,,,,,,,,,,,,
24,0.422489646066741,0.421605234423982,b4382,b1241,b0351,b4069,b4384,b3708,b2297,b2458,b2926,b0030,b2407,b2797,b3117,b1814,b4471,b3616,b3589,b3665,b0114,b1539,b2492,b0904,b1517,b2285,,,,,,,,,,,,
25,0.680519326987119,0.216427262861006,b3399,b4069,b2744,b3708,b2297,b2458,b2779,b0160,b1982,b2797,b3117,b1814,b4471,b2440,b4374,b0675,b2361,b2291,b0261,b0114,b1539,b2492,b0904,b1533,b3927,,,,,,,,,,,
36,0.504248710028016,0.160423953725475,b3553,b4382,b4069,b4384,b3708,b2297,b2458,b0030,b2407,b1004,b3713,b1109,b0046,b3236,b1638,b1982,b4139,b2797,b3117,b1814,b4471,b3449,b1033,b1602,b2913,b2239,b1727,b0114,b2366,b2492,b0904,b1533,b3029,b1380,b1517,b2285
