Deletion size,Max growth rate,Min production rate,Deleted genes,,,,,,,,,,,,,,,,,,,,,,,,,,,,,,,,
24,0.633309404563078,0.334479195473023,b3831,b2744,b1278,b3614,b0910,b3752,b4152,b2781,b1612,b1611,b4122,b1759,b4374,b2361,b2291,b0411,b4138,b4123,b0621,b2197,b3825,b3918,b0494,b1206,,,,,,,,,
25,0.632334740201858,0.333964431363879,b0474,b2518,b3831,b4152,b2781,b0030,b1612,b1611,b4122,b0651,b2162,b1759,b3449,b4161,b4138,b4123,b0621,b4381,b2406,b2197,b3918,b0789,b1249,b0494,b1206,,,,,,,,
33,0.50646719387149,0.267488116112037,b4467,b2242,b3831,b3614,b0910,b3752,b2781,b1004,b3713,b1109,b0046,b1612,b1611,b4122,b1759,b3449,b2210,b1415,b4138,b4123,b0621,b4381,b2406,b2197,b3028,b3918,b0789,b1249,b0494,b1206,b2285,b3893,b1474
