Deletion size,Max growth rate,Min production rate,Deleted genes,,,,,,,,,,,,,,,,,,,,,,,,,,,,,,,,,,,,,,,,,,
43,0.475923271005755,1.82418867383174,b4467,b1478,b3942,b1732,b1241,b0351,b4384,b0871,b2779,b2925,b2097,b0030,b2407,b3844,b1004,b3713,b1109,b0046,b3236,b2690,b0937,b1982,b2210,b3551,b0261,b0411,b2799,b3945,b1602,b4219,b1832,b1778,b4381,b0529,b2492,b0904,b3927,b1380,b1710,b2480,b0606,b2285,b1007
22,0.501616540962202,1.6306354883143,b4382,b1241,b0351,b4069,b4384,b2297,b2458,b0030,b2407,b1982,b3616,b3589,b0261,b0507,b2406,b0112,b2868,b0114,b0529,b2492,b0904,b3662,,,,,,,,,,,,,,,,,,,,,
25,0.372989484617316,0.0207393343133378,b4269,b0493,b3588,b3003,b3011,b1241,b0351,b4384,b3752,b0871,b3617,b2407,b1982,b0261,b0507,b4381,b2406,b0112,b2975,b0114,b3603,b0529,b2492,b0904,b3662,,,,,,,,,,,,,,,,,,
