Deletion size,Max growth rate,Min production rate,Deleted genes,,,,,,,,,,,,,,,,,,,,,,,,,,,,,,,,
21,0.625745196823331,0.330484196976152,b4382,b3831,b4384,b1278,b3614,b0910,b3752,b4152,b2781,b1612,b1611,b4122,b1759,b4138,b4123,b0621,b2406,b2197,b3821,b3918,b1206,,,,,,,,,,,,
22,0.625746510212724,0.330484890637195,b2744,b3614,b0910,b4152,b2781,b1612,b1611,b4122,b1759,b4374,b0675,b2361,b2291,b4138,b4123,b0621,b2197,b2835,b3918,b1912,b0494,b1206,,,,,,,,,,,
33,0.497268363497992,0.262629799839234,b4467,b2242,b3831,b3614,b0910,b3752,b2781,b1004,b3713,b1109,b0046,b1612,b1611,b4122,b1759,b2210,b1415,b2342,b3845,b4138,b4123,b0621,b4381,b2406,b0452,b2197,b3028,b3918,b4042,b1206,b2285,b3893,b1474
