Deletion size,Max growth rate,Min production rate,Deleted genes,,,,,,,,,,,,,,,,,,,,,,,,,,,,,,,,,,
23,0.63622613160035,0.336019650274423,b2744,b3614,b0910,b4152,b2781,b1612,b1611,b4122,b1759,b3449,b4374,b0675,b4138,b4123,b0621,b4381,b2406,b2197,b3918,b0789,b1249,b0494,b1206,,,,,,,,,,,,
35,0.63622613160035,0.33601965027444,b4467,b2242,b4382,b3831,b4384,b3614,b0910,b3752,b2781,b1004,b3713,b1109,b0046,b1612,b1611,b4122,b1759,b3449,b2210,b4138,b4123,b0621,b2406,b0306,b3605,b2197,b3028,b3918,b0789,b1249,b0494,b1206,b2285,b3893,b1474
22,0.508871833130433,0.268758114309466,b2744,b3614,b0910,b4152,b2781,b1612,b1611,b4122,b1759,b4374,b0675,b2361,b2291,b4138,b4123,b0621,b2197,b2835,b3918,b4042,b0494,b1206,,,,,,,,,,,,,
