Deletion size,Max growth rate,Min production rate,Deleted genes,,,,,,,,,,,,,,,,,,,,,,,,,,,
22,0.517712547924803,0.992182378717357,b1241,b0351,b4069,b4384,b2744,b3752,b2297,b2458,b3617,b2407,b1982,b4374,b2361,b2291,b0261,b0411,b0112,b0114,b0529,b2492,b0904,b3662,,,,,,
23,0.544795921523972,0.885500667330976,b4382,b4269,b0493,b3588,b3003,b3011,b1241,b0351,b4384,b3752,b0871,b2407,b1982,b3616,b3589,b0261,b2406,b0112,b0114,b0529,b2492,b0904,b3662,,,,,
28,0.550340416964659,0.809013621105937,b3399,b4382,b1241,b0351,b4069,b2502,b2744,b3708,b2297,b2458,b3617,b1982,b2797,b3117,b1814,b4471,b0675,b2361,b0261,b4381,b2406,b0112,b0114,b2366,b2492,b0904,b1533,b3821
