Deletion size,Max growth rate,Min production rate,Deleted genes,,,,,,,,,,,,,,,,,,,,,,,,,,,,,
23,0.459294033977464,1.73641391426417,b3399,b1241,b0351,b4069,b2744,b2297,b2458,b3617,b0160,b1982,b0675,b2361,b0261,b0507,b4381,b2406,b0112,b2975,b0114,b3603,b0529,b2492,b0904,,,,,,,
25,0.457118374777317,1.75333832320028,b4382,b1241,b0351,b4069,b4384,b2744,b2297,b2458,b2407,b3616,b3589,b2406,b0112,b3654,b2868,b3714,b3664,b4064,b4464,b0114,b0529,b2492,b0904,b3662,b1517,,,,,
28,0.457118374777358,1.75333832320288,b1241,b0351,b4069,b4384,b2744,b3115,b1849,b2296,b2407,b3616,b3589,b4374,b2361,b2291,b0411,b0112,b3654,b2868,b3714,b3664,b4064,b4464,b0114,b0529,b2492,b0904,b1511,b3662,,
28,0.459020882542666,1.73661416394442,b3399,b1241,b0351,b4069,b2502,b2744,b3115,b1849,b2296,b3616,b3589,b0675,b2361,b4381,b2406,b0112,b3654,b2868,b3714,b3664,b4064,b4464,b0114,b0529,b2492,b0904,b3662,b1518,,
29,0.454634116398568,0.671023134356033,b4382,b0238,b0125,b1241,b0351,b4069,b4384,b2744,b3115,b1849,b2296,b2926,b3617,b0030,b2883,b1982,b0477,b0261,b0411,b0507,b0112,b2868,b4064,b4464,b0114,b0529,b2492,b0904,b3662,
30,0.762779622941538,0.262627312508226,b3399,b2502,b2744,b3708,b3008,b0871,b1982,b2797,b3117,b1814,b4471,b2440,b4374,b0675,b2361,b2291,b0261,b0114,b0886,b0529,b1539,b2492,b0904,b2578,b1533,b3927,b0494,b1600,b4141,b1798
