Deletion size,Max growth rate,Min production rate,Deleted genes,,,
3,0.254314923931413,0.280707345265115,b2914,b4090,b3546,
3,0.254314923931413,0.280707345265093,b1054,b2914,b4090,
4,0.251992405462406,0.278143799312378,b4388,b0529,b2914,b4090
