Deletion size,Max growth rate,Min production rate,Deleted genes,,,,,,,,,,,,,,,,,,,,,,,,,,,,,,,,,,,,,,,,,,
23,0.471642067729539,1.80777904857837,b3399,b1241,b0351,b4069,b2502,b2744,b2297,b2458,b3617,b1982,b4374,b0675,b2361,b2291,b0261,b0507,b0112,b2975,b0114,b3603,b0529,b2492,b0904,,,,,,,,,,,,,,,,,,,,
25,0.49757722327315,1.61750463190655,b3553,b4382,b4269,b0493,b3588,b3003,b3011,b1241,b0351,b4384,b3752,b0871,b3617,b2407,b1982,b1033,b0261,b0507,b2406,b0112,b0114,b0529,b2492,b0904,b3662,,,,,,,,,,,,,,,,,,
27,0.497572682933879,1.61748987234696,b4269,b0493,b3588,b3003,b3011,b1241,b0351,b4384,b0871,b3617,b0030,b2407,b1982,b0261,b4381,b2406,b0112,b2975,b0114,b3603,b0509,b3125,b0529,b2492,b0904,b0508,b3662,,,,,,,,,,,,,,,,
39,0.592982581094278,0.204165681618637,b4382,b1241,b0351,b4384,b3708,b3008,b3752,b0871,b3115,b1849,b2296,b2925,b2097,b3617,b2407,b3236,b1779,b1982,b2797,b3117,b1814,b4471,b3946,b0825,b3665,b0261,b2406,b0114,b2366,b0529,b2492,b0904,b2947,b1533,b3927,b3825,b2413,b0494,b3662,,,,
41,0.507946070845104,0.0147416109120745,b4467,b1478,b4382,b1241,b0351,b4384,b3708,b3008,b0871,b2779,b0030,b2407,b3844,b1004,b3713,b1109,b0046,b3236,b0937,b1982,b2797,b3117,b1814,b4471,b2440,b0261,b2799,b3945,b1602,b2406,b2366,b0529,b2492,b0904,b3927,b1380,b2660,b3662,b0606,b2285,b1010,,
43,0.342014471129156,1.0758208835337,b4467,b1478,b3399,b4382,b0238,b0125,b1241,b4069,b4384,b2744,b3752,b2297,b2458,b3844,b1004,b3713,b1109,b0046,b3236,b2883,b1779,b1982,b0477,b1623,b0261,b0411,b2799,b3945,b1602,b0153,b2975,b3603,b0529,b2492,b0904,b2954,b3035,b1380,b2660,b3662,b0606,b2285,b1007
