Deletion size,Max growth rate,Min production rate,Deleted genes,,,,,,,,,,,,,,,,,,,
16,0.520751700086621,0.369290026559994,b3831,b4152,b2925,b2097,b2926,b1232,b1612,b1611,b4122,b3946,b0825,b4138,b4123,b0621,b1206,b2285,,,,
17,0.423282787372464,0.300170142117341,b4152,b2925,b2097,b1612,b1611,b4122,b1779,b2690,b3945,b4138,b4123,b0621,b0114,b1206,b2285,b3893,b1474,,,
18,0.756225083719283,0.399396496854567,b2744,b3614,b0910,b4152,b2781,b1612,b1611,b4122,b1759,b4374,b0675,b4138,b4123,b0621,b4381,b3918,b1912,b1206,,
19,0.476917058133149,0.338204778177557,b2930,b4232,b3697,b3925,b4152,b2297,b2458,b2779,b2926,b1612,b1611,b4122,b3946,b0825,b4138,b4123,b0621,b1206,b2285,
20,0.474963707615035,0.336819563454789,b2744,b2930,b4232,b3697,b3925,b4152,b1612,b1611,b4122,b1779,b3946,b0825,b4374,b0675,b4138,b4123,b0621,b1206,b2285,b3924
20,0.584116741475234,0.308498336427065,b0474,b2518,b3831,b0910,b4152,b0030,b1612,b1611,b4122,b0651,b2162,b4138,b4123,b0621,b2943,b0837,b0124,b1206,b2285,b3924
