Deletion size,Max growth rate,Min production rate,Deleted genes,,,,,
6,0.797518950160137,0.471976499819194,b0008,b2464,b2029,b1907,b0112,b1473
