Deletion size,Max growth rate,Min production rate,Deleted genes,,,,,,,,,,,,,,,,,,,,,,,,,,,,,,,,,
22,0.628333916333357,0.331851416241569,b2744,b3614,b0910,b4152,b2781,b1612,b1611,b4122,b1759,b4374,b0675,b4138,b4123,b0621,b4381,b2406,b2197,b2835,b3918,b1912,b0494,b1206,,,,,,,,,,,,
23,0.62737449478509,0.33134470254827,b0474,b2518,b2744,b4152,b2781,b1612,b1611,b4122,b1759,b4374,b4161,b0675,b2361,b2291,b4138,b4123,b0621,b2197,b3825,b3918,b4042,b0494,b1206,,,,,,,,,,,
34,0.504197126624404,0.26595188356375,b2242,b3553,b3831,b3614,b0910,b3752,b2781,b1004,b3713,b1109,b0046,b1612,b1611,b4122,b1759,b2210,b1033,b4138,b4123,b0621,b4381,b2406,b0306,b3605,b2492,b0904,b2197,b3825,b3028,b3918,b4042,b0494,b1206,b2285
