Deletion size,Max growth rate,Min production rate,Deleted genes,,,,,,,,,,,,,,,,,,,,,,,,,,,,,,
21,0.736079307658748,0.38875660594317,b2836,b4382,b0474,b2518,b4384,b2744,b4152,b2781,b1612,b1611,b4122,b1759,b4374,b4161,b0675,b4138,b4123,b0621,b3918,b1912,b1206,,,,,,,,,,
23,0.73607930765887,0.38875660594161,b2836,b0474,b2518,b2744,b3926,b4152,b2781,b1612,b1611,b4122,b1759,b4374,b4161,b0675,b2361,b2291,b3945,b4138,b4123,b0621,b3927,b3918,b1206,,,,,,,,
31,0.576145590482486,0.304288412888081,b2242,b3553,b4382,b4384,b2744,b1278,b3614,b0910,b2781,b1004,b3713,b1109,b0046,b1612,b1611,b4122,b1759,b2210,b1033,b4374,b0675,b1415,b4138,b4123,b0621,b2492,b0904,b3028,b3918,b1206,b2285
