Deletion size,Max growth rate,Min production rate,Deleted genes,,,,,,,,,,,,,,,,,,,,,,,,,,,,,,,,,,,,,
21,0.623691877617299,0.329399746705599,b3831,b3614,b0910,b3752,b4152,b2781,b1612,b1611,b4122,b1759,b4138,b4123,b0621,b4381,b2406,b2197,b2835,b3918,b4042,b0494,b1206,,,,,,,,,,,,,,,,,
24,0.623690572838776,0.329399057591941,b4382,b3831,b4384,b1278,b3614,b0910,b4152,b2781,b0030,b1612,b1611,b4122,b0651,b2162,b1759,b4138,b4123,b0621,b2406,b2197,b3825,b3918,b0494,b1206,,,,,,,,,,,,,,
24,0.622746569170679,0.328900486774744,b0474,b2518,b2744,b4152,b2781,b1612,b1611,b4122,b1759,b3449,b4374,b4161,b0675,b4138,b4123,b0621,b4381,b2406,b2197,b3918,b0789,b1249,b0494,b1206,,,,,,,,,,,,,,
25,0.622746569170679,0.328900486774775,b0474,b2518,b3831,b2744,b1278,b3752,b4152,b2781,b1612,b1611,b4122,b1759,b4374,b4161,b2361,b2291,b4138,b4123,b0621,b2406,b2197,b2835,b3918,b0494,b1206,,,,,,,,,,,,,
33,0.500550134804158,0.264363050946071,b2242,b3553,b3831,b1278,b3614,b0910,b3752,b2781,b1004,b3713,b1109,b0046,b1612,b1611,b4122,b1759,b2210,b1033,b1415,b4138,b4123,b0621,b4381,b2406,b2197,b3825,b3028,b3918,b0494,b1206,b2285,b3893,b1474,,,,,
38,0.500662746170219,0.264087582698704,b2242,b3553,b0474,b2518,b2744,b2781,b1004,b3713,b1109,b0046,b3236,b1612,b1611,b4122,b1759,b1033,b4374,b4161,b0675,b4014,b2976,b4138,b4123,b0621,b4381,b2406,b0306,b3605,b2492,b0904,b2197,b2835,b3028,b3918,b4042,b0494,b1206,b2285
