Deletion size,Max growth rate,Min production rate,Deleted genes,,,,,,,,,,,,,,,,,,,,,,,,,,
21,0.556882856674998,0.294114896334005,b2836,b3831,b3614,b0910,b3752,b4152,b2781,b1612,b1611,b4122,b1759,b4138,b4123,b0621,b4381,b2406,b2197,b3918,b4042,b1206,b0221,,,,,,
22,0.567764409692472,0.299861934157216,b1855,b2744,b1278,b3614,b0910,b4152,b2781,b1612,b1611,b4122,b1759,b4374,b0675,b2361,b2291,b4138,b4123,b0621,b2197,b3821,b3918,b1206,,,,,
23,0.566980928235341,0.299448142343159,b0474,b2518,b3831,b3752,b4152,b2781,b1612,b1611,b4122,b1759,b4161,b4138,b4123,b0621,b4381,b2406,b2197,b3821,b3918,b0789,b1249,b1206,b3546,,,,
24,0.567764409692472,0.299861934156865,b3831,b2744,b1278,b3614,b0910,b3752,b4152,b2781,b1612,b1611,b4122,b1759,b4374,b2361,b2291,b0411,b4138,b4123,b0621,b2197,b3821,b3918,b1206,b3546,,,
24,0.556129099298818,0.29371680314907,b0474,b2518,b3831,b4152,b2781,b0030,b1612,b1611,b4122,b0651,b2162,b1759,b4161,b4138,b4123,b0621,b4381,b2406,b0452,b2197,b3918,b4042,b1206,b0221,,,
27,0.556153327562509,0.293654889255139,b1054,b2836,b4382,b0474,b2518,b3831,b4384,b1278,b3752,b4152,b2781,b3844,b1612,b1611,b4122,b1759,b4161,b4138,b4123,b0621,b0153,b0590,b2406,b2197,b3918,b1695,b1206
