Deletion size,Max growth rate,Min production rate,Deleted genes,,,,,,,,,,,,,,,,,,,,,,,,,,,,,,
31,0.736079307658748,0.388756605943205,b2242,b3553,b4382,b4384,b2744,b1278,b3614,b0910,b2781,b1004,b3713,b1109,b0046,b1612,b1611,b4122,b1759,b2210,b1033,b4374,b0675,b1415,b4138,b4123,b0621,b2492,b0904,b3028,b3918,b1206,b2285
21,0.736079307658747,0.388756605943382,b2836,b4382,b0474,b2518,b4384,b2744,b4152,b2781,b1612,b1611,b4122,b1759,b4374,b4161,b0675,b4138,b4123,b0621,b3918,b1912,b1206,,,,,,,,,,
23,0.576145590482468,0.304288412888857,b2836,b0474,b2518,b2744,b3926,b4152,b2781,b1612,b1611,b4122,b1759,b4374,b4161,b0675,b2361,b2291,b3945,b4138,b4123,b0621,b3927,b3918,b1206,,,,,,,,
