Deletion size,Max growth rate,Min production rate,Deleted genes,,,,,,,,,,,,,,,,,,,,,,,,,,,,,,,,,,,,,,,,,
28,0.549012270226173,0.433672112417515,b3399,b4269,b0493,b3588,b3003,b3011,b1241,b0351,b2502,b2744,b0871,b3617,b1238,b1982,b0675,b2361,b0261,b4381,b0112,b2975,b0114,b3603,b0509,b3125,b0529,b2492,b0904,b0508,,,,,,,,,,,,,,
39,0.713535564731303,0.00198719652094636,b3399,b4069,b2502,b2744,b3708,b3008,b2297,b2458,b1982,b2688,b2797,b3117,b1814,b4471,b0596,b4374,b0675,b2361,b2291,b0261,b1701,b1805,b3709,b3161,b0112,b2975,b0114,b3603,b0509,b3125,b1539,b2492,b0904,b2578,b1533,b3927,b0508,b4141,b1798,,,
42,0.305285433889032,0.585071443837396,b4467,b3942,b1732,b1241,b0351,b4069,b4384,b2744,b3752,b3926,b3115,b1849,b2296,b2926,b3617,b2407,b1004,b3713,b1109,b0046,b3124,b1982,b2210,b0261,b0411,b1602,b4381,b0112,b2975,b0114,b3603,b0755,b3612,b0529,b2492,b0904,b1380,b0514,b3662,b0606,b2285,b4209
