Deletion size,Max growth rate,Min production rate,Deleted genes,,,
4,0.803163517547634,0.837532490671944,b1612,b1611,b4122,b1206
