Deletion size,Max growth rate,Min production rate,Deleted genes,,,,,,,,,,,,,,,,,,,,,,,,,,
20,0.555624392540354,0.525336612372506,b3399,b1241,b0351,b4069,b2502,b2744,b2297,b2458,b3617,b1982,b0675,b2361,b4388,b4381,b2868,b0114,b0529,b2492,b0904,b1518,,,,,,,
26,0.749379243021218,0.158717524499366,b4382,b4069,b4384,b3708,b3008,b3115,b1849,b2296,b0030,b2407,b1982,b2797,b3117,b1814,b4471,b0261,b2406,b0114,b2366,b2492,b0904,b1533,b3927,b3825,b0494,b3662,
27,0.777632946549712,0.0892157801903334,b2836,b3399,b4384,b2744,b3708,b3008,b0871,b2407,b1982,b2797,b3117,b1814,b4471,b0675,b2361,b0261,b4381,b0114,b0886,b1539,b2492,b0904,b2578,b1533,b3927,b4141,b1798
