Deletion size,Max growth rate,Min production rate,Deleted genes,,,,,,,,,,,,,,,,,,,,,,,
23,0.469525356121128,0.462106072950451,b3399,b4382,b1241,b0351,b4069,b4384,b2744,b2297,b2458,b2407,b1779,b1982,b3616,b3589,b0675,b2361,b0261,b0112,b0114,b0529,b2492,b0904,b3662,
24,0.502179464098969,0.962413635189901,b1241,b0351,b4069,b4384,b2744,b3752,b3115,b1849,b2296,b3617,b2883,b1982,b0261,b4381,b2406,b0112,b2868,b4064,b4464,b0114,b0529,b2492,b0904,b3662
24,0.530158533493346,0.861709342248701,b4382,b4269,b0493,b3588,b3003,b3011,b1241,b0351,b4384,b0871,b0030,b2407,b1982,b3616,b3589,b3665,b0261,b2406,b0112,b0114,b0529,b2492,b0904,b3662
