Deletion size,Max growth rate,Min production rate,Deleted genes,,,,,,,,,,,,,,,,,,,,,,,,,,,,,,,,,,,,,
28,0.771673000903754,0.0885631097434043,b3399,b2502,b2744,b3708,b3008,b0871,b1238,b1982,b2797,b3117,b1814,b4471,b0675,b2361,b0261,b4381,b0114,b0886,b2366,b2492,b0904,b2578,b1533,b3927,b3821,b1600,b4141,b1798,,,,,,,,,,
29,0.504539059693071,0.503257530481296,b3553,b4382,b1241,b0351,b4069,b4384,b3708,b2297,b2458,b3617,b0030,b2407,b1982,b2797,b3117,b1814,b4471,b1033,b0261,b0507,b2406,b0112,b0114,b1539,b2492,b0904,b1533,b3821,b3662,,,,,,,,,
38,0.531712758760339,0.373711255146418,b0474,b2518,b1241,b0351,b3831,b4069,b4384,b3708,b2297,b2458,b2781,b0030,b2407,b0651,b2162,b1759,b1982,b2797,b3117,b1814,b4471,b3616,b3589,b3665,b4161,b0261,b4381,b2406,b0112,b0114,b1539,b2492,b0904,b1533,b3821,b3918,b1912,b3662
