Deletion size,Max growth rate,Min production rate,Deleted genes,,,,,,,,,,,,,,,,,,,,,,,,,,,,,,,,,,,
23,0.576379375317899,0.304411885177413,b4382,b0474,b2518,b3831,b4384,b3752,b4152,b2781,b1612,b1611,b4122,b1759,b4161,b4138,b4123,b0621,b2406,b0452,b2197,b3918,b4042,b1206,b0221,,,,,,,,,,,,,
27,0.454767298951455,0.234119601151491,b3831,b3614,b0910,b4152,b2781,b0030,b3844,b1612,b1611,b4122,b0651,b2162,b1759,b2440,b4138,b4123,b0621,b2913,b4381,b2406,b0452,b2197,b3918,b1912,b1206,b2285,b3924,,,,,,,,,
36,0.467821473989568,0.246764599816126,b2836,b2242,b3553,b3846,b2341,b2744,b3614,b0910,b2781,b1004,b3713,b1109,b0046,b1612,b1611,b4122,b1759,b2210,b1033,b4374,b0675,b2361,b2291,b4138,b4123,b0621,b0306,b3605,b2197,b3028,b3918,b4042,b1206,b2285,b3893,b1474
