Deletion size,Max growth rate,Min production rate,Deleted genes,,,,,,,,,,,,,,,,,,,,,
22,0.572106477154736,1.09719524164486,b1241,b0351,b4069,b4384,b2297,b2458,b3617,b0030,b2407,b3665,b4381,b2406,b0112,b3654,b3714,b3664,b0114,b0529,b2492,b0904,b1511,b3662
19,0.572180046819317,1.09656789695757,b4382,b1241,b0351,b4069,b4384,b2297,b2458,b3617,b0030,b2407,b1982,b0261,b2406,b0112,b0114,b0529,b2492,b0904,b3662,,,
