Deletion size,Max growth rate,Min production rate,Deleted genes,,,,,,,,,,,,,,,,,,,,,,,,,,,,,,,,,,,,,,,,,,,,,
23,0.465845385477755,0.880591026008895,b3399,b1241,b0351,b4069,b2744,b2297,b2458,b3617,b0160,b1982,b0675,b2361,b0261,b0507,b4381,b2406,b0112,b2975,b0114,b3603,b0529,b2492,b0904,,,,,,,,,,,,,,,,,,,,,,,
30,0.500300667416849,0.748544855582281,b4382,b1241,b0351,b4069,b4384,b3708,b3752,b2297,b2458,b3617,b2407,b1982,b2797,b3117,b1814,b4471,b2440,b0261,b0507,b2406,b0112,b2975,b0114,b3603,b2366,b2492,b0904,b1533,b0494,b3662,,,,,,,,,,,,,,,,
46,0.459843371307298,0.105549619959617,b3553,b4382,b4384,b3708,b3008,b0871,b0030,b2407,b1004,b3713,b1109,b0046,b3236,b0121,b1982,b2797,b3117,b1814,b4471,b1033,b0261,b1602,b0507,b2406,b0112,b2943,b0837,b0124,b0114,b0886,b0755,b3612,b0529,b1539,b2492,b0904,b3035,b2578,b1533,b3927,b3821,b1380,b4141,b1798,b3662,b2285
