Deletion size,Max growth rate,Min production rate,Deleted genes,,,,,,,,,,,,,,,,,,,,,,,,,
20,0.605066290481451,0.319562735986462,b3831,b3614,b0910,b3752,b4152,b2781,b1612,b1611,b4122,b1759,b4138,b4123,b0621,b4381,b2406,b2197,b3821,b3918,b4042,b1206,,,,,,
22,0.605065062469597,0.319562087418184,b4382,b3831,b4384,b3614,b0910,b3752,b4152,b2781,b1612,b1611,b4122,b1759,b2440,b4138,b4123,b0621,b2406,b2197,b3918,b1912,b0494,b1206,,,,
26,0.614203654205336,0.0316144322297701,b2836,b0474,b2518,b3831,b3752,b4152,b2781,b3844,b1612,b1611,b4122,b0907,b1759,b4161,b4138,b4123,b0621,b4381,b2406,b3453,b2197,b3918,b1912,b2240,b1206,b1378
