Deletion size,Max growth rate,Min production rate,Deleted genes,,,,
5,0.818194387596599,0.484212347747976,b0008,b2464,b1852,b3437,b4268
3,0.818194387597032,0.484212347743519,b0008,b2464,b2029,,
