Deletion size,Max growth rate,Min production rate,Deleted genes,,,,,,,,,,,,,,,,,,,,,,
3,0.866962239346048,0.156922766208353,b0910,b2143,b0337,,,,,,,,,,,,,,,,,,,,
4,0.866962239346181,0.156922766208377,b2744,b0910,b0337,b0675,,,,,,,,,,,,,,,,,,,
5,0.866962239346068,0.156922766206813,b2066,b3831,b0910,b3752,b0337,,,,,,,,,,,,,,,,,,
5,0.868144847733652,0.134420943796093,b2066,b3831,b0910,b0337,b2498,,,,,,,,,,,,,,,,,,
7,0.866962239346053,0.156922766207107,b2066,b3831,b0910,b0030,b0651,b2162,b0337,,,,,,,,,,,,,,,,
11,0.766005773605361,0.543211462343397,b3831,b3752,b4152,b1612,b1611,b4122,b0337,b4138,b4123,b0621,b1206,,,,,,,,,,,,
11,0.767941329649854,0.138999684457817,b3831,b0910,b4152,b1612,b1611,b4122,b0337,b4138,b4123,b0621,b1206,,,,,,,,,,,,
12,0.766005773605302,0.543211462286195,b2744,b4152,b1612,b1611,b4122,b0337,b4374,b0675,b4138,b4123,b0621,b1206,,,,,,,,,,,
23,0.589924083358073,0.418343483871996,b4467,b2242,b3831,b3752,b1004,b3713,b1109,b0046,b3236,b1612,b1611,b4122,b0337,b1415,b4015,b4138,b4123,b0621,b3028,b1206,b2285,b3893,b1474
