Deletion size,Max growth rate,Min production rate,Deleted genes,,,,,,,,,,,,,,,,,,,,,,,,,,,,,,,,,,
22,0.563490954105411,0.297604929956211,b1054,b3831,b1278,b3614,b0910,b3752,b4152,b2781,b1612,b1611,b4122,b1759,b4138,b4123,b0621,b4381,b2406,b0452,b2197,b3918,b1206,b0221,,,,,,,,,,,,,
23,0.573832324712577,0.303066673135403,b0474,b2518,b2744,b4152,b2781,b1612,b1611,b4122,b1759,b4374,b4161,b0675,b1701,b1805,b4138,b4123,b0621,b4381,b2406,b2197,b3918,b4042,b1206,,,,,,,,,,,,
35,0.471881179372281,0.249221685479565,b2242,b3553,b0474,b2518,b3831,b3752,b2781,b1004,b3713,b1109,b0046,b1612,b1611,b4122,b1759,b3449,b2210,b1033,b4161,b1415,b4138,b4123,b0621,b4381,b2406,b2492,b0904,b2197,b3028,b3918,b0789,b1249,b0494,b1206,b2285
