Deletion size,Max growth rate,Min production rate,Deleted genes,,,,,,,,,,,,,,,,,,,,,,,,
21,0.685908149999135,0.362258959882271,b3831,b3614,b0910,b3752,b4152,b2781,b1612,b1611,b4122,b1759,b1701,b1805,b4138,b4123,b0621,b4381,b2406,b2197,b3918,b4042,b1206,,,,
22,0.685906571921338,0.362258126428606,b4382,b3831,b4384,b3614,b0910,b3752,b4152,b2781,b1612,b1611,b4122,b1759,b4138,b4123,b0621,b2406,b2197,b3825,b3918,b1912,b0494,b1206,,,
22,0.6809911544373,0.359662073260357,b2836,b0474,b2518,b3831,b3752,b4152,b2781,b1612,b1611,b4122,b1759,b4161,b4138,b4123,b0621,b4381,b2406,b2197,b3918,b1912,b1206,b0221,,,
22,0.583996589251066,0.118634269640944,b3831,b3614,b0910,b3752,b4152,b2781,b3844,b1612,b1611,b4122,b1759,b4138,b4123,b0621,b4381,b2406,b0452,b2197,b3918,b4042,b1206,b2285,,,
23,0.684765009449988,0.361655215915963,b4382,b0474,b2518,b4384,b2744,b4152,b2781,b1612,b1611,b4122,b1759,b4374,b4161,b0675,b4138,b4123,b0621,b2406,b2197,b3821,b3918,b1912,b1206,,
25,0.680985024449725,0.359603948344303,b4382,b0474,b2518,b4384,b2744,b4152,b2781,b1612,b1611,b4122,b1759,b4374,b4161,b0675,b4138,b4123,b0621,b2406,b0452,b2197,b3825,b3918,b1912,b1206,b4209
