Deletion size,Max growth rate,Min production rate,Deleted genes,,,,,,,,,,,,,,,,,,,,,,,,
22,0.55228798336009,0.291688136971229,b1054,b2744,b1278,b3614,b0910,b4152,b2781,b1612,b1611,b4122,b1759,b4374,b0675,b2361,b2291,b4138,b4123,b0621,b2197,b3821,b3918,b1206,,,
24,0.5515466049812,0.291296581687818,b1054,b0474,b2518,b2744,b4152,b2781,b1612,b1611,b4122,b1759,b4374,b4161,b0675,b2361,b2291,b4138,b4123,b0621,b2197,b3821,b3918,b0789,b1249,b1206,
25,0.540158212425114,0.284327237492237,b0474,b2518,b3831,b4152,b2781,b0030,b3844,b1612,b1611,b4122,b0651,b2162,b1759,b4161,b4138,b4123,b0621,b4381,b2406,b3915,b0452,b2197,b3918,b4042,b1206
