Deletion size,Max growth rate,Min production rate,Deleted genes,,,,,,,,,,,,,,,,,,,,,,,,,,,,,,,,,,
23,0.635242475840822,0.335500137402994,b4382,b0474,b2518,b3831,b4384,b3752,b4152,b2781,b1612,b1611,b4122,b1759,b3449,b4161,b4138,b4123,b0621,b2406,b2197,b3918,b1912,b0494,b1206,,,,,,,,,,,,
24,0.63622613160035,0.336019650272307,b3831,b3614,b0910,b4152,b2781,b0030,b1612,b1611,b4122,b0651,b2162,b1759,b4138,b4123,b0621,b4381,b2406,b2197,b2835,b3918,b0789,b1249,b0494,b1206,,,,,,,,,,,
35,0.508982877195345,0.268476252130844,b2242,b3553,b2744,b3614,b0910,b2781,b1004,b3713,b1109,b0046,b1612,b1611,b4122,b1759,b2210,b1033,b2440,b4374,b0675,b2361,b2291,b4138,b4123,b0621,b0306,b3605,b2197,b3028,b3918,b1912,b0494,b1206,b2285,b3893,b1474
