Deletion size,Max growth rate,Min production rate,Deleted genes,,,,,,,,,,,,,,,,,,,,,,
20,0.668755661778282,0.0174986606199425,b4269,b0493,b3588,b3003,b3011,b1241,b0351,b2744,b0871,b2883,b3616,b3589,b0411,b4381,b2868,b0114,b0529,b2492,b0904,b1517,,,
22,0.567235048679779,1.08734392588586,b3399,b1241,b0351,b4069,b2744,b2297,b2458,b3236,b2883,b1779,b3616,b3589,b2210,b0261,b0411,b4381,b0511,b0114,b0529,b2492,b0904,b0516,
23,0.794654790932873,0.173880138735447,b0238,b0125,b3831,b2744,b2930,b4232,b3697,b3925,b0871,b2883,b2690,b0477,b2498,b2361,b2291,b0411,b3945,b0114,b0529,b2492,b0904,b2954,b0516
