Deletion size,Max growth rate,Min production rate,Deleted genes,,,,
3,0.847042920996363,0.50128508290364,b0008,b2464,b2029,,
5,0.847042920996252,0.501285082903778,b0008,b2464,b1852,b3437,b4268
