Deletion size,Max growth rate,Min production rate,Deleted genes,,,,,,,,,,,,,,,,,,,,,,,,,,,,,,,,,
22,0.571393754562626,0.301778754503619,b1855,b2744,b3614,b0910,b4152,b2781,b1612,b1611,b4122,b1759,b4374,b0675,b2361,b2291,b4138,b4123,b0621,b2197,b3821,b3918,b1912,b1206,,,,,,,,,,,,
23,0.559610758503122,0.2955556240499,b0474,b2518,b2744,b4152,b2781,b1612,b1611,b4122,b1759,b4374,b4161,b0675,b2361,b2291,b4138,b4123,b0621,b0452,b2197,b3918,b4042,b1206,b0221,,,,,,,,,,,
24,0.570600231525973,0.301359659279285,b1855,b0474,b2518,b2744,b4152,b2781,b1612,b1611,b4122,b1759,b4374,b4161,b0675,b2361,b2291,b4138,b4123,b0621,b2197,b3821,b3918,b0789,b1249,b1206,,,,,,,,,,
24,0.560760086115658,0.295171604383234,b4382,b3831,b4384,b3614,b0910,b3752,b4152,b2781,b3844,b1612,b1611,b4122,b1759,b4138,b4123,b0621,b2406,b3915,b0452,b2197,b3918,b1912,b1206,b3546,,,,,,,,,,
24,0.559797928558326,0.294830034579435,b2836,b0474,b2518,b3831,b3752,b4152,b2781,b3844,b1612,b1611,b4122,b1759,b4161,b4138,b4123,b0621,b4381,b2406,b3915,b2197,b3918,b4042,b1695,b1206,,,,,,,,,,
34,0.469553958098286,0.247992575186348,b4467,b2242,b0474,b2518,b2744,b1278,b2781,b1004,b3713,b1109,b0046,b1612,b1611,b4122,b1759,b2210,b4374,b4161,b0675,b2361,b2291,b1415,b1701,b1805,b4138,b4123,b0621,b2197,b3028,b3918,b1206,b2285,b3893,b1474
