Deletion size,Max growth rate,Min production rate,Deleted genes,,,,,,,,,,,,,,,,,,,,,,,,,,,,
20,0.728665751474186,0.384841173313296,b3831,b3614,b0910,b3752,b4152,b2781,b1612,b1611,b4122,b1759,b4138,b4123,b0621,b4381,b2406,b2835,b3918,b4042,b0494,b1206,,,,,,,,,
21,0.368568715876743,1.1248381810988,b1241,b0351,b4069,b2930,b4232,b3697,b3925,b3115,b1849,b2296,b2926,b3617,b2690,b3945,b4381,b0114,b2492,b0904,b0515,b1517,b2285,,,,,,,,
29,0.582583712898245,0.462924513799404,b3942,b1732,b0238,b0125,b2744,b2930,b4232,b3697,b3925,b0871,b2779,b1612,b1611,b2883,b4122,b2690,b0477,b4374,b2361,b2291,b0411,b3945,b4388,b0114,b0529,b2492,b0904,b1380,b1813
