Deletion size,Max growth rate,Min production rate,Deleted genes,,,,,,,,,,,,,,,,,,,,,,,,,,,,,,,,
33,0.555111506659642,0.293179366684604,b4467,b1855,b2242,b3831,b1278,b3614,b0910,b3752,b2781,b1004,b3713,b1109,b0046,b1612,b1611,b4122,b1759,b2210,b1415,b4138,b4123,b0621,b4381,b2406,b0452,b2197,b3028,b3918,b1206,b0221,b2285,b3893,b1474
21,0.554363564409158,0.292784344724818,b4382,b3831,b4384,b3614,b0910,b3752,b4152,b2781,b1612,b1611,b4122,b1759,b4138,b4123,b0621,b2406,b2197,b3821,b3918,b4042,b1206,,,,,,,,,,,,
27,0.444169656726681,0.234585983351944,b1054,b0474,b2518,b3831,b2744,b3752,b4152,b2781,b1612,b1611,b4122,b1759,b4374,b4161,b2361,b2291,b0411,b4138,b4123,b0621,b2197,b2835,b3918,b0789,b1249,b0494,b1206,,,,,,
