Deletion size,Max growth rate,Min production rate,Deleted genes,,,,,,,,,,,,,,,,,,,,,,,,,,,,,,,,,,,,,
27,0.50290309300644,0.132688969333648,b4467,b1478,b1241,b4069,b4384,b2297,b2458,b2407,b1004,b3713,b1109,b0046,b3236,b1779,b0261,b3945,b1602,b2913,b3915,b0529,b2492,b0904,b1380,b0606,b2285,b1007,b4209,,,,,,,,,,,
30,0.437741808182076,1.20963866091083,b4467,b1241,b0351,b2930,b4232,b3697,b3925,b0871,b2926,b3617,b1004,b3713,b1109,b0046,b3236,b2690,b1493,b3517,b4015,b3945,b1602,b2913,b1727,b1380,b0606,b0221,b2285,b3893,b1474,b4209,,,,,,,,
37,0.481134163653421,0.327858531447895,b4467,b2836,b1478,b1241,b0351,b4069,b3115,b1849,b2296,b3617,b1004,b3713,b1109,b0046,b3236,b1638,b1779,b4139,b1623,b3665,b4015,b3945,b1602,b4381,b3915,b3654,b3714,b3664,b2492,b0904,b2954,b3029,b1380,b2660,b1511,b2285,b1007,
37,0.474060362041765,0.125028442845375,b4467,b3399,b4269,b0493,b3588,b3003,b3011,b1241,b0351,b2502,b2744,b0871,b1004,b3713,b1109,b0046,b3236,b4374,b2361,b2291,b0261,b3945,b1602,b3915,b0452,b1727,b0755,b3612,b0529,b2492,b0904,b1380,b2660,b0606,b2285,b1011,b4209,
38,0.469478293835315,1.0520814411296,b4467,b0474,b1241,b0351,b0871,b2779,b2925,b2097,b1004,b3713,b1109,b0046,b3236,b1638,b2690,b3908,b1656,b0207,b3012,b0477,b4139,b1493,b3517,b4015,b1602,b2913,b2223,b3915,b1727,b2492,b0904,b1781,b3001,b1380,b0325,b1301,b1771,b2285
