Deletion size,Max growth rate,Min production rate,Deleted genes,,,
4,0.809484892535743,0.800029299505641,b3114,b3952,b0903,b0529
