Deletion size,Max growth rate,Min production rate,Deleted genes,,,,,,,,,,,,,,,,,,,,,,,,,,,,,,,,,
27,0.458224028725689,1.75634841623191,b1241,b0351,b4069,b4384,b3752,b3115,b1849,b2296,b2407,b3124,b1982,b3616,b3589,b0261,b4381,b2406,b0112,b2789,b3127,b2975,b0114,b3603,b0529,b2492,b0904,b0514,b3662,,,,,,,
28,0.40011796102515,1.53363093835776,b3399,b1241,b0351,b4069,b2744,b3115,b1849,b2296,b2779,b2926,b3617,b0160,b1982,b4374,b0675,b2361,b2291,b0261,b2913,b0112,b2789,b3127,b2975,b0114,b3603,b0529,b2492,b0904,,,,,,
34,0.486214935725576,1.36762431197298,b3916,b1241,b0351,b4069,b4384,b3708,b3752,b2297,b2458,b1850,b3617,b2407,b1238,b1982,b1200,b2797,b3117,b1814,b4471,b0261,b0507,b4381,b2406,b0112,b0452,b0114,b2366,b1723,b2492,b0904,b1533,b3825,b3662,b4209
