Deletion size,Max growth rate,Min production rate,Deleted genes,,,,,,,,,,,,,,,,,,,,,,,,,,,,,,,,,,,,,,,,,,,
44,0.4522878119346,1.7335952118912,b3553,b1478,b3399,b1241,b4069,b2744,b2297,b2458,b2926,b0160,b1238,b1004,b3713,b1109,b0046,b3236,b1638,b1982,b4139,b1033,b0675,b2361,b4014,b0261,b2976,b2799,b3945,b1602,b4381,b3915,b0509,b3125,b0529,b2492,b0904,b2954,b1298,b3029,b1380,b2660,b1985,b0221,b2285,b1007
26,0.454381161905999,1.71784023641925,b3553,b3399,b1241,b0351,b4069,b2502,b2744,b3115,b1849,b2296,b1982,b3616,b3589,b1033,b0675,b2361,b0261,b4381,b2406,b0112,b0114,b0509,b3125,b0529,b2492,b0904,,,,,,,,,,,,,,,,,,
22,0.370575902712717,0.775809731438926,b3553,b1241,b0351,b4069,b4384,b2297,b2458,b3617,b0030,b2407,b1982,b1033,b0261,b0507,b4381,b2406,b0112,b0114,b0529,b2492,b0904,b3662,,,,,,,,,,,,,,,,,,,,,,
