Deletion size,Max growth rate,Min production rate,Deleted genes,,,,,,,,,,,,,,,,,,,,,,,,,,,,,,,,,,,,,,,,,,,,,,,,,
26,0.783948350507062,0.0539831537847066,b4382,b4384,b3708,b3008,b3752,b0871,b2407,b1982,b2797,b3117,b1814,b4471,b0261,b2406,b0114,b0886,b1539,b2492,b0904,b2578,b1533,b3927,b3821,b4141,b1798,b3662,,,,,,,,,,,,,,,,,,,,,,,,
26,0.778780880272976,0.0521102474806074,b2836,b4382,b4384,b3708,b3008,b0871,b0030,b2407,b1982,b2797,b3117,b1814,b4471,b0261,b2406,b0114,b0886,b2366,b2492,b0904,b2578,b1533,b3927,b4141,b1798,b3662,,,,,,,,,,,,,,,,,,,,,,,,
27,0.58380064611863,0.291158896240099,b4382,b1241,b0351,b4069,b4384,b3708,b3752,b2297,b2458,b2407,b1982,b2797,b3117,b1814,b4471,b3616,b3589,b0261,b2406,b0112,b0452,b0114,b1539,b2492,b0904,b1533,b3662,,,,,,,,,,,,,,,,,,,,,,,
27,0.58380064611863,0.291158896239573,b4382,b1241,b0351,b4069,b4384,b3708,b3752,b3115,b1849,b2296,b3617,b2407,b1982,b2797,b3117,b1814,b4471,b0261,b2406,b0112,b0452,b0114,b1539,b2492,b0904,b1533,b3662,,,,,,,,,,,,,,,,,,,,,,,
30,0.588082762435623,0.288165258255539,b3399,b4382,b1241,b0351,b4069,b2502,b2744,b3708,b3115,b1849,b2296,b1982,b2797,b3117,b1814,b4471,b3616,b3589,b0675,b2361,b0261,b4381,b2406,b0112,b0114,b1539,b2492,b0904,b1533,b3821,,,,,,,,,,,,,,,,,,,,
50,0.45332291606297,0.0983362316807904,b3553,b1478,b4382,b3942,b1732,b1241,b4069,b4384,b3708,b2297,b2458,b2926,b0030,b2407,b3844,b1004,b3713,b1109,b0046,b3236,b1982,b2797,b3117,b1814,b4471,b1033,b3551,b0261,b2799,b3945,b1602,b0153,b4219,b1832,b1778,b2406,b2366,b2492,b0904,b0591,b1533,b1380,b1710,b2480,b4141,b1798,b3662,b0606,b2285,b1011
