Deletion size,Max growth rate,Min production rate,Deleted genes,,,,,,,,,,,,,,,,,,,,,,,,,
22,0.648165334387575,0.342325280530089,b4382,b3831,b4384,b3614,b0910,b3752,b4152,b2781,b1612,b1611,b4122,b1759,b4138,b4123,b0621,b2406,b2197,b3825,b3918,b1912,b0494,b1206,,,,
22,0.648165334387575,0.342325280531365,b4382,b3831,b4384,b3614,b0910,b3752,b4152,b2781,b1612,b1611,b4122,b1759,b4138,b4123,b0621,b2406,b2197,b2835,b3918,b1912,b0494,b1206,,,,
26,0.647145848711719,0.341786844267415,b4382,b0474,b2518,b3831,b4384,b4152,b2781,b0030,b1612,b1611,b4122,b0651,b2162,b1759,b4161,b4138,b4123,b0621,b2406,b2197,b2835,b3918,b0789,b1249,b0494,b1206
