Deletion size,Max growth rate,Min production rate,Deleted genes,,,,,,,,,,,,,,,,,,,,,,,,,,,,,,,,,,,,,
19,0.574535073423656,1.10108124299117,b3399,b1241,b0351,b4069,b2502,b2744,b2297,b2458,b3617,b1982,b4374,b0675,b2361,b2291,b0261,b0114,b0529,b2492,b0904,,,,,,,,,,,,,,,,,,,
30,0.779096550781551,0.178830186482029,b3399,b2744,b3708,b3008,b0871,b2925,b2097,b0160,b2690,b1982,b2797,b3117,b1814,b4471,b2440,b4374,b0675,b2361,b2291,b0261,b3945,b2239,b0114,b0886,b2366,b2492,b0904,b2578,b1533,b3927,,,,,,,,
38,0.40347739895037,0.632957489600591,b4467,b1478,b3399,b1241,b4069,b4384,b2744,b3115,b1849,b2296,b2926,b0160,b0030,b3844,b1004,b3713,b1109,b0046,b3236,b1982,b1623,b4374,b2361,b2291,b0261,b0411,b2799,b3945,b1602,b3915,b0529,b2492,b0904,b1380,b2660,b0606,b2285,b1011
