Deletion size,Max growth rate,Min production rate,Deleted genes,,,,,,,,,,,,,,,,,,,,,,,,,,,,,,,,,,,,
19,0.584968273075162,1.12107619366057,b4382,b1241,b0351,b4069,b4384,b3115,b1849,b2296,b3617,b0030,b2407,b1982,b0261,b0411,b2406,b0114,b0529,b2492,b0904,,,,,,,,,,,,,,,,,,
22,0.562621688273313,1.06390495351864,b3399,b1241,b0351,b4069,b2744,b3115,b1849,b2296,b0160,b1982,b3616,b3589,b0675,b2361,b2913,b4381,b2868,b0114,b0529,b2492,b0904,b1511,,,,,,,,,,,,,,,
37,0.40560029191601,0.518492136573389,b3553,b1478,b3399,b4382,b4269,b0493,b3588,b3003,b3011,b1241,b4384,b2744,b3752,b0871,b2407,b3844,b1004,b3713,b1109,b0046,b3236,b1779,b1982,b1033,b2799,b3945,b1602,b2913,b3915,b0529,b2492,b0904,b1380,b1511,b0606,b2285,b1011
