Deletion size,Max growth rate,Min production rate,Deleted genes,,,,,,,,,,,,,,,,,,,,,,,,,,,,,,,,,,,,
19,0.55109649867343,2.11232367130053,b1241,b0351,b4069,b4384,b3752,b2297,b2458,b3617,b2407,b1982,b0261,b4381,b2406,b0112,b0114,b0529,b2492,b0904,b3662,,,,,,,,,,,,,,,,,,
22,0.580674230221284,1.88763314130781,b4269,b0493,b3588,b3003,b3011,b1241,b0351,b4384,b3752,b0871,b3617,b2407,b1982,b0261,b4381,b2406,b0112,b0114,b0529,b2492,b0904,b3662,,,,,,,,,,,,,,,
37,0.752917928589255,0.518463803133834,b3553,b3399,b0586,b2744,b3708,b3008,b0871,b0160,b0121,b1982,b2797,b3117,b1814,b4471,b1033,b4374,b0675,b2361,b2291,b0261,b0507,b3709,b3161,b0112,b0114,b0886,b2366,b2492,b0904,b2578,b1533,b3927,b3825,b1473,b0494,b4141,b1798
