Deletion size,Max growth rate,Min production rate,Deleted genes,,,,,,,,,,,,,,,,,,,,,,,,,,,,,,,,,,,,,,,,,,,,,
19,0.584968273075204,1.12107619368956,b3399,b1241,b0351,b4069,b2502,b2744,b2297,b2458,b3617,b1982,b4374,b0675,b2361,b2291,b0261,b0114,b0529,b2492,b0904,,,,,,,,,,,,,,,,,,,,,,,,,,,
20,0.584923202368004,1.12138171541625,b3399,b4382,b1241,b0351,b4069,b4384,b2744,b3752,b2297,b2458,b2407,b1982,b3616,b3589,b3665,b0114,b0529,b2492,b0904,b1518,,,,,,,,,,,,,,,,,,,,,,,,,,
21,0.502978275183567,0.950783605877442,b3399,b1241,b0351,b4069,b2502,b2744,b2297,b2458,b2779,b0907,b1982,b3616,b3589,b0675,b2361,b0261,b4381,b0114,b0529,b2492,b0904,,,,,,,,,,,,,,,,,,,,,,,,,
22,0.607090103011801,0.986752415170138,b3399,b4269,b0493,b3588,b3003,b3011,b1241,b0351,b2744,b0871,b3617,b0160,b1982,b0675,b2361,b2291,b0261,b4381,b0114,b0529,b2492,b0904,,,,,,,,,,,,,,,,,,,,,,,,
30,0.406997691561461,0.0922820325260487,b3399,b2502,b2744,b3708,b3008,b0512,b0871,b2779,b2925,b2097,b2690,b1982,b2797,b3117,b1814,b4471,b0675,b2361,b2291,b3945,b4381,b0452,b0114,b2366,b2492,b0904,b1533,b3927,b1517,b2285,,,,,,,,,,,,,,,,
46,0.448707853283467,0.207342514518919,b4467,b1478,b3942,b1732,b0474,b2518,b1241,b4069,b2744,b3115,b1849,b2296,b2779,b1004,b3713,b1109,b0046,b2883,b2463,b2210,b3551,b0411,b2799,b3945,b1602,b4219,b1832,b1778,b4381,b3915,b2868,b4064,b4464,b0114,b0529,b2492,b0904,b3927,b1380,b1710,b2480,b1518,b0606,b2285,b1010,b4209
