Deletion size,Max growth rate,Min production rate,Deleted genes,,,,,,,,,,,,,,,,,,,,,,
21,0.556127287697639,0.293715846361365,b4382,b3831,b4384,b3614,b0910,b3752,b4152,b2781,b1612,b1611,b4122,b1759,b4138,b4123,b0621,b2406,b2197,b3821,b3918,b4042,b1206,,
23,0.544120968147126,0.287374768721924,b1855,b2836,b2744,b3614,b0910,b4152,b2781,b1612,b1611,b4122,b1759,b4374,b0675,b2361,b2291,b4138,b4123,b0621,b2197,b3918,b1912,b1206,b0221
23,0.543401339781345,0.28699470059906,b2836,b0474,b2518,b3831,b3752,b4152,b2781,b1612,b1611,b4122,b1759,b4161,b2342,b3845,b4138,b4123,b0621,b4381,b2406,b2197,b3918,b4042,b1206
