Deletion size,Max growth rate,Min production rate,Deleted genes,,,,,,,,,,,,,,,,,,,,,,
23,0.648165334387552,0.342325280530191,b4382,b0474,b2518,b3831,b4384,b3752,b4152,b2781,b1612,b1611,b4122,b1759,b4161,b4138,b4123,b0621,b2406,b2197,b3825,b3918,b4042,b0494,b1206
23,0.647145848711493,0.341786844268085,b0474,b2518,b3831,b1278,b3752,b4152,b2781,b1612,b1611,b4122,b1759,b3449,b4161,b4138,b4123,b0621,b4381,b2406,b2197,b3918,b0418,b0494,b1206
23,0.647145848711581,0.341786844267851,b4382,b3831,b4384,b3614,b0910,b3752,b4152,b2781,b1612,b1611,b4122,b1759,b4138,b4123,b0621,b2406,b2197,b3825,b3918,b0789,b1249,b0494,b1206
