Deletion size,Max growth rate,Min production rate,Deleted genes,,,,,,,,,,,,,,,,,,,,,,,
18,0.584152285210836,1.11951237457078,b1241,b0351,b4069,b4384,b2297,b2458,b3617,b0030,b2407,b1982,b0261,b4381,b2406,b0114,b0529,b2492,b0904,b3662,,,,,,
24,0.577705431350677,1.10715714998842,b3399,b4269,b0493,b3588,b3003,b3011,b1241,b0351,b4384,b2744,b0871,b2407,b1982,b3616,b3589,b0675,b2361,b0261,b4381,b0112,b0114,b0529,b2492,b0904
21,0.60044583664492,0.975952954188985,b3399,b1241,b0351,b4069,b2744,b2297,b2458,b3617,b1238,b2883,b1982,b0675,b2361,b0261,b4381,b4064,b4464,b0114,b0529,b2492,b0904,,,
