Deletion size,Max growth rate,Min production rate,Deleted genes,,,,,,,,,,,,,,,,,,,,,,
22,0.569893713810498,0.300986515479968,b2744,b3614,b0910,b4152,b2781,b1612,b1611,b4122,b1759,b4374,b0675,b2361,b2291,b1701,b1805,b4138,b4123,b0621,b2197,b3918,b4042,b1206,
23,0.569893713810498,0.300986515479968,b2744,b1278,b3614,b0910,b4152,b2781,b1612,b1611,b4122,b1759,b4374,b0675,b2361,b2291,b1701,b1805,b4138,b4123,b0621,b2197,b3918,b1206,b3546
23,0.569892624417939,0.300985940123734,b4382,b4384,b2744,b3614,b0910,b4152,b2781,b1612,b1611,b4122,b1759,b4374,b0675,b1701,b1805,b4138,b4123,b0621,b2406,b2197,b3918,b4042,b1206
