Deletion size,Max growth rate,Min production rate,Deleted genes,,,,,,,,,,,,,,,,,,,,,,,,,
23,0.599883381298435,0.31682540841562,b0474,b2518,b2744,b4152,b2781,b1612,b1611,b4122,b1759,b4374,b4161,b0675,b4138,b4123,b0621,b4381,b2406,b2197,b3825,b3918,b4042,b0494,b1206,,,
23,0.592581789368687,0.311921839351008,b2744,b1278,b3614,b0910,b4152,b2781,b3844,b1612,b1611,b4122,b1759,b4374,b0675,b2361,b2291,b4138,b4123,b0621,b3915,b0452,b2197,b3918,b1206,,,
26,0.59140895350249,0.312349681747609,b4382,b0474,b2518,b3831,b4384,b4152,b2781,b0030,b1612,b1611,b4122,b0651,b2162,b1759,b4161,b4138,b4123,b0621,b2406,b0452,b2197,b3918,b0789,b1249,b1206,b0221
