Deletion size,Max growth rate,Min production rate,Deleted genes,,,,,,,,,,,,,,,,,,,,,,,,,,,,,,,,,,,,,,,,,,,,,,,,,,,
19,0.590707687159439,1.13056282629976,b1241,b0351,b4069,b4384,b2297,b2458,b0030,b2407,b1982,b3616,b3589,b4381,b2406,b0114,b0529,b2492,b0904,b0516,b1517,,,,,,,,,,,,,,,,,,,,,,,,,,,,,,,,,
22,0.591866647382397,1.11880996255275,b3399,b1241,b0351,b4069,b2744,b3115,b1849,b2296,b3617,b2883,b1982,b0675,b2361,b0261,b4381,b2406,b4064,b4464,b0114,b0529,b2492,b0904,,,,,,,,,,,,,,,,,,,,,,,,,,,,,,
52,0.417592215031679,0.362564209756714,b4467,b1478,b1241,b0351,b3831,b4069,b4384,b3614,b0910,b3752,b3115,b1849,b2296,b2781,b3617,b2407,b3844,b1004,b3713,b1109,b0046,b3236,b1638,b1779,b1759,b0937,b1982,b4139,b1623,b4015,b0261,b1701,b1805,b2799,b3945,b1602,b2913,b4381,b2406,b2975,b3603,b0529,b2492,b0904,b1300,b2954,b3029,b1380,b3918,b4042,b3662,b2285
