Deletion size,Max growth rate,Min production rate,Deleted genes,,,,,,,,,,,,,,,,,,,,,,,,,,,,,,,,,,,,
11,0.825158307267609,0.00113389722966661,b0871,b2925,b2097,b2690,b1525,b2661,b0726,b3945,b0114,b2492,b0904,,,,,,,,,,,,,,,,,,,,,,,,,,
13,0.803347666366534,0.270129014875595,b0871,b2925,b2097,b0517,b2690,b1493,b3517,b0726,b3945,b4381,b0114,b2492,b0904,,,,,,,,,,,,,,,,,,,,,,,,
13,0.541192704867737,0.218186709702994,b0871,b2925,b2097,b2690,b1493,b3517,b0726,b3945,b4381,b0114,b2492,b0904,b2285,,,,,,,,,,,,,,,,,,,,,,,,
14,0.767061026722056,0.48633423438708,b4069,b2297,b2458,b2925,b2097,b3236,b3946,b2210,b0825,b4381,b2943,b0114,b2492,b0904,,,,,,,,,,,,,,,,,,,,,,,
28,0.430882716224049,2.16049130230449,b3553,b1478,b1241,b0351,b0871,b2925,b2097,b3844,b1004,b3713,b1109,b0046,b3236,b1779,b3946,b0825,b1033,b2799,b3945,b1602,b2913,b4381,b2492,b0904,b1380,b0606,b2285,b1010,,,,,,,,,
37,0.37056746177757,0.433458503813397,b3553,b1478,b1241,b0351,b4069,b2930,b4232,b3697,b3925,b0871,b2297,b2458,b2779,b1004,b3713,b1109,b0046,b3236,b3946,b0825,b1033,b2799,b3945,b1602,b4381,b3915,b0509,b3125,b2492,b0904,b1380,b2660,b1695,b0606,b2285,b1010,b4209
