Deletion size,Max growth rate,Min production rate,Deleted genes,,,,,,,,,,,,,,,,,,,,,,,,,,,,,,
19,0.737044335737234,0.389147469143566,b2744,b1278,b3614,b0910,b4152,b2781,b1612,b1611,b4122,b1759,b4374,b0675,b4138,b4123,b0621,b4381,b0452,b3918,b1206,,,,,,,,,,,,
20,0.741465380983346,0.391601233641478,b2744,b1278,b3614,b0910,b4152,b2781,b1612,b1611,b4122,b1759,b2440,b4374,b0675,b4138,b4123,b0621,b4381,b3918,b0418,b1206,,,,,,,,,,,
21,0.736079307658748,0.388756605945535,b2836,b4382,b0474,b2518,b4384,b2744,b4152,b2781,b1612,b1611,b4122,b1759,b4374,b4161,b0675,b4138,b4123,b0621,b3918,b1912,b1206,,,,,,,,,,
23,0.736079307658747,0.388756605947817,b2836,b0474,b2518,b2744,b3926,b4152,b2781,b1612,b1611,b4122,b1759,b4374,b4161,b0675,b2361,b2291,b3945,b4138,b4123,b0621,b3927,b3918,b1206,,,,,,,,
24,0.624901916830989,0.33003882286164,b0474,b2518,b3831,b3926,b4152,b2781,b0030,b1612,b1611,b4122,b0651,b2162,b1759,b4161,b3945,b4138,b4123,b0621,b4381,b2406,b0452,b3918,b1206,b2285,,,,,,,
31,0.576145590482468,0.304288413000881,b2242,b3553,b4382,b4384,b2744,b1278,b3614,b0910,b2781,b1004,b3713,b1109,b0046,b1612,b1611,b4122,b1759,b2210,b1033,b4374,b0675,b1415,b4138,b4123,b0621,b2492,b0904,b3028,b3918,b1206,b2285
