Deletion size,Max growth rate,Min production rate,Deleted genes,,,,,,,,,,,,,,,,,,,,,,,,,,,,,,,,,,,
27,0.775954358748008,0.0890544711948536,b4382,b4384,b3708,b3008,b3752,b0871,b2407,b1982,b2797,b3117,b1814,b4471,b0261,b2406,b0114,b0886,b2366,b2492,b0904,b2578,b1533,b3927,b2835,b0494,b4141,b1798,b3662,,,,,,,,,
30,0.518570836119081,0.517704027681945,b2836,b1241,b0351,b4069,b4384,b3708,b2297,b2458,b3617,b0030,b2407,b1238,b2797,b3117,b1814,b4471,b3665,b4381,b2406,b0112,b3654,b3714,b3664,b0114,b1539,b2492,b0904,b1533,b3662,b1518,,,,,,
36,0.712142705710547,0.103719558659483,b4069,b2744,b3708,b3008,b3115,b1849,b2296,b1238,b0583,b2883,b2388,b2688,b2797,b3117,b1814,b4471,b2440,b3565,b4381,b2406,b3654,b2868,b3714,b3664,b4064,b4464,b0114,b2366,b2492,b0904,b2578,b1533,b3927,b0494,b3662,b1517
