Deletion size,Max growth rate,Min production rate,Deleted genes,,,,,,,,,,
7,0.164787200583285,1.24154309421437,YGR087C,YLR044C,YLR134W,YLL043W,YNL104C,YLR348C,YKL085W,,,,
7,0.166484107109947,0.903097583453627,YGR087C,YLR044C,YLR134W,YDR148C,YLL043W,YLR348C,YKL085W,,,,
11,0.165823395999462,1.29693886690754,YBR068C,YDR046C,YBR069C,YGR087C,YLR044C,YLR134W,YDR380W,YDL080C,YCL025C,YKR039W,YLL043W
11,0.170998291331113,0.170728204962943,YGR087C,YLR044C,YLR134W,YDR380W,YDL080C,YIL053W,YER062C,YMR250W,YLR348C,YKL141W,YDR178W
