Deletion size,Max growth rate,Min production rate,Deleted genes,,,
2,0.224237840324224,0.0761511706224653,YNR001C,YPR001W,,
4,0.258660708222011,0.0351088801786924,YDR035W,YLR348C,YKL085W,YKL029C
4,0.258660708208133,0.0351088801483234,YBR291C,YLR348C,YKL085W,YKL029C
