Deletion size,Max growth rate,Min production rate,Deleted genes,
2,0.258387679476857,0.0350718209233505,YFR055W,YLR303W
2,0.276149366271093,0.014000772806183,YFR055W,YNL277W
2,0.276149366154868,0.0140007729447136,UNKNOWN,YBR291C
