Deletion size,Max growth rate,Min production rate,Deleted genes,,,,,,,,,,,,,,,,,,,,,,,
10,0.172548928857372,0.0798233526744,YPL061W,YKL106W,YJL060W,YEL047C,YOR120W,YLL043W,YDR272W,YBL045C,YHR208W,YJL121C,,,,,,,,,,,,,,
19,0.163242732622809,0.0828038520237777,YMR083W,YPL061W,YFL053W,YML070W,YKL106W,YLL043W,YIL111W,YNL052W,YPL262W,YIL155C,YBR263W,YLR231C,YJR077C,YCR028C,YJL121C,YKL141W,YDR178W,YFR047C,YKL184W,,,,,
24,0.182927049526467,0.0316600119301155,YPL061W,YDR035W,YMR009W,YOR348C,YKL106W,YAL054C,YPL265W,YJL060W,YKR039W,YOL020W,YEL047C,YOR120W,YLL043W,YBR192W,YDL198C,YMR189W,YMR250W,YJR077C,YHR208W,YJL121C,YLR348C,YPL188W,YJR049C,YEL041W
