Deletion size,Max growth rate,Min production rate,Deleted genes,,,
2,0.201706064780778,0.102749069313295,YNR001C,YPR001W,,
2,0.265668582354013,0.0269387941453689,YFR055W,YNL277W,,
4,0.246285425507092,0.0501437126419641,YBR291C,YLR348C,YKL085W,YKL029C
