Deletion size,Max growth rate,Min production rate,Deleted genes,,,,,
5,0.257197800252711,0.307271640512837,YLR027C,YKR039W,YHR208W,YGR244C,YNL268W,
5,0.257197800252712,0.307271640060455,YLR027C,YDR148C,YKR039W,YHR208W,YNL268W,
6,0.257176391364807,0.307246063489615,YLR027C,YKR039W,YHR208W,YNL268W,YKL141W,YMR118C
