Deletion size,Max growth rate,Min production rate,Deleted genes,,,,,,,,,,,,,,,
2,0.154385576164117,0.157288024956598,YNR001C,YPR001W,,,,,,,,,,,,,,
2,0.216158597957664,0.0880197810842684,UNKNOWN,YBR291C,,,,,,,,,,,,,,
2,0.273109361582971,0.0189264787628231,YLR043C,YDR353W,,,,,,,,,,,,,,
3,0.154385576195343,0.157288025029268,YKL106W,YKL085W,YKL120W,,,,,,,,,,,,,
4,0.215914556305084,0.0879204071090151,YDR035W,YLR348C,YKL085W,YKL029C,,,,,,,,,,,,
4,0.257910990482157,0.0350071184465159,YDR035W,YPL262W,YLR348C,YOL126C,,,,,,,,,,,,
16,0.2636428113763,0.0193085391754875,YBR208C,YML035C,YKL106W,YCR032W,YCR010C,YNL141W,YER170W,YDR148C,YHR002W,YDR300C,YHL016C,YLR348C,YOL126C,YPL092W,YJR095W,YKL120W
