Deletion size,Max growth rate,Min production rate,Deleted genes,,,,,,,,,,,
6,0.257914682916476,0.308128090906597,YLR027C,YKR039W,YHR208W,YNL268W,YKL148C,YKL141W,,,,,,
9,0.149824526099508,0.0124069742117809,YGR087C,YLR044C,YLR134W,YLR027C,YOR120W,YHR208W,YGR244C,YJL121C,YBR006W,,,
12,0.128650085299219,0.153696970255135,YGR087C,YLR044C,YLR134W,YDR380W,YDL080C,YLR027C,YHR208W,YJL121C,YLR348C,YBR006W,YKL148C,YKL141W
