Deletion size,Max growth rate,Min production rate,Deleted genes,,,,,,,,,,,,,,,,
13,0.171114107438523,0.0656008142782873,YHR104W,YGR087C,YLR044C,YLR134W,YDR380W,YDL080C,YDL210W,YOR348C,YPR021C,YLL043W,YOR323C,YLR348C,YKL085W,,,,
10,0.17111410743679,0.0656007857061276,YHR104W,YGR087C,YLR044C,YLR134W,YDL210W,YOR348C,YLL043W,YGR244C,YLR348C,YKL085W,,,,,,,
10,0.142411366548518,1.53289981009564,YGR087C,YLR044C,YLR134W,YDL210W,YOR348C,YLR348C,YKL141W,YMR118C,YDL085W,YMR145C,,,,,,,
9,0.166309260184446,0.356028658111528,YGR087C,YLR044C,YLR134W,YDR380W,YDL080C,YDL210W,YOR348C,YGR244C,YLR348C,,,,,,,,
15,0.166309260196589,0.356028679950867,YGR087C,YLR044C,YLR134W,YDL210W,YOR348C,YLR027C,YLR089C,YPL265W,YCL025C,YKR039W,YOL020W,YDL066W,YHR208W,YLR348C,YKL085W,,
11,0.165011982644478,0.00995021830785919,YGR087C,YLR044C,YLR134W,YDL210W,YOR348C,YFL030W,YOR323C,YGR244C,YLR348C,YKL085W,YEL046C,,,,,,
9,0.159199729625428,0.763630368386814,YGR087C,YLR044C,YLR134W,YDR380W,YDL080C,YDL210W,YOR348C,YDR148C,YLR348C,,,,,,,,
17,0.148066057730668,0.601263685154953,YGR087C,YLR044C,YLR134W,YDR380W,YDL080C,YDL210W,YOR348C,YLR027C,YLR089C,YPL265W,YCL025C,YKR039W,YOL020W,YNL037C,YDL066W,YHR208W,YLR348C
11,0.153680332431447,0.368037627883064,YHR104W,YGR087C,YLR044C,YLR134W,YDL210W,YOR348C,YDR148C,YIL053W,YER062C,YLR348C,YKL085W,,,,,,
