Deletion size,Max growth rate,Min production rate,Deleted genes,,,,,,,,,,,,
10,0.142411366548518,1.53289999636158,YGR087C,YLR044C,YLR134W,YDL210W,YOR348C,YLR348C,YKL141W,YMR118C,YDL085W,YMR145C,,,
10,0.166309260184446,0.356028554000947,YHR104W,YGR087C,YLR044C,YLR134W,YDL210W,YOR348C,YLL043W,YGR244C,YLR348C,YKL085W,,,
13,0.159199729625428,0.763630477595143,YHR104W,YGR087C,YLR044C,YLR134W,YDR380W,YDL080C,YDL210W,YOR348C,YPR021C,YLL043W,YOR323C,YLR348C,YKL085W
