Deletion size,Max growth rate,Min production rate,Deleted genes,,,,,,,,,,,,,,,,
3,0.26674313410856,0.039834419825915,YLR027C,YHR208W,YGR244C,,,,,,,,,,,,,,
6,0.236588768856324,0.0600113486009092,YMR189W,YLR348C,YJL045W,YKL148C,YDL085W,YMR145C,,,,,,,,,,,
6,0.232058083411331,0.039958133693866,YLR348C,YKL085W,YJL045W,YKL148C,YDL085W,YMR145C,,,,,,,,,,,
6,0.243055507271636,0.0362970021923645,YLR027C,YLR348C,YJL045W,YKL148C,YDL085W,YMR145C,,,,,,,,,,,
8,0.159321293733432,0.0237924540428315,YGR087C,YLR044C,YLR134W,YLR027C,YHR208W,YGR244C,YLR348C,YKL085W,,,,,,,,,
9,0.159321293732565,0.0237924430504632,YGR087C,YLR044C,YLR134W,YLR027C,YHR208W,YLR348C,YKL085W,YJL045W,YKL148C,,,,,,,,
10,0.143963801176574,0.0214990138501309,YGR087C,YLR044C,YLR134W,YLR027C,YHR208W,YKL085W,YJL045W,YKL148C,YDL085W,YMR145C,,,,,,,
16,0.133355716935594,0.0507034202274028,YHR104W,YGR087C,YLR044C,YLR134W,YOR348C,YFL055W,YPL265W,YCL025C,YKR039W,YOL020W,YDR536W,YMR250W,YLR348C,YKL085W,YJL045W,YKL148C,
17,0.155011437988483,0.0194183574890453,YHR104W,YGR087C,YLR044C,YLR134W,YDR380W,YFL055W,YPL265W,YCL025C,YKR039W,YLL043W,YOR323C,YDR536W,YMR250W,YGR244C,YLR348C,YKL085W,YEL046C
