Deletion size,Max growth rate,Min production rate,Deleted genes,,,,,,,,,,
5,0.27435742952445,0.459751590788321,YPL061W,YFL053W,YML070W,YDL171C,YJL121C,,,,,,
7,0.160868488145453,0.0133215198764055,YGR087C,YFL053W,YML070W,YLR044C,YLR134W,YMR250W,YJL121C,,,,
7,0.160868488131575,0.0133215055133436,YGR087C,YFL053W,YML070W,YLR044C,YLR134W,YGR019W,YJL121C,,,,
7,0.160868488131575,0.0133215055133436,YGR087C,YFL053W,YML070W,YLR044C,YLR134W,YJL121C,YBR006W,,,,
9,0.134233343262197,3.35054196418779,YGR087C,YFL053W,YML070W,YLR044C,YLR134W,YDR380W,YDL080C,YDL171C,YJL121C,,
9,0.227592490743332,0.0188469452864054,YOL086C,YDL168W,YGL256W,YBR145W,YMR083W,YPL061W,YFL053W,YML070W,YJL121C,,
11,0.229908603974938,0.0190387353877355,YOL086C,YDL168W,YGL256W,YBR145W,YPL061W,YFL053W,YML070W,YGR019W,YGR244C,YJL121C,YLR348C
11,0.22990860396106,0.0190387325229746,YOL086C,YDL168W,YGL256W,YBR145W,YPL061W,YFL053W,YML070W,YMR250W,YGR244C,YJL121C,YLR348C
