Deletion size,Max growth rate,Min production rate,Deleted genes,,,,,,,,
5,0.157996283742734,4.57420911869518,YGR087C,YLR044C,YLR134W,YNL104C,YJL121C,,,,
7,0.159405260216253,4.55674914859775,YGR087C,YLR044C,YLR134W,YDR380W,YDL080C,YOR375C,YAL062W,,
9,0.171894780299462,1.88925054724063,YBR068C,YDR046C,YBR069C,YGR087C,YLR044C,YLR134W,YCL025C,YKR039W,YNL104C
