Deletion size,Max growth rate,Min production rate,Deleted genes,,,,,,,
4,0.273459405237774,0.3404118639864,YPL061W,YOR120W,YDL171C,YJL121C,,,,
7,0.160868488131575,0.00666076327145673,YGR087C,YLR044C,YLR134W,YIL053W,YER062C,YMR250W,YJL121C,
8,0.227555834925808,0.00942194684498451,YOL086C,YDL168W,YGL256W,YBR145W,YMR083W,YPL061W,YOR120W,YJL121C
