Deletion size,Max growth rate,Min production rate,Deleted genes,,,,,,,,,,,,,,,,,
17,0.129941239952526,0.255980692885633,YDL168W,YMR303C,YBR068C,YDR046C,YBR069C,YGR087C,YLR044C,YLR134W,YDR380W,YDL080C,YKL192C,YCL025C,YKR039W,YOL059W,YJL121C,YLR348C,YML120C,
18,0.142197965700803,0.98792747400852,YDL168W,YMR303C,YBR068C,YDR046C,YBR069C,YGR087C,YLR044C,YLR134W,YDR380W,YDL080C,YLR027C,YKL192C,YCL025C,YKR039W,YOL059W,YHR208W,YLR348C,YML120C
18,0.130288251137772,0.260435798903687,YDL168W,YMR303C,YBR068C,YDR046C,YBR069C,YGR087C,YLR044C,YLR134W,YDR380W,YDL080C,YKL192C,YCL025C,YKR039W,YOL059W,YOR375C,YAL062W,YLR348C,YML120C
