Deletion size,Max growth rate,Min production rate,Deleted genes,,,,,,,,,,,,,,
3,0.245540565443615,0.138659212432933,YOL052C,YMR189W,YOR184W,,,,,,,,,,,,
3,0.245540565471376,0.138659212898567,YMR009W,YBR263W,YGR208W,,,,,,,,,,,,
15,0.18728858726971,0.0298175662263069,YPL061W,YFL053W,YML070W,YKL192C,YFL030W,YDR148C,YDR272W,YIL155C,YJL121C,YBR006W,YLR017W,YDL085W,YMR145C,YML120C,YOR184W
