Deletion size,Max growth rate,Min production rate,Deleted genes
1,0.287628310615621,0.0149883094425094,YER065C
1,0.287628310518479,0.014988311625681,YFL030W
