Deletion size,Max growth rate,Min production rate,Deleted genes,,,,,,,,,
6,0.259345759184853,0.497930488238118,YPL061W,YFL053W,YML070W,YDL171C,YJL121C,YBR006W,,,,
6,0.259345759184852,0.497930487752624,YPL061W,YGR019W,YIL053W,YER062C,YDL171C,YJL121C,,,,
10,0.124678603617351,0.28923011198968,YGR087C,YLR044C,YLR134W,YDR380W,YDL080C,YOR120W,YLL043W,YDL171C,YJL121C,YBR006W
