Deletion size,Max growth rate,Min production rate,Deleted genes,,,,,,,,,,,,,,,
11,0.144778716149936,1.7733678453559,YOL086C,YDL168W,YMR303C,YGL256W,YBR145W,YMR083W,YGR087C,YLR044C,YLR134W,YJL121C,YLR348C,,,,,
13,0.170829217891625,0.368997920149385,YOL086C,YDL168W,YMR303C,YGL256W,YBR145W,YMR083W,YMR318C,YBR036C,YGR087C,YLR044C,YLR134W,YDR148C,YLR348C,,,
13,0.170829217889024,0.36899800318363,YOL086C,YDL168W,YMR303C,YGL256W,YBR145W,YMR083W,YMR318C,YBR036C,YGR087C,YLR044C,YLR134W,YGR244C,YLR348C,,,
14,0.170829217892058,0.368997963346393,YOL086C,YDL168W,YMR303C,YGL256W,YBR145W,YMR083W,YMR318C,YBR036C,YGR087C,YLR044C,YLR134W,YLR348C,YKL141W,YMR118C,,
14,0.145017989688578,1.77069211849345,YOL086C,YDL168W,YMR303C,YGL256W,YBR145W,YMR083W,YMR318C,YBR036C,YGR087C,YLR044C,YLR134W,YOR375C,YAL062W,YLR348C,,
15,0.144778716118712,1.98759234759022,YOL086C,YDL168W,YMR303C,YGL256W,YBR145W,YBR068C,YMR083W,YDR046C,YBR069C,YGR087C,YLR044C,YLR134W,YCL025C,YKR039W,YJL121C,
16,0.167117524369395,0.808366497762928,YOL086C,YDL168W,YMR303C,YGL256W,YBR145W,YBR068C,YMR083W,YMR318C,YBR036C,YDR046C,YBR069C,YGR087C,YLR044C,YLR134W,YCL025C,YKR039W
