Deletion size,Max growth rate,Min production rate,Deleted genes,,
3,0.245540565290956,0.138659212898745,YMR009W,YBR263W,YGR208W
3,0.245540565471376,0.138659212200075,YMR189W,YPR069C,YOR184W
