Deletion size,Max growth rate,Min production rate,Deleted genes,,,,,,,,,,,,,,,,,,,,,,,,,,,
25,0.137916235439325,0.0848543234834554,YBR068C,YMR083W,YDR046C,YBR069C,YGR087C,YLR044C,YLR134W,YDR380W,YOR348C,YKL192C,YMR289W,YOL052C,YPL265W,YCL025C,YKR039W,YOL020W,YOR120W,YOL059W,YGR191W,YLR231C,YJL121C,YLR348C,YML120C,YHR074W,YDR402C,,,
26,0.135849792718073,0.129723651191358,YBR068C,YMR083W,YDR046C,YBR069C,YPL061W,YGR087C,YFL053W,YML070W,YLR044C,YLR134W,YDR380W,YMR009W,YKL192C,YMR289W,YHR002W,YCL025C,YKR039W,YOL020W,YOL059W,YGR191W,YJR078W,YJL121C,YLR348C,YML120C,YBR180W,YLR328W,,
28,0.108611439641573,0.123605791496537,YDL168W,YMR303C,YBR068C,YDR046C,YBR069C,YDR035W,YGR087C,YLR044C,YLR134W,YDR380W,YDL080C,YKL192C,YPL148C,YCL025C,YKR039W,YOL020W,YOR120W,YOL059W,YGR191W,YMR020W,YBR166C,YJR078W,YJL121C,YLR348C,YML120C,YEL046C,YFR047C,YKL184W
