Deletion size,Max growth rate,Min production rate,Deleted genes,,
3,0.245540565721166,0.138659214915721,YMR009W,YBR263W,YGR208W
3,0.245540565290956,0.138659212397727,YMR189W,YPR069C,YOR184W
3,0.245540565443615,0.138659212282148,YMR189W,YGR208W,YLR017W
3,0.245540565467903,0.138659211884908,YBR263W,YGR208W,YKL184W
3,0.245540565471376,0.138659211589178,YBR263W,YPR069C,YOR184W
3,0.245540565499123,0.138659209511235,YOL052C,YBR263W,YOR184W
