Deletion size,Max growth rate,Min production rate,Deleted genes,
2,0.258387679476857,0.0350718210502,UNKNOWN,YBR291C
2,0.276149366271093,0.0140007729642093,YFR055W,YLR303W
2,0.276149366154868,0.0140007728640518,YFR055W,YNL277W
