Deletion size,Max growth rate,Min production rate,Deleted genes,,,,,,,,,,,,,,,,
11,0.142643700038656,0.144321194571046,YOL086C,YDL168W,YGL256W,YBR145W,YPL061W,YHR183W,YGR256W,YPL262W,YIL053W,YER062C,YLR348C,,,,,,
14,0.207380389583022,0.03526503340598,YOL086C,YDL168W,YGL256W,YBR145W,YCR032W,YCR010C,YER170W,YML042W,YEL047C,YOR120W,YHR183W,YGR256W,YMR250W,YKL085W,,,
17,0.174756865019134,0.0297174808895279,YOL086C,YDL168W,YMR303C,YGL256W,YBR145W,YGR019W,YCR032W,YCR010C,YML042W,YOR120W,YHR183W,YGR256W,YMR267W,YKL174C,YKL085W,YOR377W,YGR177C
