Deletion size,Max growth rate,Min production rate,Deleted genes,,
2,0.216414285768842,0.0881238970904173,UNKNOWN,YBR291C,
2,0.273148472381557,0.0189291892037666,YLR043C,YDR353W,
2,0.155143408471872,0.158060104494385,YNR001C,YPR001W,
3,0.15514340848575,0.15806010461472,YKL106W,YKL085W,YKL120W
