Deletion size,Max growth rate,Min production rate,Deleted genes,,,
2,0.20331848267636,0.103570434908083,YNR001C,YPR001W,,
2,0.273540197569359,0.0189563357000692,YLR043C,YDR353W,,
4,0.236773209637537,0.0603061365435336,YKL106W,YPL262W,YOL126C,YKL120W
