Deletion size,Max growth rate,Min production rate,Deleted genes,,
3,0.245540565290956,0.138659212397727,YMR189W,YPR069C,YOR184W
3,0.245540565471376,0.138659211589178,YMR009W,YBR263W,YGR208W
