Deletion size,Max growth rate,Min production rate,Deleted genes,,,,,,,,,,,,,,
14,0.155915511312535,0.3124687228188,YBR068C,YMR083W,YDR046C,YBR069C,YGR087C,YLR044C,YLR134W,YKL192C,YCL025C,YKR039W,YOL059W,YJL121C,YLR348C,YML120C,
15,0.156204998064716,0.313048875006671,YBR068C,YMR083W,YDR046C,YBR069C,YGR087C,YLR044C,YLR134W,YKL192C,YCL025C,YKR039W,YOL059W,YOR375C,YAL062W,YLR348C,YML120C
