Deletion size,Max growth rate,Min production rate,Deleted genes,,,,,
6,0.266743134136315,0.0398344192990636,YLR027C,YLR348C,YKL141W,YMR118C,YDL085W,YMR145C
3,0.243055507271635,0.0362969940470066,YLR027C,YHR208W,YGR244C,,,
