Deletion size,Max growth rate,Min production rate,Deleted genes,,,,,,,,,
9,0.159836277217916,0.346651330357417,YMR083W,YGR087C,YLR044C,YLR134W,YKL192C,YOL059W,YJL121C,YLR348C,YML120C,
10,0.160077933634147,0.347175380215049,YMR083W,YGR087C,YLR044C,YLR134W,YKL192C,YOL059W,YOR375C,YAL062W,YLR348C,YML120C
