Deletion size,Max growth rate,Min production rate,Deleted genes,,,,,,,,
4,0.267913165116488,0.0400091479823459,YLR027C,YHR208W,YLR164W,YDR178W,,,,,
9,0.131308451800178,0.0471996598600986,YHR104W,YGR087C,YLR044C,YLR134W,YOR375C,YAL062W,YGR244C,YLR348C,YKL085W
