Deletion size,Max growth rate,Min production rate,Deleted genes,,,
2,0.156818862554609,0.159767057033836,YNR001C,YPR001W,,
2,0.217325680183885,0.0884950169423211,UNKNOWN,YBR291C,,
3,0.156818862499097,0.159767057207884,YKL106W,YKL085W,YKL120W,
4,0.246081307883877,0.0501021542759587,YDR035W,YPL262W,YLR348C,YOL126C
4,0.202684906848907,0.103247691558018,YKL106W,YPL262W,YOL126C,YKL120W
4,0.217306337445801,0.0884871406465324,YDR035W,YLR348C,YKL085W,YKL029C
4,0.217306337430187,0.0884871404850855,YBR291C,YLR348C,YKL085W,YKL029C
4,0.246081307897751,0.050102154260409,YBR291C,YPL262W,YLR348C,YOL126C
