Deletion size,Max growth rate,Min production rate,Deleted genes,,,,,,,,,,,,,,
10,0.244154985441121,0.137876762082591,YPL061W,YMR009W,YJR048W,YEL039C,YEL047C,YOR120W,YLR231C,YMR250W,YBR166C,YJL121C,,,,,
15,0.193800881013601,0.00137986269469926,YPL061W,YFL053W,YML070W,YKL106W,YKL192C,YLL043W,YDR272W,YIL155C,YGR208W,YJL121C,YBR006W,YDL085W,YMR145C,YML120C,YKL184W
4,0.184796105601296,0.0346643176554957,YER081W,YIL074C,YBR263W,YKL184W,,,,,,,,,,,
