Deletion size,Max growth rate,Min production rate,Deleted genes,,,,,
3,0.266743134136315,0.0398344221851162,YLR027C,YHR208W,YGR244C,,,
6,0.243055507271635,0.0362970068782759,YLR027C,YLR348C,YKL141W,YMR118C,YDL085W,YMR145C
