Deletion size,Max growth rate,Min production rate,Deleted genes,,,,,,,,,,,,,,
14,0.157214479301311,0.315071970492887,YBR068C,YMR083W,YDR046C,YBR069C,YGR087C,YLR044C,YLR134W,YKL192C,YCL025C,YKR039W,YOL059W,YJL121C,YLR348C,YML120C,
15,0.157508814234581,0.3156618399424,YBR068C,YMR083W,YDR046C,YBR069C,YGR087C,YLR044C,YLR134W,YKL192C,YCL025C,YKR039W,YOL059W,YOR375C,YAL062W,YLR348C,YML120C
