Deletion size,Max growth rate,Min production rate,Deleted genes,,,
4,0.20331848267636,0.103570434908083,YKL106W,YPL262W,YOL126C,YKL120W
2,0.273540197569359,0.0189563357000692,YNR001C,YPR001W,,
2,0.236773209637537,0.0603061365435336,YLR043C,YDR353W,,
