Deletion size,Max growth rate,Min production rate,Deleted genes,
2,0.155143408471872,0.158060104475762,YLR043C,YDR353W
2,0.216414285768842,0.0881238971443713,YNR001C,YPR001W
2,0.273148472381557,0.0189291891697568,UNKNOWN,YBR291C
