Deletion size,Max growth rate,Min production rate,Deleted genes,,,,,,
5,0.273459405237775,0.340411866539008,YPL061W,YFL053W,YML070W,YDL171C,YJL121C,,
7,0.273459405237775,0.340411866539008,YGR087C,YLR044C,YLR134W,YGR019W,YIL053W,YER062C,YJL121C
4,0.160868488119433,0.00666076684714449,YPL061W,YOR120W,YDL171C,YJL121C,,,
