Deletion size,Max growth rate,Min production rate,Deleted genes,,,,,,,,,,,,,,,,,,,
15,0.116126592659303,0.0560379451074652,YHR104W,YGR087C,YLR044C,YLR134W,YDR380W,YDL080C,YLL043W,YOR323C,YMR250W,YKL174C,YLR348C,YLR164W,YDR178W,YDL085W,YMR145C,,,,,
15,0.116126592655401,0.0560379439883673,YHR104W,YGR087C,YLR044C,YLR134W,YDR380W,YDL080C,YLL043W,YOR323C,YMR250W,YLR348C,YLR164W,YDR178W,YDL085W,YMR145C,YKL184W,,,,,
20,0.154546393569342,0.0174863729901169,YOL086C,YDL168W,YMR303C,YGL256W,YBR145W,YOR374W,YER073W,YAL060W,YIL053W,YER062C,YOR323C,YMR189W,YMR250W,YDL171C,YLR348C,YKL085W,YLR164W,YDR178W,YDL085W,YMR145C
