Deletion size,Max growth rate,Min production rate,Deleted genes,,,,,,,,
3,0.266677153207396,0.0398245748299944,YLR027C,YHR208W,YGR244C,,,,,,
6,0.236565802389746,0.0600129856252104,YBR263W,YLR348C,YLR164W,YDR178W,YDL085W,YMR145C,,,
9,0.216531058911653,0.0323359397564,YOL086C,YDL168W,YGL256W,YBR145W,YLR027C,YHR208W,YKL085W,YLR164W,YDR178W
