Deletion size,Max growth rate,Min production rate,Deleted genes,,,,,,,,
3,0.266677153207396,0.0398245748299944,YLR027C,YHR208W,YGR244C,,,,,,
6,0.236565802389746,0.0600129856252104,YBR263W,YLR348C,YLR164W,YDR178W,YDL085W,YMR145C,,,
6,0.242984035707152,0.0362863300890575,YLR027C,YLR348C,YLR164W,YDR178W,YDL085W,YMR145C,,,
9,0.159455588899046,0.0238125030471443,YGR087C,YLR044C,YLR134W,YLR027C,YHR208W,YLR348C,YKL085W,YLR164W,YDR178W
6,0.26625900428571,0.0397621211679082,YLR027C,YKR039W,YHR208W,YNL268W,YLR164W,YDR178W,,,
6,0.231979291742185,0.0399664706435294,YLR348C,YKL085W,YLR164W,YDR178W,YDL085W,YMR145C,,,
9,0.216531058911653,0.0323359397564,YOL086C,YDL168W,YGL256W,YBR145W,YLR027C,YHR208W,YKL085W,YLR164W,YDR178W
