Deletion size,Max growth rate,Min production rate,Deleted genes,,,,,,,,,,,
3,0.274485191515392,0.327924715037466,YLR027C,YHR208W,YGR244C,,,,,,,,,
3,0.27448519152233,0.327924715033347,YLR027C,YDR148C,YHR208W,,,,,,,,,
12,0.134727509628222,0.0111567880274054,YGR087C,YLR044C,YLR134W,YDR380W,YDL080C,YIL053W,YER062C,YMR250W,YJL121C,YLR348C,YJL045W,YKL148C
7,0.270237123883578,0.0223783267634119,YPL061W,YLR027C,YDR148C,YIL053W,YER062C,YMR250W,YJL121C,,,,,
8,0.270075284922242,0.0223649154244909,YPL061W,YFL053W,YML070W,YLR027C,YMR250W,YJL121C,YJL045W,YKL148C,,,,
