Deletion size,Max growth rate,Min production rate,Deleted genes,,
2,0.287865703735241,999999,YCR010C,YKL174C,
3,0.287865703710955,999999,YCR032W,YOR273C,YLL028W
3,0.2878657036832,999999,YCR010C,YOR273C,YLL028W
