Deletion size,Max growth rate,Min production rate,Deleted genes,,,,,,,,,,
3,0.244154985441114,0.137876762052825,YOL052C,YMR189W,YGR208W,,,,,,,,
10,0.176188405116735,0.0714458397997427,YPL061W,YFL053W,YML070W,YEL047C,YLL043W,YDR272W,YBL045C,YLR231C,YJL121C,YPR069C,
11,0.18193399281533,0.0579769056824563,YPL061W,YFL053W,YML070W,YEL047C,YIL111W,YNL052W,YDL198C,YMR250W,YJL121C,YPR069C,YOR184W
