Deletion size,Max growth rate,Min production rate,Deleted genes,,,,,,,,,,,,,,,
5,0.264599097169835,0.0395142369770471,YLR027C,YKR039W,YHR208W,YGR244C,YNL268W,,,,,,,,,,,
6,0.264058020669327,0.0394334345347772,YLR027C,YKR039W,YHR208W,YNL268W,YKL141W,YMR118C,,,,,,,,,,
9,0.159632195256542,0.0238388761449058,YGR087C,YLR044C,YLR134W,YLR027C,YHR208W,YLR348C,YKL085W,YKL141W,YMR118C,,,,,,,
10,0.179600296434639,0.0268208252583688,YOL086C,YDL168W,YGL256W,YBR145W,YMR083W,YPL061W,YLR027C,YAL060W,YHR208W,YGR244C,,,,,,
11,0.179600296462396,0.0268208301797607,YOL086C,YDL168W,YGL256W,YBR145W,YMR083W,YPL061W,YLR027C,YAL060W,YHR208W,YKL141W,YMR118C,,,,,
12,0.162184428650694,0.00803461455004895,YHR104W,YGR087C,YLR044C,YLR134W,YOR348C,YKR039W,YLL043W,YBR263W,YMR250W,YGR244C,YLR348C,YKL085W,,,,
12,0.156432826470045,0.00774967217954903,YHR104W,YGR087C,YLR044C,YLR134W,YIL053W,YER062C,YOR323C,YBR263W,YMR250W,YGR244C,YLR348C,YKL085W,,,,
16,0.134976125282418,0.0306098119903289,YHR104W,YGR087C,YLR044C,YLR134W,YDL210W,YOR348C,YFL055W,YPL265W,YCL025C,YKR039W,YOL020W,YDR536W,YLR348C,YKL085W,YKL141W,YMR118C
