Deletion size,Max growth rate,Min production rate,Deleted genes,,,,,
6,0.26674313410856,0.0398344193667422,YMR189W,YLR348C,YJL045W,YKL148C,YDL085W,YMR145C
3,0.236588768856324,0.0600113474224765,YLR027C,YHR208W,YGR244C,,,
6,0.232058083411331,0.0399581328607844,YLR348C,YKL085W,YJL045W,YKL148C,YDL085W,YMR145C
