Deletion size,Max growth rate,Min production rate,Deleted genes,,,,,,,,,
9,0.171524856282199,1.06310647285295,YBR068C,YDR046C,YBR069C,YGR087C,YLR044C,YLR134W,YCL025C,YKR039W,YNL104C,
10,0.172808594441208,1.06170771113845,YBR068C,YDR046C,YBR069C,YGR087C,YLR044C,YLR134W,YDR380W,YDL080C,YCL025C,YKR039W
