Deletion size,Max growth rate,Min production rate,Deleted genes,,,,,,,,,
10,0.159836277217916,0.346651322208345,YMR083W,YGR087C,YLR044C,YLR134W,YKL192C,YOL059W,YOR375C,YAL062W,YLR348C,YML120C
9,0.160077933634147,0.347175498725846,YMR083W,YGR087C,YLR044C,YLR134W,YKL192C,YOL059W,YJL121C,YLR348C,YML120C,
