Deletion size,Max growth rate,Min production rate,Deleted genes,,,
3,0.268470172580307,0.040092327966704,YLR027C,YHR208W,YGR244C,
4,0.267913165116486,0.0400091479823459,YLR027C,YHR208W,YKL141W,YMR118C
