Deletion size,Max growth rate,Min production rate,Deleted genes,,,,,,,,,
3,0.280566175566126,0.335189602094013,YLR027C,YDR148C,YHR208W,,,,,,,
3,0.280566175576534,0.335189601262306,YLR027C,YHR208W,YGR244C,,,,,,,
4,0.280424799864204,0.335020701566266,YLR027C,YHR208W,YKL141W,YMR118C,,,,,,
10,0.160168806189354,0.0132635873700666,YGR087C,YFL053W,YML070W,YLR044C,YLR134W,YLR027C,YMR250W,YJL121C,YKL141W,YMR118C
