Deletion size,Max growth rate,Min production rate,Deleted genes,,,,,,,,,,,,,,,,,,,,
17,0.148503224278558,0.306071085273288,YPL061W,YNL270C,YEL063C,YOR348C,YPL265W,YJL060W,YKR039W,YOL020W,YEL047C,YBL045C,YIL053W,YER062C,YBR263W,YMR020W,YML004C,YKL174C,YJL121C,,,,
18,0.14490474213573,0.121867045379344,YBR069C,YPL061W,YEL063C,YCL050C,YCR032W,YGR088W,YHR002W,YJL060W,YCL025C,YKR039W,YEL047C,YBL045C,YIL053W,YER062C,YGR191W,YML004C,YKL174C,YJL121C,,,
21,0.143470731062442,0.295319445313808,YBR069C,YPL061W,YEL063C,YCR032W,YGR088W,YHR002W,YCL025C,YKR039W,YIL111W,YNL052W,YPL262W,YIL155C,YIL053W,YER062C,YGR191W,YJR078W,YKL174C,YJL121C,YLR164W,YDR178W,YHR074W
