Deletion size,Max growth rate,Min production rate,Deleted genes,,,,,,,,,
5,0.201126002144946,0.204272956492756,YMR083W,YJR048W,YEL039C,YEL047C,YJR077C,,,,,
9,0.202218016611274,0.212837160926224,YMR083W,YKL192C,YIL155C,YBR263W,YML004C,YLR348C,YDL085W,YMR145C,YML120C,
10,0.202236056663073,0.0642908262423783,YHR104W,YMR083W,YKL192C,YDR272W,YIL155C,YOL151W,YLR348C,YDL085W,YMR145C,YML120C
