Deletion size,Max growth rate,Min production rate,Deleted genes,,
3,0.274485191515395,0.327924712451039,YLR027C,YDR148C,YHR208W
3,0.274485191515393,0.32792471288754,YLR027C,YHR208W,YGR244C
