Deletion size,Max growth rate,Min production rate,Deleted genes,,,,,,,,,
10,0.259345759184853,0.497930488389172,YGR087C,YLR044C,YLR134W,YDR380W,YDL080C,YIL053W,YER062C,YMR250W,YDL171C,YJL121C
5,0.259345759184853,0.497930488389172,YPL061W,YOR120W,YDL171C,YJL121C,YBR006W,,,,,
6,0.124678603579188,0.289230114207321,YPL061W,YFL053W,YML070W,YDL171C,YJL121C,YBR006W,,,,
