Deletion size,Max growth rate,Min production rate,Deleted genes,,,
3,0.273927256681863,0.327258160329675,YLR027C,YDR148C,YHR208W,
3,0.273927256645435,0.327258157912367,YLR027C,YHR208W,YGR244C,
4,0.27390297223684,0.327229146082413,YLR027C,YHR208W,YKL141W,YDR178W
