Deletion size,Max growth rate,Min production rate,Deleted genes,,
2,0.201706064780778,0.102749069392454,YNR001C,YPR001W,
2,0.246587811733419,0.0502052784632865,UNKNOWN,YBR291C,
3,0.201576213704176,0.102682923285524,YKL106W,YKL085W,YKL120W
