Deletion size,Max growth rate,Min production rate,Deleted genes,,,,,,,,,,,
2,0.201384901206362,0.102585468664843,YNR001C,YPR001W,,,,,,,,,,
2,0.265614449879637,0.0269333051983267,YFR055W,YLR303W,,,,,,,,,,
12,0.25053851807663,0.0128586010291764,YML035C,YPL111W,YCR010C,YNL141W,YBR291C,YNL037C,YDL066W,YKL174C,YLR348C,YOL126C,YLR164W,YDR178W
2,0.265614449910862,0.0269333052209614,YFR055W,YNL277W,,,,,,,,,,
3,0.20128379622371,0.102533965806784,YKL106W,YKL085W,YKL120W,,,,,,,,,
2,0.280558495514107,0.00972135187524564,YLR043C,YDR353W,,,,,,,,,,
2,0.246469641791243,0.0501812191094179,UNKNOWN,YBR291C,,,,,,,,,,
