Deletion size,Max growth rate,Min production rate,Deleted genes,,,,,,,,,,,
2,0.201384901206362,0.102585468607139,YNR001C,YPR001W,,,,,,,,,,
12,0.265614449879637,0.0269333050854858,YML035C,YPL111W,YCR010C,YNL141W,YBR291C,YNL037C,YDL066W,YKL174C,YLR348C,YOL126C,YLR164W,YDR178W
2,0.25053851807663,0.0128585961511832,YFR055W,YLR303W,,,,,,,,,,
