Deletion size,Max growth rate,Min production rate,Deleted genes,,
2,0.287865703707487,1.50644152253863,YCR010C,YKL174C,
2,0.287865703704018,1.50644152194252,YCR032W,YKL174C,
3,0.287865703704018,1.50644153346761,YCR010C,YOR273C,YLL028W
3,0.287865703648506,1.50644150568307,YCR032W,YOR273C,YLL028W
