Deletion size,Max growth rate,Min production rate,Deleted genes,,,
3,0.266347737575728,0.318202978557951,YLR027C,YHR208W,YGR244C,
3,0.266347737584415,0.31820297806708,YLR027C,YDR148C,YHR208W,
4,0.266324778435568,0.318175549019239,YLR027C,YHR208W,YJL045W,YKL148C
