Deletion size,Max growth rate,Min production rate,Deleted genes,,,,,,,,,,,,,,
13,0.160486796495217,0.490573452403669,YHR104W,YBR068C,YDR046C,YBR069C,YGR087C,YLR044C,YLR134W,YDR380W,YDL080C,YDR508C,YCL025C,YKR039W,YLL043W,,
14,0.160486796491747,0.490573455113918,YHR104W,YBR068C,YDR046C,YBR069C,YGR087C,YLR044C,YLR134W,YDR380W,YDL080C,YDR508C,YCL025C,YKR039W,YIL053W,YER062C,
15,0.162156076946072,0.324137243791483,YBR068C,YMR083W,YDR046C,YBR069C,YGR087C,YLR044C,YLR134W,YDR380W,YDL080C,YKL192C,YCL025C,YKR039W,YOL059W,YLR348C,YML120C
