Deletion size,Max growth rate,Min production rate,Deleted genes,,,,
5,0.265849450576855,0.694926471986777,YGL008C,YPL036W,YCR010C,YOR273C,YLL028W
4,0.265849450575118,0.694926473707748,YGL008C,YPL036W,YCR010C,YKL174C,
4,0.265849450590734,0.694926474264454,YGL008C,YPL036W,YCR032W,YKL174C,
