Deletion size,Max growth rate,Min production rate,Deleted genes,,,,,,,,
6,0.188890637500146,3.01684898760473,YOL086C,YDL168W,YGL256W,YBR145W,YEL047C,YLR348C,,,
6,0.189502598016533,2.96344751987325,YOL086C,YDL168W,YGL256W,YBR145W,YPL262W,YLR348C,,,
7,0.185655281448013,3.6068510128715,YOL086C,YDL168W,YMR303C,YGL256W,YBR145W,YMR083W,YEL047C,,
7,0.186246425107556,3.55624574965397,YOL086C,YDL168W,YMR303C,YGL256W,YBR145W,YMR083W,YPL262W,,
7,0.18855698991406,3.05365718429228,YOL086C,YDL168W,YMR303C,YGL256W,YBR145W,YEL047C,YKL085W,,
7,0.189166786862356,3.00046935127983,YOL086C,YDL168W,YMR303C,YGL256W,YBR145W,YPL262W,YKL085W,,
8,0.188890637514026,3.01684906250034,YOL086C,YDL168W,YGL256W,YBR145W,YIL155C,YLR348C,YKL148C,YDR178W,
9,0.18565528146189,3.606851072109,YOL086C,YDL168W,YMR303C,YGL256W,YBR145W,YMR083W,YIL155C,YKL148C,YDR178W
9,0.188556989900182,3.05365718480354,YOL086C,YDL168W,YMR303C,YGL256W,YBR145W,YIL155C,YKL085W,YKL148C,YDR178W
