Deletion size,Max growth rate,Min production rate,Deleted genes,,
2,0.222833506625462,0.0756742588195961,YLR043C,YDR353W,
2,0.2583876794491,0.0350718210238913,YFR055W,YNL277W,
2,0.276149366182623,0.014000772865459,UNKNOWN,YBR291C,
2,0.276149366210379,0.014000772847794,YNR001C,YPR001W,
2,0.28313739268805,0.00654047375253392,YFR055W,YLR303W,
3,0.22266853528054,0.0756182345971163,YKL106W,YKL085W,YKL120W
