Deletion size,Max growth rate,Min production rate,Deleted genes,,,,,,,,,,,,,,,,,
11,0.228657521432009,0.00313486823025128,YOL086C,YDL168W,YMR303C,YGL256W,YBR145W,YMR083W,YKL192C,YOL059W,YLR348C,YML120C,YEL046C,,,,,,,
14,0.169772950172995,0.340240305198965,YBR068C,YMR083W,YDR046C,YBR069C,YGR087C,YLR044C,YLR134W,YLR027C,YKL192C,YCL025C,YKR039W,YOL059W,YLR348C,YML120C,,,,
14,0.157214479301311,0.315071970492887,YBR068C,YMR083W,YDR046C,YBR069C,YGR087C,YLR044C,YLR134W,YKL192C,YCL025C,YKR039W,YOL059W,YJL121C,YLR348C,YML120C,,,,
15,0.157508814234581,0.3156618399424,YBR068C,YMR083W,YDR046C,YBR069C,YGR087C,YLR044C,YLR134W,YKL192C,YCL025C,YKR039W,YOL059W,YOR375C,YAL062W,YLR348C,YML120C,,,
16,0.161780488544679,0.324222644213135,YBR068C,YMR083W,YDR046C,YBR069C,YGR087C,YLR044C,YLR134W,YOR348C,YKL192C,YPL265W,YCL025C,YKR039W,YOL020W,YOL059W,YLR348C,YML120C,,
17,0.129941239980282,0.255980694895375,YDL168W,YMR303C,YBR068C,YDR046C,YBR069C,YGR087C,YLR044C,YLR134W,YDR380W,YDL080C,YKL192C,YCL025C,YKR039W,YOL059W,YJL121C,YLR348C,YML120C,
18,0.158445001498848,0.317537986622862,YDL168W,YMR303C,YBR068C,YDR046C,YBR069C,YGR087C,YLR044C,YLR134W,YDR380W,YDL080C,YLR027C,YKL192C,YCL025C,YKR039W,YOL059W,YLR348C,YML120C,YEL046C
18,0.130288251137772,0.260435798903678,YDL168W,YMR303C,YBR068C,YDR046C,YBR069C,YGR087C,YLR044C,YLR134W,YDR380W,YDL080C,YKL192C,YCL025C,YKR039W,YOL059W,YOR375C,YAL062W,YLR348C,YML120C
