Deletion size,Max growth rate,Min production rate,Deleted genes,,
2,0.216158597957664,0.0880197811621892,UNKNOWN,YBR291C,
3,0.273109361582971,0.01892647876706,YKL106W,YKL085W,YKL120W
2,0.154385576195343,0.157288024969613,YLR043C,YDR353W,
