Deletion size,Max growth rate,Min production rate,Deleted genes,,,,,,,,,,,,,,
6,0.171016218181618,0.203820218945315,YGR087C,YLR044C,YLR134W,YNL104C,YGR244C,YLR348C,,,,,,,,,
8,0.223943032942866,1.05381288378049,YHR037W,YOR323C,YER065C,YLR348C,YKL148C,YKL141W,YDL085W,YMR145C,,,,,,,
15,0.130224227478542,1.79750476052723,YHR104W,YGR087C,YLR044C,YLR134W,YOR348C,YFL055W,YPL265W,YCL025C,YKR039W,YOL020W,YDR536W,YMR250W,YGR244C,YLR348C,YKL085W
