Deletion size,Max growth rate,Min production rate,Deleted genes,,,
4,0.273649138876519,0.326925891061773,YLR027C,YHR208W,YJL045W,YKL148C
3,0.273624903781973,0.326896936487489,YLR027C,YHR208W,YGR244C,
