Deletion size,Max growth rate,Min production rate,Deleted genes,,,,,,,,,,,,,,,
1,0.287628310612152,0.0149883144561939,YER065C,,,,,,,,,,,,,,,
1,0.287628310518479,0.0149883120683325,YFL030W,,,,,,,,,,,,,,,
4,0.176148199992103,0.00917908500611599,YGR087C,YLR044C,YLR134W,YEL046C,,,,,,,,,,,,
4,0.1753659339022,0.00913830416553028,YGR087C,YLR044C,YLR134W,YLR027C,,,,,,,,,,,,
5,0.281751466708376,0.0146820685659613,YMR083W,YKL192C,YOL059W,YLR348C,YML120C,,,,,,,,,,,
6,0.28236958597579,0.0147142758072077,YMR083W,YKL192C,YLR348C,YKL148C,YDR178W,YML120C,,,,,,,,,,
16,0.164771463297076,0.131727343501111,YDL168W,YMR303C,YBR068C,YDR046C,YBR069C,YGR087C,YLR044C,YLR134W,YDR380W,YDL080C,YKL192C,YCL025C,YKR039W,YOL059W,YLR348C,YML120C
