Deletion size,Max growth rate,Min production rate,Deleted genes,,,,,,,,,,
9,0.134817040877177,3.1650858144738,YGR087C,YLR044C,YLR134W,YDR380W,YDL080C,YDR148C,YMR250W,YJL121C,YLR348C,,
10,0.134817040877177,3.16508581465325,YGR087C,YLR044C,YLR134W,YDR380W,YDL080C,YGR019W,YJL121C,YLR348C,YKL141W,YDR178W,
11,0.133705698369834,3.51818851024046,YBR068C,YDR046C,YBR069C,YGR087C,YLR044C,YLR134W,YDR380W,YDL080C,YCL025C,YKR039W,YJL121C
