Deletion size,Max growth rate,Min production rate,Deleted genes,,,,,,,,,,
5,0.281450155311866,0.258562399307266,YMR083W,YKL192C,YIL155C,YLR348C,YML120C,,,,,,
6,0.201820277258858,0.0506474504528503,YMR083W,YJR048W,YEL039C,YML042W,YEL047C,YLR348C,,,,,
11,0.192138543454676,0.274899138015355,YMR083W,YPL061W,YKL192C,YOR120W,YIL155C,YJR077C,YML004C,YJL121C,YDL085W,YMR145C,YML120C
