Deletion size,Max growth rate,Min production rate,Deleted genes,,,,,
5,0.157996283760083,4.57420911354394,YGR087C,YLR044C,YLR134W,YNL104C,YJL121C,
6,0.159157849085699,4.56862815640265,YGR087C,YLR044C,YLR134W,YDR380W,YDL080C,YJL121C
