Deletion size,Max growth rate,Min production rate,Deleted genes,,,,,,,,,,,,,,
5,0.264404418778504,0.0394851644000159,YLR027C,YKR039W,YHR208W,YGR244C,YNL268W,,,,,,,,,,
15,0.158398098764182,0.0140082586040251,YHR104W,YGR087C,YLR044C,YLR134W,YFL055W,YPL265W,YCL025C,YKR039W,YLL043W,YDR536W,YDR300C,YMR250W,YGR244C,YLR348C,YKL085W
13,0.156382850488002,0.00774720871166334,YHR104W,YGR087C,YLR044C,YLR134W,YMR009W,YLL043W,YOR323C,YMR189W,YMR250W,YLR348C,YKL085W,YKL148C,YKL141W,,
8,0.159486396758997,0.0238171019459109,YGR087C,YLR044C,YLR134W,YLR027C,YHR208W,YGR244C,YLR348C,YKL085W,,,,,,,
5,0.244783799755717,0.0392500004531077,YLR348C,YKL148C,YKL141W,YDL085W,YMR145C,,,,,,,,,,
