Deletion size,Max growth rate,Min production rate,Deleted genes,,,
2,0.201706064780778,0.102749069377214,YNR001C,YPR001W,,
3,0.201576213703743,0.102682923285361,YKL106W,YKL085W,YKL120W,
4,0.264049702239346,0.02688025965746,YBR291C,YPL262W,YLR348C,YOL126C
2,0.265668582249929,0.0269387942401428,YFR055W,YLR303W,,
2,0.265668582354013,0.0269387941807509,YFR055W,YNL277W,,
4,0.246285425507092,0.050143712607678,YBR291C,YLR348C,YKL085W,YKL029C
2,0.246587811672704,0.05020527845387,UNKNOWN,YBR291C,,
2,0.280579130793028,0.00972206690213105,YLR043C,YDR353W,,
