Deletion size,Max growth rate,Min production rate,Deleted genes,,,,,,,,,,,
8,0.142411366548519,1.53289985560251,YGR087C,YLR044C,YLR134W,YLR348C,YLR164W,YDR178W,YDL085W,YMR145C,,,,
7,0.171114107443729,0.0656007714229627,YGR087C,YLR044C,YLR134W,YDR380W,YDL080C,YGR244C,YLR348C,,,,,
7,0.168637429633627,0.23281779382186,YGR087C,YLR044C,YLR134W,YLR027C,YNL104C,YGR244C,YLR348C,,,,,
9,0.166989952973345,0.00873650566303585,YGR087C,YLR044C,YLR134W,YOL064C,YMR189W,YDR300C,YNL104C,YGR244C,YLR348C,,,
12,0.159099856288281,0.0907903331386776,YOL086C,YDL168W,YMR303C,YGL256W,YBR145W,YAL060W,YER065C,YLR348C,YLR164W,YDR178W,YDL085W,YMR145C
