Deletion size,Max growth rate,Min production rate,Deleted genes,,,,,,,,,
6,0.266743134136315,0.0398344221851162,YLR027C,YKR039W,YHR208W,YNL268W,YKL141W,YMR118C,,,,
10,0.266324778338419,0.0397719437107495,YGR087C,YLR044C,YLR134W,YLR027C,YHR208W,YKL085W,YKL141W,YMR118C,YDL085W,YMR145C
3,0.243055507271635,0.0362970068782759,YLR027C,YHR208W,YGR244C,,,,,,,
6,0.143963801176575,0.0214990088581395,YLR027C,YLR348C,YKL141W,YMR118C,YDL085W,YMR145C,,,,
