Deletion size,Max growth rate,Min production rate,Deleted genes,,,,,,,,,
7,0.188890637514025,3.01684903179569,YOL086C,YDL168W,YGL256W,YBR145W,YEL047C,YLL043W,YLR348C,,,
7,0.189502597995716,2.96344749095551,YOL086C,YDL168W,YGL256W,YBR145W,YLL043W,YPL262W,YLR348C,,,
8,0.185655281461891,3.60685107167974,YOL086C,YDL168W,YMR303C,YGL256W,YBR145W,YMR083W,YEL047C,YLL043W,,
8,0.186246425128373,3.5562457376843,YOL086C,YDL168W,YMR303C,YGL256W,YBR145W,YMR083W,YLL043W,YPL262W,,
8,0.189166786966439,3.00046941224744,YOL086C,YDL168W,YMR303C,YGL256W,YBR145W,YLL043W,YPL262W,YKL085W,,
8,0.188556989914058,3.05365719958006,YOL086C,YDL168W,YMR303C,YGL256W,YBR145W,YEL047C,YLL043W,YKL085W,,
9,0.188890637486269,3.0168490276481,YOL086C,YDL168W,YGL256W,YBR145W,YLL043W,YIL155C,YLR348C,YKL141W,YDR178W,
10,0.18565528146189,3.60685105186931,YOL086C,YDL168W,YMR303C,YGL256W,YBR145W,YMR083W,YLL043W,YIL155C,YKL141W,YDR178W
10,0.188556989927938,3.05365721959219,YOL086C,YDL168W,YMR303C,YGL256W,YBR145W,YLL043W,YIL155C,YKL085W,YKL141W,YDR178W
