Deletion size,Max growth rate,Min production rate,Deleted genes,,,,,,,,,,,
5,0.264599097169835,0.0395142369770471,YLR027C,YKR039W,YHR208W,YGR244C,YNL268W,,,,,,,
12,0.162184428650694,0.00803461455004895,YHR104W,YGR087C,YLR044C,YLR134W,YIL053W,YER062C,YOR323C,YBR263W,YMR250W,YGR244C,YLR348C,YKL085W
12,0.156432826470045,0.00774967217954903,YHR104W,YGR087C,YLR044C,YLR134W,YOR348C,YKR039W,YLL043W,YBR263W,YMR250W,YGR244C,YLR348C,YKL085W
