Deletion size,Max growth rate,Min production rate,Deleted genes,,
2,0.216158597957664,0.0880197810842684,UNKNOWN,YBR291C,
2,0.273109361582971,0.0189264787628231,YLR043C,YDR353W,
3,0.154385576195343,0.157288025029268,YKL106W,YKL085W,YKL120W
