Deletion size,Max growth rate,Min production rate,Deleted genes,,,
3,0.276455990460046,0.330279207320441,YLR027C,YDR148C,YHR208W,
4,0.276431255663141,0.33024965487973,YLR027C,YHR208W,YKL148C,YDR178W
