Deletion size,Max growth rate,Min production rate,Deleted genes,,,,,,,,,,,
11,0.117229474791926,0.786267333015813,YGR087C,YLR044C,YLR134W,YDR380W,YDL080C,YJL121C,YLR348C,YKL141W,YDR178W,YDL085W,YMR145C,
12,0.163933427348058,0.87336148973377,YHR104W,YBR068C,YDR046C,YBR069C,YGR087C,YLR044C,YLR134W,YDR380W,YDL080C,YCL025C,YKR039W,YLL043W
