Deletion size,Max growth rate,Min production rate,Deleted genes,,,,,,,,,,,,,,,,,,,,,
15,0.116126592788975,0.0560379541468293,YHR104W,YGR087C,YLR044C,YLR134W,YDR380W,YDL080C,YLL043W,YDR300C,YMR250W,YLR348C,YKL148C,YDR178W,YDL085W,YMR145C,YKL184W,,,,,,,
16,0.116126592658871,0.0560379416316575,YHR104W,YGR087C,YLR044C,YLR134W,YDR380W,YDL080C,YIL053W,YER062C,YOR323C,YMR250W,YKL174C,YLR348C,YKL148C,YDR178W,YDL085W,YMR145C,,,,,,
16,0.116126592658871,0.0560379416316575,YHR104W,YGR087C,YLR044C,YLR134W,YDR380W,YDL080C,YIL053W,YER062C,YDR300C,YMR250W,YKL174C,YLR348C,YKL148C,YDR178W,YDL085W,YMR145C,,,,,,
22,0.114979081914092,0.142717156759218,YHR104W,YBR068C,YDR046C,YBR069C,YGR087C,YLR044C,YLR134W,YDR380W,YDL080C,YDR508C,YCL025C,YKR039W,YIL053W,YER062C,YMR189W,YKL174C,YLR348C,YKL085W,YKL148C,YDR178W,YDL085W,YMR145C
16,0.116126592658871,0.0560379471314288,YHR104W,YGR087C,YLR044C,YLR134W,YDR380W,YDL080C,YIL053W,YER062C,YOR323C,YMR250W,YLR348C,YKL148C,YDR178W,YDL085W,YMR145C,YKL184W,,,,,,
17,0.115890258562119,0.0560801240217212,YHR104W,YGR087C,YLR044C,YLR134W,YDR380W,YDL080C,YPR021C,YIL053W,YER062C,YDR300C,YMR250W,YDL066W,YLR348C,YKL148C,YDR178W,YDL085W,YMR145C,,,,,
