Deletion size,Max growth rate,Min production rate,Deleted genes,,,,,,,,,,,,,,,,,,,,,,,,,,
24,0.130885678889331,0.135126369112518,YBR068C,YMR083W,YDR046C,YBR069C,YDR035W,YGR087C,YLR044C,YLR134W,YDR380W,YMR009W,YOR348C,YKL192C,YPL265W,YCL025C,YKR039W,YOL020W,YOL059W,YIL053W,YER062C,YMR189W,YLR231C,YJL121C,YLR348C,YML120C,,,
27,0.130885678847697,0.135126376632905,YBR068C,YMR083W,YDR046C,YBR069C,YGR087C,YFL053W,YML070W,YLR044C,YLR134W,YDR380W,YKL192C,YPL148C,YBR291C,YJL060W,YCL025C,YKR039W,YOL020W,YOL059W,YGR191W,YJL121C,YLR348C,YPR069C,YLR146C,YML120C,YEL046C,YBR180W,YFR047C
23,0.130871699584993,0.14226473549652,YBR068C,YMR083W,YDR046C,YBR069C,YDR035W,YGR087C,YLR044C,YLR134W,YDR380W,YOR348C,YKL192C,YOL052C,YPL265W,YCL025C,YKR039W,YOL020W,YOR120W,YOL059W,YBR263W,YJR078W,YJL121C,YLR348C,YML120C,,,,
