Deletion size,Max growth rate,Min production rate,Deleted genes,,,,,,,,,,,
9,0.257936214863664,0.308153816883298,YGR087C,YLR044C,YLR134W,YLR027C,YOR120W,YHR208W,YGR244C,YJL121C,YBR006W,,,
12,0.257936214724889,0.308153815951144,YGR087C,YLR044C,YLR134W,YDR380W,YDL080C,YLR027C,YHR208W,YJL121C,YLR348C,YBR006W,YKL148C,YKL141W
6,0.257914682916476,0.308128093041785,YLR027C,YKR039W,YHR208W,YNL268W,YKL148C,YKL141W,,,,,,
5,0.149824526099508,0.0124069623755414,YLR027C,YDR148C,YKR039W,YHR208W,YNL268W,,,,,,,
5,0.128650085299219,0.153697064608002,YLR027C,YKR039W,YHR208W,YGR244C,YNL268W,,,,,,,
