Deletion size,Max growth rate,Min production rate,Deleted genes,,
3,0.284876207507439,0.0859305497421303,YLR348C,YKL085W,YKL029C
3,0.286260210728975,0.0558236050191091,YKL106W,YOL126C,YKL120W
