Deletion size,Max growth rate,Min production rate,Deleted genes,,,,,,,,,,,,,,,,,,,,,,,,,,,
3,0.287561720876214,0.00189790735778301,YDR503C,YDR284C,YKL004W,,,,,,,,,,,,,,,,,,,,,,,,,
24,0.287561720876214,0.00189790735778301,YBR068C,YMR083W,YDR046C,YBR069C,YGR087C,YLR044C,YLR134W,YDR380W,YOR348C,YKL192C,YMR289W,YPL265W,YCL025C,YKR039W,YOL020W,YOR120W,YOL059W,YBR263W,YMR020W,YJR078W,YJL121C,YLR348C,YPR069C,YML120C,,,,
3,0.125999492488583,0.130081876278438,YDR503C,YDR284C,YER019W,,,,,,,,,,,,,,,,,,,,,,,,,
24,0.129269554310996,0.116374916208862,YBR068C,YMR083W,YDR046C,YBR069C,YDR035W,YGR087C,YLR044C,YLR134W,YDR380W,YOR348C,YKL192C,YPL265W,YJL060W,YCL025C,YKR039W,YOL020W,YOL059W,YIL053W,YER062C,YMR189W,YJL121C,YLR348C,YLR017W,YML120C,,,,
28,0.103562443315009,0.106917866795941,YBR068C,YMR083W,YDR046C,YBR069C,YPL061W,YGR087C,YLR044C,YLR134W,YDR380W,YKL192C,YLR209C,YPL148C,YNL141W,YMR289W,YOL052C,YCL025C,YKR039W,YOL020W,YOR120W,YOL059W,YGR191W,YJR078W,YJL121C,YLR348C,YPL092W,YML120C,YDR402C,YFR047C
25,0.125736788122635,0.136682805967612,YDL168W,YMR303C,YBR068C,YDR046C,YBR069C,YDR035W,YGR087C,YLR044C,YLR134W,YDR380W,YDL080C,YOR348C,YKL192C,YOL052C,YPL265W,YCL025C,YKR039W,YOL020W,YOR120W,YOL059W,YBR263W,YLR231C,YJL121C,YLR348C,YML120C,,,
28,0.12899305197707,0.123176106470073,YBR068C,YMR083W,YDR046C,YBR069C,YGR087C,YLR044C,YLR134W,YDR380W,YMR009W,YKL192C,YLR209C,YPL148C,YNL141W,YBR291C,YCL025C,YKR039W,YOL020W,YOR120W,YOL059W,YGR191W,YJR078W,YJL121C,YLR348C,YPL092W,YML120C,YEL046C,YBR180W,YLR328W
