Deletion size,Max growth rate,Min production rate,Deleted genes,,,,,,,,,,,,,,,,
12,0.222251604601972,0.213283754183609,YOL086C,YDL168W,YGL256W,YBR145W,YMR083W,YPL061W,YFL053W,YML070W,YGR019W,YDR148C,YHR183W,YGR256W,,,,,
12,0.222251604601972,0.213283754185407,YOL086C,YDL168W,YGL256W,YBR145W,YMR083W,YPL061W,YFL053W,YML070W,YHR183W,YGR256W,YMR250W,YGR244C,,,,,
17,0.1712467988633,0.164336986177244,YOL086C,YDL168W,YGL256W,YBR145W,YPL061W,YFL053W,YML070W,YDL210W,YGR019W,YOR348C,YPR021C,YCR010C,YHR183W,YGR256W,YOR273C,YLL028W,YLR348C
