Deletion size,Max growth rate,Min production rate,Deleted genes,,,,,,,,,,,,,,,,,,,,,,,,,,
26,0.130885678852902,0.135126374877949,YBR068C,YMR083W,YDR046C,YBR069C,YGR087C,YLR044C,YLR134W,YDR380W,YKL192C,YMR289W,YHR002W,YCL025C,YKR039W,YOL020W,YOR120W,YOL059W,YGR191W,YLR231C,YCR028C,YKL174C,YJL121C,YLR348C,YML120C,YHR074W,YEL046C,YDR402C,
25,0.130885678882392,0.135126374250966,YDL168W,YMR303C,YBR068C,YDR046C,YBR069C,YDR035W,YGR087C,YLR044C,YLR134W,YDR380W,YDL080C,YMR009W,YOR348C,YKL192C,YPL265W,YCL025C,YKR039W,YOL020W,YOR120W,YOL059W,YBR263W,YLR231C,YJL121C,YLR348C,YML120C,,
24,0.133903951288008,0.133969564883921,YBR068C,YMR083W,YDR046C,YBR069C,YGR087C,YLR044C,YLR134W,YDR380W,YOR348C,YKL192C,YBR291C,YPL265W,YCL025C,YKR039W,YOL020W,YOR120W,YOL059W,YIL145C,YBR263W,YJR078W,YKL174C,YJL121C,YLR348C,YML120C,,,
27,0.107652110711848,0.111140038985848,YBR068C,YMR083W,YDR046C,YBR069C,YPL061W,YGR087C,YFL053W,YML070W,YLR044C,YLR134W,YDR380W,YKL192C,YNR033W,YHR002W,YCL025C,YKR039W,YOL020W,YOL059W,YGR191W,YLR231C,YDR403W,YJL121C,YLR348C,YPR069C,YBR176W,YML120C,YFR047C
26,0.129847052345498,0.147773077462095,YBR068C,YMR083W,YDR046C,YBR069C,YPL061W,YDR035W,YGR087C,YLR044C,YLR134W,YDR380W,YMR009W,YKL192C,YPL148C,YCL025C,YKR039W,YOL020W,YOL059W,YIL053W,YER062C,YGR191W,YJR078W,YDR403W,YJL121C,YLR348C,YML120C,YFR047C,
24,0.130871699597136,0.142264781343796,YBR068C,YMR083W,YDR046C,YBR069C,YDR035W,YGR087C,YLR044C,YLR134W,YDR380W,YOR348C,YKL192C,YPL265W,YCL025C,YKR039W,YOL020W,YOR120W,YOL059W,YMR189W,YMR020W,YJR078W,YJL121C,YLR348C,YML120C,YKL184W,,,
26,0.133600083883703,0.127575381181932,YBR068C,YMR083W,YDR046C,YBR069C,YPL061W,YDR035W,YGR087C,YFL053W,YML070W,YLR044C,YLR134W,YDR380W,YKL192C,YHR002W,YJL060W,YCL025C,YKR039W,YOL020W,YOL059W,YGR191W,YBR166C,YJL121C,YLR348C,YLR017W,YML120C,YHR074W,
24,0.133600083899315,0.127575399083714,YBR068C,YMR083W,YDR046C,YBR069C,YGR087C,YFL053W,YML070W,YLR044C,YLR134W,YDR380W,YOR348C,YKL192C,YMR289W,YPL265W,YCL025C,YKR039W,YOL020W,YOL059W,YBR263W,YJR078W,YJL121C,YLR348C,YLR017W,YML120C,,,
