Deletion size,Max growth rate,Min production rate,Deleted genes,,,,,,,,,,,,,,,,,,,,,,
16,0.115670014713687,0.0701866900521817,YHR104W,YGR087C,YLR044C,YLR134W,YDR380W,YDL080C,YIL053W,YER062C,YDR300C,YMR250W,YKL174C,YLR348C,YLR164W,YDR178W,YDL085W,YMR145C,,,,,,,
21,0.112264370706199,0.220692955283031,YHR104W,YBR068C,YDR046C,YBR069C,YGR087C,YLR044C,YLR134W,YDR380W,YDL080C,YLR027C,YCL025C,YKR039W,YIL053W,YER062C,YNL104C,YLR348C,YKL085W,YLR164W,YDR178W,YDL085W,YMR145C,,
23,0.162257964141109,0.00331658519796799,YHR104W,YOL086C,YDL168W,YMR303C,YGL256W,YBR145W,YBR068C,YDR046C,YBR069C,YGR087C,YLR044C,YLR134W,YPR021C,YLR027C,YCL025C,YKR039W,YLL043W,YDR300C,YMR250W,YER065C,YNL104C,YGR244C,YLR348C
16,0.115670014713687,0.0701866900521817,YHR104W,YGR087C,YLR044C,YLR134W,YDR380W,YDL080C,YIL053W,YER062C,YOR323C,YMR250W,YKL174C,YLR348C,YLR164W,YDR178W,YDL085W,YMR145C,,,,,,,
