Deletion size,Max growth rate,Min production rate,Deleted genes,,,,
3,0.176148200023327,6.38612548758511,YGR087C,YLR044C,YLR134W,,
5,0.233117518868215,4.21623112591269,YOL086C,YDL168W,YGL256W,YBR145W,YLR348C
