Deletion size,Max growth rate,Min production rate,Deleted genes,,,,,,,,
6,0.159157849106515,4.56862813883704,YGR087C,YLR044C,YLR134W,YDR380W,YDL080C,YJL121C,,,
6,0.158240093954336,4.56242553402916,YGR087C,YLR044C,YLR134W,YOR375C,YAL062W,YNL104C,,,
9,0.171894780299462,1.88925058473711,YBR068C,YDR046C,YBR069C,YGR087C,YLR044C,YLR134W,YCL025C,YKR039W,YNL104C
