Deletion size,Max growth rate,Min production rate,Deleted genes,,
3,0.27645599051555,0.330279206659175,YLR027C,YHR208W,YGR244C
3,0.276455990460035,0.330279208688345,YLR027C,YDR148C,YHR208W
