Deletion size,Max growth rate,Min production rate,Deleted genes,,,
2,0.20331848267636,0.103570435131413,YNR001C,YPR001W,,
2,0.247493835928795,0.0503897449467354,UNKNOWN,YBR291C,,
2,0.273540197569359,0.018956335711391,YLR043C,YDR353W,,
4,0.236773209637537,0.060306136523121,YKL106W,YPL262W,YOL126C,YKL120W
