Deletion size,Max growth rate,Min production rate,Deleted genes,,,,,,,
8,0.171114107443729,0.0656007704278121,YGR087C,YLR044C,YLR134W,YLR348C,YLR164W,YDR178W,YDL085W,YMR145C
7,0.142411366548519,1.53289999645339,YGR087C,YLR044C,YLR134W,YDR380W,YDL080C,YGR244C,YLR348C,
