Deletion size,Max growth rate,Min production rate,Deleted genes,,,,,,,,,
6,0.259345759184853,0.497930488276673,YPL061W,YFL053W,YML070W,YDL171C,YJL121C,YBR006W,,,,
6,0.259345759184853,0.497930488276673,YPL061W,YFL053W,YML070W,YGR019W,YDL171C,YJL121C,,,,
6,0.259345759184852,0.497930488102194,YPL061W,YGR019W,YIL053W,YER062C,YDL171C,YJL121C,,,,
6,0.259345759184852,0.497930488102194,YPL061W,YIL053W,YER062C,YDL171C,YJL121C,YBR006W,,,,
10,0.124678603579188,0.289230106518052,YGR087C,YLR044C,YLR134W,YDR380W,YDL080C,YIL053W,YER062C,YMR250W,YDL171C,YJL121C
5,0.259345759184853,0.497930488276673,YPL061W,YOR120W,YDL171C,YJL121C,YBR006W,,,,,
