Deletion size,Max growth rate,Min production rate,Deleted genes,,,,,,,,,
5,0.157996283742735,4.57420911986807,YGR087C,YLR044C,YLR134W,YNL104C,YJL121C,,,,,
6,0.159157849106515,4.56862813993065,YGR087C,YLR044C,YLR134W,YDR380W,YDL080C,YJL121C,,,,
6,0.158240093954336,4.56242558441418,YGR087C,YLR044C,YLR134W,YOR375C,YAL062W,YNL104C,,,,
7,0.159405260216252,4.5567491486006,YGR087C,YLR044C,YLR134W,YDR380W,YDL080C,YOR375C,YAL062W,,,
9,0.171894780299462,1.88925054724063,YBR068C,YDR046C,YBR069C,YGR087C,YLR044C,YLR134W,YCL025C,YKR039W,YNL104C,
9,0.160780560536511,0.373834031880256,YMR083W,YGR087C,YLR044C,YLR134W,YKL192C,YOL059W,YJL121C,YLR348C,YML120C,
10,0.159157849106515,4.56862810171342,YOL086C,YDL168W,YMR303C,YGL256W,YBR145W,YMR083W,YGR087C,YLR044C,YLR134W,YJL121C
