Deletion size,Max growth rate,Min production rate,Deleted genes,,,
1,0.287628310532356,0.0149883140857705,YFL030W,,,
4,0.17536593389873,0.00913831567925271,YGR087C,YLR044C,YLR134W,YLR027C
