Deletion size,Max growth rate,Min production rate,Deleted genes,
2,0.276149366182623,0.014000772865459,YFR055W,YLR303W
2,0.276149366210379,0.014000772847794,YFR055W,YNL277W
2,0.28313739268805,0.00654047375253392,YLR043C,YDR353W
