Deletion size,Max growth rate,Min production rate,Deleted genes,,,,,,,,,,,,,
10,0.142411366548519,1.53289999504445,YGR087C,YLR044C,YLR134W,YDL210W,YOR348C,YLR348C,YJL045W,YKL148C,YDL085W,YMR145C,,,,
13,0.159199729635833,0.763630475262203,YHR104W,YGR087C,YLR044C,YLR134W,YDR380W,YDL080C,YDL210W,YOR348C,YPR021C,YLL043W,YOR323C,YLR348C,YKL085W,
14,0.159199729635832,0.763630470069809,YHR104W,YGR087C,YLR044C,YLR134W,YDR380W,YDL080C,YDL210W,YOR348C,YPR021C,YIL053W,YER062C,YOR323C,YLR348C,YKL085W
