Deletion size,Max growth rate,Min production rate,Deleted genes,,,,,,,,,,
9,0.268470172552541,0.0400923293636879,YHR104W,YGR087C,YLR044C,YLR134W,YOR375C,YAL062W,YGR244C,YLR348C,YKL085W,,
3,0.267913165116488,0.0400091479823459,YLR027C,YHR208W,YGR244C,,,,,,,,
4,0.131308451800178,0.0471996598600986,YLR027C,YHR208W,YLR164W,YDR178W,,,,,,,
11,0.132483157806022,0.0206595100328802,YGR087C,YLR044C,YLR134W,YDL210W,YOR348C,YJL121C,YLR348C,YKL085W,YBR006W,YLR164W,YDR178W
