Deletion size,Max growth rate,Min production rate,Deleted genes,,,,,,,,,,,,,,
3,0.245540565443615,0.138659212282148,YOL052C,YMR189W,YOR184W,,,,,,,,,,,,
12,0.190919891979889,0.0363058484519628,YAL054C,YCR032W,YCR010C,YOL052C,YJR048W,YEL039C,YML042W,YEL047C,YIL053W,YER062C,YLR231C,YJL121C,,,
9,0.195131640169245,0.00329089561460158,YPL061W,YMR009W,YJR048W,YEL039C,YJL060W,YEL047C,YOR120W,YMR250W,YJL121C,,,,,,
3,0.245540565443612,0.138659213199633,YMR189W,YGR208W,YKL174C,,,,,,,,,,,,
3,0.245540565471371,0.138659212654531,YMR189W,YGR208W,YKL184W,,,,,,,,,,,,
3,0.245540565471376,0.138659211589178,YMR009W,YBR263W,YGR208W,,,,,,,,,,,,
15,0.18728858726971,0.0298175739547363,YPL061W,YFL053W,YML070W,YKL192C,YFL030W,YDR148C,YDR272W,YIL155C,YJL121C,YBR006W,YLR017W,YDL085W,YMR145C,YML120C,YOR184W
3,0.245540565443612,0.138659213199633,YMR189W,YKL174C,YOR184W,,,,,,,,,,,,
