Deletion size,Max growth rate,Min production rate,Deleted genes,,
3,0.274485191515392,0.327924712851856,YLR027C,YHR208W,YGR244C
3,0.27448519152233,0.327924712811997,YLR027C,YDR148C,YHR208W
