Deletion size,Max growth rate,Min production rate,Deleted genes,,
2,0.281341067421207,0.15887611406266,YMR189W,YOR184W,
2,0.281341067310186,0.158876110680018,YBR263W,YOR184W,
3,0.281341067310186,0.158876110680018,YER081W,YIL074C,YBR263W
