Deletion size,Max growth rate,Min production rate,Deleted genes,,,
1,0.287628310520213,0.0149883056010252,YER065C,,,
4,0.17536593389873,0.00913830505056706,YGR087C,YLR044C,YLR134W,YLR027C
1,0.287628310532356,0.0149883088857485,YFL030W,,,
