Deletion size,Max growth rate,Min production rate,Deleted genes,,,,,,,,,
10,0.160077933634147,0.347175380215049,YMR083W,YGR087C,YLR044C,YLR134W,YKL192C,YOL059W,YOR375C,YAL062W,YLR348C,YML120C
9,0.159836277217916,0.346651330357417,YMR083W,YGR087C,YLR044C,YLR134W,YKL192C,YOL059W,YJL121C,YLR348C,YML120C,
8,0.26451503539,0.11834303685464,YMR083W,YPL061W,YLR027C,YKL192C,YOL059W,YHR208W,YLR348C,YML120C,,
7,0.281090365590432,0.134532865451439,YMR083W,YKL192C,YER170W,YOL059W,YJL121C,YLR348C,YML120C,,,
7,0.281090365590432,0.134532916132141,YMR083W,YKL192C,YAL054C,YOL059W,YJL121C,YLR348C,YML120C,,,
