Deletion size,Max growth rate,Min production rate,Deleted genes,,,,,,,,,,,
7,0.168637429633627,0.23281779382186,YGR087C,YLR044C,YLR134W,YLR027C,YNL104C,YGR244C,YLR348C,,,,,
7,0.171114107443729,0.0656007714229627,YGR087C,YLR044C,YLR134W,YDR380W,YDL080C,YGR244C,YLR348C,,,,,
7,0.171114107435055,0.0656008094948461,YGR087C,YLR044C,YLR134W,YDR380W,YDL080C,YDR148C,YLR348C,,,,,
8,0.142411366548519,1.53289985560251,YGR087C,YLR044C,YLR134W,YLR348C,YLR164W,YDR178W,YDL085W,YMR145C,,,,
8,0.171114107436788,0.0656007880878047,YGR087C,YLR044C,YLR134W,YDR380W,YDL080C,YLR348C,YLR164W,YDR178W,,,,
9,0.166989952973345,0.00873650566303585,YGR087C,YLR044C,YLR134W,YOL064C,YMR189W,YDR300C,YNL104C,YGR244C,YLR348C,,,
9,0.166990008887528,0.00873533582582731,YGR087C,YLR044C,YLR134W,YOL064C,YDR148C,YOR323C,YNL104C,YLR348C,YEL046C,,,
12,0.159099856288281,0.0907903331386776,YOL086C,YDL168W,YMR303C,YGL256W,YBR145W,YAL060W,YER065C,YLR348C,YLR164W,YDR178W,YDL085W,YMR145C
