Deletion size,Max growth rate,Min production rate,Deleted genes,,,
3,0.282158834230449,0.30216671897761,YKL106W,YOL126C,YKL120W,
4,0.285520919150538,0.131142627930168,YDR035W,YLR348C,YOL126C,YKL085W
2,0.284876207507439,0.0859305281938919,UNKNOWN,YBR291C,,
2,0.286260210728975,0.0558236020152023,YNR001C,YPR001W,,
3,0.286815742940306,0.00906624962891515,YLR348C,YKL085W,YKL029C,
