Deletion size,Max growth rate,Min production rate,Deleted genes,,,,,,,
7,0.171114107443729,0.0656007714229627,YGR087C,YLR044C,YLR134W,YDR380W,YDL080C,YGR244C,YLR348C,
8,0.142411366548519,1.53289985560251,YGR087C,YLR044C,YLR134W,YLR348C,YLR164W,YDR178W,YDL085W,YMR145C
