Deletion size,Max growth rate,Min production rate,Deleted genes,,
3,0.276455990460049,0.330279207925657,YLR027C,YHR208W,YGR244C
3,0.276455990460032,0.330279207320445,YLR027C,YDR148C,YHR208W
