Deletion size,Max growth rate,Min production rate,Deleted genes,,,,,,,,,
6,0.26674313410856,0.039834419825915,YMR189W,YLR348C,YJL045W,YKL148C,YDL085W,YMR145C,,,,
3,0.236588768856324,0.0600113486009092,YLR027C,YHR208W,YGR244C,,,,,,,
6,0.232058083411331,0.039958133693866,YLR348C,YKL085W,YJL045W,YKL148C,YDL085W,YMR145C,,,,
10,0.143963801176574,0.0214990138501309,YGR087C,YLR044C,YLR134W,YLR027C,YHR208W,YKL085W,YJL045W,YKL148C,YDL085W,YMR145C
