Deletion size,Max growth rate,Min production rate,Deleted genes,,,,,,
3,0.268470172580298,0.320738623733632,YLR027C,YHR208W,YGR244C,,,,
4,0.267913165088727,0.320073178161479,YLR027C,YHR208W,YKL141W,YDR178W,,,
7,0.26788234332511,0.0013903284417118,YPL061W,YLR027C,YOL064C,YBR263W,YGR244C,YJL121C,YBR006W
