Deletion size,Max growth rate,Min production rate,Deleted genes,,,,,,,,,,,,,,,,,,,,,,,,,,
24,0.133903951288008,0.133969564883921,YBR068C,YMR083W,YDR046C,YBR069C,YGR087C,YFL053W,YML070W,YLR044C,YLR134W,YDR380W,YOR348C,YKL192C,YMR289W,YPL265W,YCL025C,YKR039W,YOL020W,YOL059W,YBR263W,YJR078W,YJL121C,YLR348C,YLR017W,YML120C,,,
26,0.130871699597136,0.142264781343796,YBR068C,YMR083W,YDR046C,YBR069C,YPL061W,YDR035W,YGR087C,YLR044C,YLR134W,YDR380W,YMR009W,YKL192C,YPL148C,YCL025C,YKR039W,YOL020W,YOL059W,YIL053W,YER062C,YGR191W,YJR078W,YDR403W,YJL121C,YLR348C,YML120C,YFR047C,
27,0.133600083899315,0.127575399083714,YBR068C,YMR083W,YDR046C,YBR069C,YPL061W,YGR087C,YFL053W,YML070W,YLR044C,YLR134W,YDR380W,YKL192C,YNR033W,YHR002W,YCL025C,YKR039W,YOL020W,YOL059W,YGR191W,YLR231C,YDR403W,YJL121C,YLR348C,YPR069C,YBR176W,YML120C,YFR047C
