Deletion size,Max growth rate,Min production rate,Deleted genes,,
3,0.244476406697666,0.138058271129958,YBR263W,YGR208W,YLR017W
3,0.244476406565823,0.138058271601401,YMR009W,YMR189W,YOR184W
