Deletion size,Max growth rate,Min production rate,Deleted genes,
2,0.155143408419831,0.158060104454474,YNR001C,YPR001W
2,0.27314847248564,0.0189291892050155,YLR043C,YDR353W
