Deletion size,Max growth rate,Min production rate,Deleted genes,,,,,
3,0.26674313410856,0.039834419825915,YLR027C,YHR208W,YGR244C,,,
6,0.236588768856324,0.0600113486009092,YMR189W,YLR348C,YJL045W,YKL148C,YDL085W,YMR145C
6,0.232058083411331,0.039958133693866,YLR348C,YKL085W,YJL045W,YKL148C,YDL085W,YMR145C
