Deletion size,Max growth rate,Min production rate,Deleted genes,,,,,,
4,0.273459405237771,0.340411861433228,YPL061W,YOR120W,YDL171C,YJL121C,,,
6,0.160868488117698,0.00666075107980157,YGR087C,YLR044C,YLR134W,YOR120W,YJL121C,YBR006W,
7,0.160868488117698,0.00666075107980157,YGR087C,YFL053W,YML070W,YLR044C,YLR134W,YGR019W,YJL121C
