Deletion size,Max growth rate,Min production rate,Deleted genes,,,,,,
5,0.274357429510571,0.459751600096291,YPL061W,YFL053W,YML070W,YDL171C,YJL121C,,
7,0.160868488145453,0.0133215196139701,YGR087C,YFL053W,YML070W,YLR044C,YLR134W,YMR250W,YJL121C
7,0.160868488145453,0.0133215140912829,YGR087C,YFL053W,YML070W,YLR044C,YLR134W,YGR019W,YJL121C
