Deletion size,Max growth rate,Min production rate,Deleted genes,,,
3,0.27645599051555,0.330279207714512,YLR027C,YDR148C,YHR208W,
3,0.276455990460035,0.330279206128399,YLR027C,YHR208W,YGR244C,
4,0.276431255690891,0.330249661684546,YLR027C,YHR208W,YKL141W,YMR118C
