Deletion size,Max growth rate,Min production rate,Deleted genes,,,,
5,0.231100978426895,6.26037988992919,YOL086C,YDL168W,YGL256W,YBR145W,YMR083W
5,0.232902098733716,6.06956140442509,YOL086C,YDL168W,YGL256W,YBR145W,YKL085W
5,0.233117518868215,5.97924467836086,YOL086C,YDL168W,YGL256W,YBR145W,YLR348C
