Deletion size,Max growth rate,Min production rate,Deleted genes
1,0.287628310615621,0.0149883171658719,YER065C
1,0.287628310518479,0.0149883120683303,YFL030W
