Deletion size,Max growth rate,Min production rate,Deleted genes,,
2,0.287865703721365,1.50644155731425,YCR032W,YKL174C,
2,0.287865703704018,1.50644152157474,YCR010C,YKL174C,
3,0.287865703676261,1.50644152110908,YCR032W,YOR273C,YLL028W
3,0.287865703665852,1.50644152832683,YCR010C,YOR273C,YLL028W
