Deletion size,Max growth rate,Min production rate,Deleted genes,,,
2,0.155143408471871,0.158060104610799,YNR001C,YPR001W,,
2,0.216414285730684,0.0881238971329695,UNKNOWN,YBR291C,,
2,0.273148472374618,0.0189291892036833,YLR043C,YDR353W,,
3,0.155143408471871,0.158060104551142,YKL106W,YKL085W,YKL120W,
4,0.2163680721585,0.0881050790040376,YDR035W,YLR348C,YKL085W,YKL029C
4,0.245676240066102,0.0500196824861939,YDR035W,YPL262W,YLR348C,YOL126C
4,0.201742606723039,0.102767683847014,YKL106W,YPL262W,YOL126C,YKL120W
4,0.216368072455135,0.0881050791208896,YBR291C,YLR348C,YKL085W,YKL029C
