Deletion size,Max growth rate,Min production rate,Deleted genes,,,,,,,,,,
10,0.0253232513028813,0.00183985575874011,LLMG_RS05055,LLMG_RS01925,LLMG_RS01930,LLMG_RS06750,LLMG_RS11565,LLMG_RS11585,LLMG_RS04645,LLMG_RS05395,LLMG_RS03310,LLMG_RS06770,
11,0.0253232513028813,0.00110349612803793,LLMG_RS06775,LLMG_RS01925,LLMG_RS01930,LLMG_RS11565,LLMG_RS05855,LLMG_RS11585,LLMG_RS06540,LLMG_RS04455,LLMG_RS04645,LLMG_RS03310,LLMG_RS09630
