Deletion size,Max growth rate,Min production rate,Deleted genes,,,,,,,,,,,,,
8,0.0409814256890656,0.00738877508697518,Rv2443,Rv1188,Rv1712,Rv1098c,Rv2920c,Rv0694,Rv3150,Rv0859,,,,,,
14,0.0336293099370872,0.00606343852823673,Rv2443,Rv1908c,Rv3356c,Rv2476c,Rv1902c,Rv1188,Rv1098c,Rv0211,Rv1837c,Rv2920c,Rv0694,Rv3150,Rv2780,Rv0859
