Deletion size,Max growth rate,Min production rate,Deleted genes,,,,,,
1,0.0463781907068362,0.168555205143184,Rv1311,,,,,,
2,0.0512082180544634,0.415877124812469,Rv1098c,Rv0694,,,,,
3,0.0482415481572711,0.143758878648467,Rv1902c,Rv0211,Rv1837c,,,,
5,0.0505284862054007,0.0028745099853379,Rv0118c,Rv1837c,Rv3339c,Rv0066c,Rv0409,,
7,0.0505284862192786,0.00287447695814878,Rv2332,Rv1240,Rv0408,Rv1098c,Rv0118c,Rv3339c,Rv0066c
