Deletion size,Max growth rate,Min production rate,Deleted genes,,,,,,,,
2,0.0502981850554498,0.0774834742950131,Rv0211,Rv0694,,,,,,,
8,0.0379085885221146,0.102135849263344,Rv2332,Rv0211,Rv2194,Rv0107c,Rv0522,Rv1311,Rv1623c,Rv1475c,
9,0.0379085885377272,0.0816313177007012,Rv3777,Rv1240,Rv0211,Rv1607,Rv0522,Rv1311,Rv3150,Rv1623c,Rv1475c
