Deletion size,Max growth rate,Min production rate,Deleted genes,,,,,,,,,,
2,0.0398688818203302,0.0241760113104999,Rv3356c,Rv2945c,,,,,,,,,
6,0.017209852809761,0.00705981579607366,Rv2443,Rv3356c,Rv1236,Rv1098c,Rv2920c,Rv1475c,,,,,
7,0.0172098527924142,0.00705983631515316,Rv2443,Rv3356c,Rv1236,Rv2332,Rv1240,Rv2920c,Rv1475c,,,,
8,0.0182441678276397,0.00490076526696025,Rv1445c,Rv3010c,Rv2443,Rv3356c,Rv2332,Rv1240,Rv2920c,Rv1475c,,,
8,0.0184314674521155,0.00342645285988059,Rv1448c,Rv3010c,Rv2443,Rv3356c,Rv2332,Rv1240,Rv2920c,Rv1475c,,,
9,0.0182441678276397,0.00490076526696025,Rv1122,Rv1844c,Rv3010c,Rv2443,Rv3356c,Rv2332,Rv1240,Rv2920c,Rv1475c,,
10,0.0184314673723179,0.00342648062423256,Rv1448c,Rv3010c,Rv2443,Rv3356c,Rv1098c,Rv2920c,Rv1915,Rv0467,Rv3339c,Rv0066c,
10,0.0182441679473352,0.00490079142827582,Rv1445c,Rv3010c,Rv2443,Rv3356c,Rv2332,Rv1240,Rv0118c,Rv2920c,Rv3339c,Rv0066c,
11,0.0182441679351926,0.00490079437909533,Rv3010c,Rv2443,Rv3356c,Rv1121,Rv1447c,Rv1098c,Rv2920c,Rv1915,Rv0467,Rv3339c,Rv0066c
