Deletion size,Max growth rate,Min production rate,Deleted genes,,,,,,,
6,0.0406943966436323,0.409924421869481,Rv1098c,Rv0118c,Rv1837c,Rv1311,Rv3339c,Rv0066c,,
5,0.0505114043336311,0.00287354755507803,Rv0408,Rv0118c,Rv1837c,Rv3339c,Rv0066c,,,
8,0.0505114043544474,0.00287354862556601,Rv2443,Rv2332,Rv1240,Rv1098c,Rv0118c,Rv3339c,Rv0066c,Rv0409
