Deletion size,Max growth rate,Min production rate,Deleted genes,,,,,,,,,,,
12,0.0265738474407265,0.00479121864362259,Rv1122,Rv1844c,Rv3010c,Rv2443,Rv1826,Rv2211c,Rv1188,Rv1712,Rv1098c,Rv0694,Rv3150,Rv0859
12,0.0400783491809296,0.00722625553751156,Rv2443,Rv2476c,Rv1188,Rv1712,Rv1098c,Rv2920c,Rv0694,Rv3150,Rv1595,Rv2780,Rv1905c,Rv0859
11,0.0196701403985373,0.00354654435179303,Rv1448c,Rv3010c,Rv2443,Rv3356c,Rv2332,Rv1240,Rv1188,Rv1712,Rv0694,Rv3150,Rv0859,
