Deletion size,Max growth rate,Min production rate,Deleted genes,,,,,,,
5,0.0430725288837913,0.010956966332953,Rv3319,Rv0247c,Rv0248c,Rv1311,Rv1555,,,
5,0.0504361365227587,0.00909359217621408,Rv2443,Rv1098c,Rv0694,Rv3150,Rv1555,,,
5,0.0523275171866851,0.00943441547553171,Rv2443,Rv1188,Rv1098c,Rv1872c,Rv3150,,,
5,0.052327517117296,0.00943459903890512,Rv2443,Rv1098c,Rv1872c,Rv3150,Rv1555,,,
6,0.0504361366615367,0.00909360805964645,Rv2443,Rv2332,Rv1240,Rv0694,Rv3150,Rv1555,,
6,0.0520504052555324,0.0299791079295747,Rv3319,Rv0247c,Rv0248c,Rv2443,Rv1098c,Rv1555,,
7,0.05037612936948,0.0128148808207898,Rv3319,Rv0247c,Rv0248c,Rv3432c,Rv1248c,Rv1555,Rv1475c,
8,0.0522503097449237,0.0132916427032851,Rv3319,Rv0247c,Rv0248c,Rv0234c,Rv1731,Rv0118c,Rv1837c,Rv1555
8,0.0522503097726792,0.0132916433421925,Rv3319,Rv0247c,Rv0248c,Rv3432c,Rv1248c,Rv1915,Rv0467,Rv1555
