Deletion size,Max growth rate,Min production rate,Deleted genes,,,,,,,
7,0.0511942800827845,0.00923027451053001,Rv2443,Rv1188,Rv1712,Rv1098c,Rv1872c,Rv3150,Rv0859,
7,0.0477108186267901,0.00860224838789136,Rv2443,Rv1188,Rv1098c,Rv1872c,Rv2920c,Rv3150,Rv0859,
8,0.0511942800827836,0.00923031298739391,Rv3319,Rv0247c,Rv0248c,Rv2443,Rv1188,Rv1712,Rv1098c,Rv0859
