Deletion size,Max growth rate,Min production rate,Deleted genes,,,,,,,,
1,0.0488593016099925,0.0296276931943074,Rv3356c,,,,,,,,
8,0.041363359430792,0.00745777409086138,Rv2443,Rv2332,Rv1240,Rv1188,Rv2920c,Rv0694,Rv3150,Rv0859,
9,0.0413633594863036,0.00745779735688489,Rv3319,Rv0247c,Rv0248c,Rv2443,Rv1188,Rv1098c,Rv2920c,Rv0694,Rv0859
9,0.0511672921240731,0.00922540656185575,Rv3319,Rv0247c,Rv0248c,Rv2443,Rv2332,Rv1240,Rv1188,Rv1712,Rv0859
