Deletion size,Max growth rate,Min production rate,Deleted genes,,,,,,,
6,0.0521307840108494,0.00939913354896957,Rv2443,Rv1188,Rv1098c,Rv1872c,Rv3150,Rv0859,,
7,0.0501117041748572,0.0127476131238308,Rv3319,Rv0247c,Rv0248c,Rv3432c,Rv1248c,Rv1555,Rv1475c,
8,0.0519739819315629,0.0132213495820115,Rv3319,Rv0247c,Rv0248c,Rv0234c,Rv1731,Rv0118c,Rv1837c,Rv1555
