Deletion size,Max growth rate,Min production rate,Deleted genes,,,,,,,,,
10,0.0277982291353003,0.67661450045591,Rv3303c,Rv0843,Rv0462,Rv3356c,Rv0753c,Rv1902c,Rv0162c,Rv0694,Rv0084,Rv2899c
10,0.0277982291353003,0.676614498942492,Rv0843,Rv0462,Rv2495c,Rv3356c,Rv0753c,Rv1902c,Rv0162c,Rv0694,Rv0084,Rv2899c
10,0.0248867572905659,0.396279142239455,Rv3303c,Rv0843,Rv0462,Rv3356c,Rv0753c,Rv1902c,Rv0162c,Rv2920c,Rv0084,Rv2899c
