Deletion size,Max growth rate,Min production rate,Deleted genes,,,,
5,0.0463781906998972,0.168555309791215,Rv0408,Rv0118c,Rv1837c,Rv3339c,Rv0066c
1,0.0505199438602763,0.00287402161866046,Rv1311,,,,
3,0.0505199438602763,0.00287402161866046,Rv1098c,Rv0694,Rv1475c,,
2,0.0495030968889897,0.344985120745969,Rv0408,Rv1475c,,,
2,0.0505199438325206,0.00287401301805957,Rv1475c,Rv0409,,,
5,0.0505199438602763,0.00287402161866046,Rv0118c,Rv1837c,Rv3339c,Rv0066c,Rv0409
5,0.0505199438325206,0.00287401301805957,Rv0408,Rv1915,Rv0467,Rv3339c,Rv0066c
