Deletion size,Max growth rate,Min production rate,Deleted genes,,,,,,,,,,,,,,,,
1,0.0509269837364736,0.0308815114855987,Rv3356c,,,,,,,,,,,,,,,,
16,0.028920591663681,0.0871972726517708,Rv2495c,Rv2215,Rv2443,Rv3859c,Rv2476c,Rv0753c,Rv1902c,Rv2332,Rv1098c,Rv0211,Rv0694,Rv3293,Rv0147,Rv0084,Rv2899c,Rv3535c,
17,0.028920591663681,0.0871972726517708,Rv0843,Rv0462,Rv2496c,Rv2443,Rv3859c,Rv2476c,Rv0753c,Rv1902c,Rv2332,Rv1098c,Rv0211,Rv0694,Rv3293,Rv0147,Rv0084,Rv2899c,Rv3535c
