Deletion size,Max growth rate,Min production rate,Deleted genes,,,,
5,0.0505199438325209,0.00287402832667397,Rv0408,Rv1915,Rv0467,Rv3339c,Rv0066c
5,0.0505199438602758,0.00287396319519507,Rv0408,Rv0118c,Rv1837c,Rv3339c,Rv0066c
