Deletion size,Max growth rate,Min production rate,Deleted genes,,,,
2,0.0505199438602763,0.00287402161866046,Rv0408,Rv1475c,,,
3,0.0495030968889897,0.344985120745969,Rv1098c,Rv0694,Rv1475c,,
5,0.0505199438325206,0.00287401301805957,Rv0118c,Rv1837c,Rv3339c,Rv0066c,Rv0409
