Deletion size,Max growth rate,Min production rate,Deleted genes
1,0.0496303676191393,0.30216625929403,Rv2920c
1,0.0499645632213533,0.189728465133962,Rv2476c
