Deletion size,Max growth rate,Min production rate,Deleted genes,,,,,,,
2,0.0398867392697317,0.0241868399316445,Rv3356c,Rv2945c,,,,,,
8,0.0359893972530811,0.0191183290440752,Rv3303c,Rv0843,Rv0462,Rv3356c,Rv0162c,Rv0211,Rv0084,Rv2899c
