Deletion size,Max growth rate,Min production rate,Deleted genes,,,,,,,,,,,
12,0.0148097036136838,0.110606349559463,Rv3010c,Rv2495c,Rv2215,Rv2443,Rv3356c,Rv2476c,Rv1902c,Rv0162c,Rv1098c,Rv3601c,Rv0084,Rv2899c
10,0.0271711134060793,0.504515976562713,Rv2495c,Rv2215,Rv2443,Rv3356c,Rv1902c,Rv0162c,Rv0694,Rv3601c,Rv0084,Rv2899c,,
11,0.0271711134060793,0.504515976562713,Rv0843,Rv0462,Rv2496c,Rv2443,Rv3356c,Rv1902c,Rv0162c,Rv0694,Rv3601c,Rv0084,Rv2899c,
