Deletion size,Max growth rate,Min production rate,Deleted genes,,,,,,
2,0.0398688817648182,0.02417601124768,Rv3356c,Rv2945c,,,,,
7,0.0182441678796818,0.0049007550822464,Rv1445c,Rv3010c,Rv2443,Rv3356c,Rv1098c,Rv2920c,Rv1475c
7,0.0172098527473115,0.0070597129073628,Rv2443,Rv3356c,Rv1236,Rv2332,Rv1240,Rv2920c,Rv1475c
