Deletion size,Max growth rate,Min production rate,Deleted genes,,,,,,
6,0.0496698584796786,0.00895542617728713,Rv2443,Rv1188,Rv1098c,Rv0694,Rv3150,Rv0859,
7,0.0515447985198085,0.0092934723276972,Rv2443,Rv2332,Rv1240,Rv1188,Rv1872c,Rv3150,Rv0859
7,0.0496698585603429,0.0089554214497454,Rv2443,Rv2332,Rv1240,Rv1188,Rv0694,Rv3150,Rv0859
