Deletion size,Max growth rate,Min production rate,Deleted genes,,,,,
6,0.0447640894002409,0.533371440646799,Rv1908c,Rv2674,Rv0137c,Rv1902c,Rv0694,Rv1311
6,0.0447640894002407,0.533371262036371,Rv1908c,Rv2674,Rv0137c,Rv0191,Rv0694,Rv1311
5,0.0376401569437491,0.998825108283199,Rv1908c,Rv2674,Rv0137c,Rv2200c,Rv1623c,
