Deletion size,Max growth rate,Min production rate,Deleted genes,,,,,,,
5,0.0430725288837921,0.0109569663329482,Rv3319,Rv0247c,Rv0248c,Rv1311,Rv1555,,,
8,0.0522503097726795,0.0132916432239766,Rv3319,Rv0247c,Rv0248c,Rv0234c,Rv1731,Rv0118c,Rv1837c,Rv1555
7,0.0503761293694796,0.0128148808207892,Rv3319,Rv0247c,Rv0248c,Rv3432c,Rv1248c,Rv1555,Rv1475c,
