Deletion size,Max growth rate,Min production rate,Deleted genes,,,,,,,
5,0.0430725288837921,0.0109569663329482,Rv3319,Rv0247c,Rv0248c,Rv1311,Rv1555,,,
5,0.0504361365782698,0.00909359045326741,Rv2443,Rv1098c,Rv1872c,Rv3150,Rv1555,,,
6,0.0523275172421962,0.00943444686774104,Rv2443,Rv2332,Rv1240,Rv0694,Rv3150,Rv1555,,
6,0.0523275173115849,0.00943459976914415,Rv3319,Rv0247c,Rv0248c,Rv2443,Rv1098c,Rv1555,,
7,0.0504361365921475,0.00909360470743302,Rv3319,Rv0247c,Rv0248c,Rv3432c,Rv1248c,Rv1555,Rv1475c,
8,0.0520504052555324,0.0299791079295746,Rv3319,Rv0247c,Rv0248c,Rv0234c,Rv1731,Rv0118c,Rv1837c,Rv1555
5,0.0503761293694796,0.0128148808207892,Rv2443,Rv1098c,Rv0694,Rv3150,Rv1555,,,
5,0.0522503097726795,0.0132916432239766,Rv2443,Rv1188,Rv1098c,Rv1872c,Rv3150,,,
8,0.0522503097726792,0.0132916433421925,Rv3319,Rv0247c,Rv0248c,Rv3432c,Rv1248c,Rv1915,Rv0467,Rv1555
