Deletion size,Max growth rate,Min production rate,Deleted genes,,,,,,,,,,,,,,,
8,0.0409814256890656,0.00738877508697518,Rv2443,Rv1188,Rv1712,Rv1098c,Rv2920c,Rv0694,Rv3150,Rv0859,,,,,,,,
9,0.0409814256474332,0.00738879672941041,Rv2443,Rv1902c,Rv1188,Rv1712,Rv1098c,Rv1872c,Rv2920c,Rv3150,Rv0859,,,,,,,
10,0.0409814257584553,0.00738881812880635,Rv3319,Rv0247c,Rv0248c,Rv2443,Rv1902c,Rv1188,Rv1712,Rv1098c,Rv2920c,Rv0859,,,,,,
10,0.0409814256474318,0.00738888702964455,Rv3319,Rv0247c,Rv0248c,Rv2443,Rv1188,Rv1712,Rv1098c,Rv2920c,Rv0694,Rv0859,,,,,,
10,0.0409814256404939,0.00738871303988707,Rv2443,Rv1902c,Rv2332,Rv1240,Rv1188,Rv1712,Rv1872c,Rv2920c,Rv3150,Rv0859,,,,,,
14,0.0336293099370872,0.00606343852823673,Rv2443,Rv1908c,Rv3356c,Rv2476c,Rv1902c,Rv1188,Rv1098c,Rv0211,Rv1837c,Rv2920c,Rv0694,Rv3150,Rv2780,Rv0859,,
15,0.0202619533000518,0.00365322966912921,Rv3010c,Rv2443,Rv3356c,Rv0069c,Rv2476c,Rv1188,Rv1098c,Rv1872c,Rv2920c,Rv3150,Rv1595,Rv2780,Rv1905c,Rv0859,Rv1077,
15,0.0382444713792177,0.00689556137481589,Rv2443,Rv3356c,Rv0069c,Rv2476c,Rv1188,Rv1712,Rv1098c,Rv1872c,Rv2920c,Rv3150,Rv1595,Rv2780,Rv1905c,Rv0859,Rv1077,
16,0.0243946668935437,0.00439854399175916,Rv2495c,Rv2215,Rv2443,Rv3356c,Rv1902c,Rv2332,Rv0162c,Rv1240,Rv1188,Rv0211,Rv0694,Rv3150,Rv3601c,Rv0084,Rv2899c,Rv0859
