Deletion size,Max growth rate,Min production rate,Deleted genes,,,,,,,,,
8,0.028061940150799,0.351004543986261,Rv2495c,Rv2215,Rv3356c,Rv1902c,Rv0162c,Rv3601c,Rv0084,Rv2899c,,
10,0.0280619401507997,0.351005144902926,Rv2495c,Rv2215,Rv3356c,Rv1902c,Rv3601c,Rv3293,Rv0147,Rv0084,Rv2899c,Rv3535c
