Deletion size,Max growth rate,Min production rate,Deleted genes,,,,,,,,,,,
9,0.0248867571795437,0.396279972043417,Rv2495c,Rv2215,Rv3356c,Rv1902c,Rv0162c,Rv2920c,Rv3601c,Rv0084,Rv2899c,,,
12,0.0277982291352998,0.676616851637953,Rv0843,Rv0462,Rv2496c,Rv3356c,Rv1902c,Rv0694,Rv3601c,Rv3293,Rv0147,Rv0084,Rv2899c,Rv3535c
12,0.0248867571795437,0.396280444321216,Rv0843,Rv0462,Rv2496c,Rv3356c,Rv1902c,Rv2920c,Rv3601c,Rv3293,Rv0147,Rv0084,Rv2899c,Rv3535c
