Deletion size,Max growth rate,Min production rate,Deleted genes,,,,,,
2,0.0398332148477152,0.0241543829906732,Rv3356c,Rv2945c,,,,,
4,0.0219349832234118,0.00208144651092268,Rv1445c,Rv3010c,Rv3356c,Rv2920c,,,
5,0.0218312795317523,0.00409845983843471,Rv1448c,Rv3010c,Rv3356c,Rv2476c,Rv2780,,
7,0.0337791999716886,0.0204833030120819,Rv2495c,Rv2215,Rv3356c,Rv0753c,Rv0162c,Rv0084,Rv2899c
7,0.0337792000740375,0.0204833080073812,Rv2495c,Rv2215,Rv3356c,Rv0162c,Rv3601c,Rv0084,Rv2899c
