Deletion size,Max growth rate,Min production rate,Deleted genes,,,,,
2,0.0459905927806147,1.33309588032666,Rv1311,Rv0084,,,,
6,0.0494243610087901,1.00306178742453,Rv2495c,Rv2215,Rv0753c,Rv0162c,Rv0084,Rv2899c
