Deletion size,Max growth rate,Min production rate,Deleted genes,,,,,,
2,0.0398332148477152,0.0241543829906731,Rv3356c,Rv2945c,,,,,
4,0.0219349832650451,0.00208144863078974,Rv1445c,Rv3010c,Rv3356c,Rv2920c,,,
5,0.0218312794762409,0.00409846209822773,Rv1448c,Rv3010c,Rv3356c,Rv2476c,Rv2780,,
7,0.0337792000549551,0.0204833015595798,Rv2495c,Rv2215,Rv3356c,Rv0753c,Rv0162c,Rv0084,Rv2899c
7,0.0337792000827111,0.0204833099842213,Rv2495c,Rv2215,Rv3356c,Rv0162c,Rv3601c,Rv0084,Rv2899c
