Deletion size,Max growth rate,Min production rate,Deleted genes,,,,,,,,
2,0.0398688818203309,0.0241760113104994,Rv3356c,Rv2945c,,,,,,,
6,0.0172098528097613,0.00705981579609816,Rv2443,Rv3356c,Rv1236,Rv1098c,Rv2920c,Rv1475c,,,
7,0.0172098527924142,0.00705983631514743,Rv2443,Rv3356c,Rv1236,Rv2332,Rv1240,Rv2920c,Rv1475c,,
9,0.0182441678952938,0.0049007610234512,Rv1122,Rv1844c,Rv3010c,Rv2443,Rv3356c,Rv2332,Rv1240,Rv2920c,Rv1475c
