Deletion size,Max growth rate,Min production rate,Deleted genes,,,,,,,,,,
3,0.0506457379974798,0.042534982205503,Rv1448c,Rv1445c,Rv1200,,,,,,,,
4,0.0506457379974798,0.042534982205503,Rv1448c,Rv1200,Rv1121,Rv1447c,,,,,,,
4,0.0506457379974798,0.042534982205503,Rv1122,Rv1844c,Rv1448c,Rv1200,,,,,,,
11,0.024319970852762,0.0204252056906023,Rv1448c,Rv3303c,Rv0234c,Rv1731,Rv1826,Rv1704c,Rv1236,Rv1121,Rv1447c,Rv0118c,Rv1837c
11,0.0243199708805176,0.0204251902876847,Rv1448c,Rv1826,Rv1704c,Rv3432c,Rv1236,Rv1832,Rv1121,Rv1447c,Rv1248c,Rv1915,Rv0467
