Deletion size,Max growth rate,Min production rate,Deleted genes,,,,,,,,,,,
9,0.0248867573460766,0.396279984696764,Rv2495c,Rv2215,Rv3356c,Rv1902c,Rv0162c,Rv2920c,Rv3601c,Rv0084,Rv2899c,,,
9,0.0277982291630564,0.676618497379201,Rv2495c,Rv2215,Rv3356c,Rv0753c,Rv1902c,Rv0162c,Rv0694,Rv0084,Rv2899c,,,
9,0.0382347226359928,0.65415841657006,Rv2495c,Rv2215,Rv2443,Rv0753c,Rv1902c,Rv0162c,Rv2920c,Rv0084,Rv2899c,,,
9,0.0250774037223849,0.414635083130543,Rv2495c,Rv2215,Rv3356c,Rv2476c,Rv0753c,Rv1902c,Rv0162c,Rv0084,Rv2899c,,,
10,0.0277195123105769,0.46510259801546,Rv2495c,Rv2215,Rv3356c,Rv1902c,Rv0162c,Rv1098c,Rv0211,Rv2920c,Rv0084,Rv2899c,,
10,0.0277982291353003,0.676617979617531,Rv0843,Rv0462,Rv2495c,Rv3356c,Rv1902c,Rv0162c,Rv0694,Rv3601c,Rv0084,Rv2899c,,
12,0.0277982291353007,0.676616851638348,Rv0843,Rv0462,Rv2496c,Rv3356c,Rv1902c,Rv0694,Rv3601c,Rv3293,Rv0147,Rv0084,Rv2899c,Rv3535c
12,0.0248867571795437,0.396280444321194,Rv0843,Rv0462,Rv2496c,Rv3356c,Rv1902c,Rv2920c,Rv3601c,Rv3293,Rv0147,Rv0084,Rv2899c,Rv3535c
12,0.0277982291353007,0.676616296616141,Rv3303c,Rv0843,Rv0462,Rv3356c,Rv1902c,Rv0694,Rv3601c,Rv3293,Rv0147,Rv0084,Rv2899c,Rv3535c
