Deletion size,Max growth rate,Min production rate,Deleted genes,,,,,,,,,,,,
3,0.050645737945438,0.0425350069237447,Rv1448c,Rv1445c,Rv1200,,,,,,,,,,
4,0.050645737945438,0.0425350069237447,Rv1448c,Rv1200,Rv1121,Rv1447c,,,,,,,,,
4,0.050645737945438,0.0425350069237447,Rv1122,Rv1844c,Rv1448c,Rv1200,,,,,,,,,
10,0.0205659101416219,0.0172723629763242,Rv1448c,Rv1445c,Rv1826,Rv1704c,Rv1236,Rv1832,Rv1248c,Rv1475c,Rv3290c,Rv2589,,,
10,0.022173002713981,0.0186220633243761,Rv1122,Rv1844c,Rv1448c,Rv3010c,Rv3303c,Rv1826,Rv1704c,Rv3432c,Rv1248c,Rv1475c,,,
12,0.0242673556934025,0.020381058869393,Rv1448c,Rv0234c,Rv1731,Rv1826,Rv1704c,Rv1236,Rv2332,Rv1240,Rv1832,Rv1121,Rv1447c,Rv0118c,
12,0.02217300265847,0.0186218232662995,Rv1448c,Rv1445c,Rv3010c,Rv3303c,Rv1826,Rv1704c,Rv3432c,Rv1248c,Rv0118c,Rv1837c,Rv3339c,Rv0066c,
13,0.0216831766374053,0.0182107031925105,Rv1448c,Rv1445c,Rv3010c,Rv1826,Rv2697c,Rv2967c,Rv1704c,Rv3432c,Rv1832,Rv1248c,Rv0118c,Rv0211,Rv1837c
