Deletion size,Max growth rate,Min production rate,Deleted genes,,,,,,,,,
10,0.0294073884951608,0.831557173394908,Rv0843,Rv0462,Rv2496c,Rv3356c,Rv0753c,Rv3293,Rv0147,Rv0084,Rv2899c,Rv3535c
7,0.0294073885506719,0.831555441509568,Rv2495c,Rv2215,Rv3356c,Rv0162c,Rv3601c,Rv0084,Rv2899c,,,
8,0.0294073885506719,0.831555441509568,Rv0843,Rv0462,Rv2496c,Rv3356c,Rv0162c,Rv3601c,Rv0084,Rv2899c,,
