Deletion size,Max growth rate,Min production rate,Deleted genes,,,,,,,,,,
4,0.0371160235303939,1.93827592784587,Rv1902c,Rv0211,Rv2920c,Rv0084,,,,,,,
5,0.0375945038986835,1.98045167893619,Rv1902c,Rv1240,Rv1837c,Rv2920c,Rv0084,,,,,,
11,0.0283462159649873,0.729380105059629,Rv0843,Rv0462,Rv2495c,Rv3356c,Rv1902c,Rv3601c,Rv3293,Rv0147,Rv0084,Rv2899c,Rv3535c
