Deletion size,Max growth rate,Min production rate,Deleted genes,,,,,
1,0.0463781907068364,0.168555205143151,Rv1311,,,,,
5,0.0505199438325209,0.00287402832666264,Rv0408,Rv1915,Rv0467,Rv3339c,Rv0066c,
5,0.0505199438047655,0.00287395574145655,Rv0408,Rv0118c,Rv1837c,Rv3339c,Rv0066c,
6,0.0499492632790174,0.417945243798541,Rv2443,Rv2332,Rv1240,Rv1098c,Rv0118c,Rv0694
