Deletion size,Max growth rate,Min production rate,Deleted genes,,,,,,,,,,,
3,0.050645737945438,0.0425350069237447,Rv1448c,Rv1445c,Rv1200,,,,,,,,,
4,0.050645737945438,0.0425350069237447,Rv1448c,Rv1200,Rv1121,Rv1447c,,,,,,,,
4,0.050645737945438,0.0425350069237447,Rv1122,Rv1844c,Rv1448c,Rv1200,,,,,,,,
12,0.0242673557211579,0.0203809339952646,Rv1448c,Rv0234c,Rv1731,Rv1826,Rv1704c,Rv1236,Rv2332,Rv1240,Rv1832,Rv1121,Rv1447c,Rv0118c
12,0.022173002852759,0.0186220609843051,Rv1448c,Rv1445c,Rv3010c,Rv3303c,Rv1826,Rv1704c,Rv3432c,Rv1248c,Rv0118c,Rv1837c,Rv3339c,Rv0066c
