Deletion size,Max growth rate,Min production rate,Deleted genes,,,
3,0.050645737945438,0.0425350069237447,Rv1448c,Rv1445c,Rv1200,
4,0.050645737945438,0.0425350069237447,Rv1448c,Rv1200,Rv1121,Rv1447c
