Deletion size,Max growth rate,Min production rate,Deleted genes,,,,,,,,,,,
3,0.0506457379419687,0.0425349628262678,Rv1448c,Rv1445c,Rv1200,,,,,,,,,
4,0.0506457379419687,0.0425349628262678,Rv1448c,Rv1200,Rv1121,Rv1447c,,,,,,,,
4,0.0506457379419687,0.0425349628262678,Rv1122,Rv1844c,Rv1448c,Rv1200,,,,,,,,
10,0.0205659101971331,0.0172724584828281,Rv1122,Rv1844c,Rv1448c,Rv1826,Rv1704c,Rv3432c,Rv1236,Rv2211c,Rv1248c,Rv1475c,,
11,0.024319970908273,0.0204250621128208,Rv1122,Rv1844c,Rv1448c,Rv0234c,Rv1731,Rv1826,Rv1704c,Rv1236,Rv1832,Rv1915,Rv0467,
12,0.024319970908273,0.0204249280788238,Rv1122,Rv1844c,Rv1448c,Rv1826,Rv1704c,Rv1236,Rv1832,Rv1248c,Rv1915,Rv0467,Rv3290c,Rv2589
