Deletion size,Max growth rate,Min production rate,Deleted genes,,,
4,0.0506457379419687,0.0425349628262678,Rv1448c,Rv1200,Rv1121,Rv1447c
3,0.0506457379419687,0.0425349628262678,Rv1448c,Rv1445c,Rv1200,
