Deletion size,Max growth rate,Min production rate,Deleted genes,,,,,,,,,,,,
4,0.0524122867278531,0.00944991730952865,Rv1188,Rv1098c,Rv1872c,Rv3150,,,,,,,,,
4,0.0505390278762743,0.00911214082940058,Rv1188,Rv1098c,Rv0694,Rv3150,,,,,,,,,
5,0.0524122867000979,0.00944988440050484,Rv3319,Rv0247c,Rv0248c,Rv1188,Rv1098c,,,,,,,,
8,0.0254962724778226,0.00819907464077358,Rv3303c,Rv0234c,Rv1731,Rv1826,Rv1236,Rv1098c,Rv0118c,Rv1837c,,,,,
8,0.0216654021997708,0.00696689830600966,Rv3303c,Rv0234c,Rv1731,Rv1826,Rv1704c,Rv1236,Rv1098c,Rv1475c,,,,,
9,0.0231343146847931,0.00743950645567173,Rv1448c,Rv3010c,Rv0234c,Rv1731,Rv1826,Rv1704c,Rv1832,Rv1098c,Rv1475c,,,,
10,0.0231343146847931,0.00743957103555247,Rv1448c,Rv3010c,Rv3303c,Rv1826,Rv1704c,Rv1098c,Rv1248c,Rv1475c,Rv3290c,Rv2589,,,
12,0.0263566418027055,0.00424466313982073,Rv1448c,Rv3010c,Rv3303c,Rv0234c,Rv1731,Rv1826,Rv1121,Rv1447c,Rv1098c,Rv0118c,Rv1837c,Rv2202c,
13,0.025591830130957,0.238058453925882,Rv2495c,Rv2215,Rv0234c,Rv1731,Rv1826,Rv0753c,Rv1236,Rv2211c,Rv0162c,Rv1098c,Rv0886,Rv3106,Rv2899c
