Deletion size,Max growth rate,Min production rate,Deleted genes,,
3,0.0250242471421372,0.0638355703237344,Rv2476c,Rv1236,Rv1475c
3,0.0263711646883918,0.0595822497776636,Rv3010c,Rv2476c,Rv1475c
