Deletion size,Max growth rate,Min production rate,Deleted genes,,,,,,
7,0.0514219129582789,0.00927121222898025,Rv3319,Rv0247c,Rv0248c,Rv2443,Rv1188,Rv1098c,Rv0859
6,0.0514219129305225,0.00927123059653337,Rv2443,Rv1188,Rv1098c,Rv1872c,Rv3150,Rv0859,
