Deletion size,Max growth rate,Min production rate,Deleted genes,,,,
2,0.0399404076259014,0.024219385069017,Rv3356c,Rv2945c,,,
5,0.0218238109717813,0.00442312393572381,Rv1445c,Rv3010c,Rv3356c,Rv2476c,Rv2780
