Deletion size,Max growth rate,Min production rate,Deleted genes,,,,,
2,0.0459905927806147,1.33309588032666,Rv1311,Rv0084,,,,
3,0.0481394355146935,0.431377619272098,Rv0084,Rv2899c,Rv1475c,,,
3,0.0467617013295766,0.0727657545357943,Rv0211,Rv0694,Rv0084,,,
3,0.0477904822966415,0.21333364729551,Rv1240,Rv0694,Rv0084,,,
5,0.0256290292420281,0.0270578961353749,Rv1236,Rv2332,Rv1240,Rv0084,Rv2899c,
6,0.04942436100879,1.00306178742453,Rv2495c,Rv2215,Rv0753c,Rv0162c,Rv0084,Rv2899c
6,0.0494243610226678,1.00306182843633,Rv2495c,Rv2215,Rv0753c,Rv0084,Rv2899c,Rv3535c
6,0.0494243610087901,1.00306179204324,Rv2495c,Rv2215,Rv3601c,Rv0084,Rv2899c,Rv3535c
