Deletion size,Max growth rate,Min production rate,Deleted genes,,,,
2,0.0398867392974867,0.0241868403042541,Rv3356c,Rv2945c,,,
5,0.0218186950272225,0.00438631623213565,Rv1445c,Rv3010c,Rv3356c,Rv2476c,Rv2780
