Deletion size,Max growth rate,Min production rate,Deleted genes,,,,,,,
4,0.0524122867694866,0.00944995235062909,Rv1188,Rv1098c,Rv1872c,Rv3150,,,,
4,0.0505390278806109,0.009112141065373,Rv1188,Rv1098c,Rv0694,Rv3150,,,,
5,0.0524122867000977,0.00944988440050554,Rv3319,Rv0247c,Rv0248c,Rv1188,Rv1098c,,,
8,0.0254962724223116,0.00819905454024727,Rv3303c,Rv0234c,Rv1731,Rv1826,Rv1236,Rv1098c,Rv0118c,Rv1837c
