Deletion size,Max growth rate,Min production rate,Deleted genes,,,,,,,,,,
4,0.0378119200878903,0.593350036593929,Rv3356c,Rv2332,Rv0211,Rv1475c,,,,,,,
6,0.0220040115202673,0.0231526906913521,Rv1448c,Rv3010c,Rv3356c,Rv0753c,Rv2332,Rv0211,,,,,
8,0.0438404285167475,0.909278624186414,Rv2495c,Rv2215,Rv0753c,Rv2332,Rv0162c,Rv0211,Rv0084,Rv2899c,,,
8,0.043840428516314,0.264362999579419,Rv2495c,Rv2215,Rv0753c,Rv0162c,Rv1240,Rv0211,Rv0084,Rv2899c,,,
9,0.0438404285167475,0.909278633200062,Rv3303c,Rv0843,Rv0462,Rv0753c,Rv2332,Rv0162c,Rv0211,Rv0084,Rv2899c,,
9,0.0438404285167473,0.250264540463219,Rv3303c,Rv0843,Rv0462,Rv0753c,Rv2332,Rv0211,Rv0084,Rv2899c,Rv3535c,,
10,0.043840428516314,0.264362964741473,Rv2495c,Rv2215,Rv0753c,Rv1240,Rv0211,Rv3293,Rv0147,Rv0084,Rv2899c,Rv3535c,
10,0.0244876287901288,0.147663271779238,Rv3010c,Rv0843,Rv0462,Rv2496c,Rv0753c,Rv1240,Rv0211,Rv0084,Rv2899c,Rv3535c,
11,0.043840428516314,0.264362902608584,Rv3303c,Rv0843,Rv0462,Rv0753c,Rv1240,Rv0211,Rv3293,Rv0147,Rv0084,Rv2899c,Rv3535c
