Deletion size,Max growth rate,Min production rate,Deleted genes,,,,,,,,,
5,0.0505114043336311,0.00287354764237709,Rv0408,Rv0118c,Rv1837c,Rv3339c,Rv0066c,,,,,
5,0.0505114043336311,0.00287354764237709,Rv0118c,Rv1837c,Rv3339c,Rv0066c,Rv0409,,,,,
6,0.0406943966783267,0.409924434991481,Rv1098c,Rv0118c,Rv1837c,Rv1311,Rv3339c,Rv0066c,,,,
8,0.0505114043544474,0.00287354862550916,Rv2443,Rv2332,Rv1240,Rv1098c,Rv0118c,Rv3339c,Rv0066c,Rv0409,,
8,0.0168889683527942,0.306435788923409,Rv3010c,Rv2332,Rv1240,Rv1098c,Rv0118c,Rv1311,Rv3339c,Rv0066c,,
10,0.0483235449137489,0.00274913480327382,Rv2443,Rv2332,Rv1240,Rv0408,Rv1188,Rv0118c,Rv0694,Rv3150,Rv3339c,Rv0066c
