Deletion size,Max growth rate,Min production rate,Deleted genes,,,,,,
5,0.0431776494919095,0.865923681268626,Rv2443,Rv1188,Rv0694,Rv1311,Rv3150,,
6,0.0505115491412282,0.0091071453867842,Rv2443,Rv2332,Rv1240,Rv1188,Rv0694,Rv3150,
6,0.0523839997046976,0.00944477470612249,Rv2443,Rv2332,Rv1240,Rv1188,Rv1872c,Rv3150,
7,0.052383999746331,0.00944478028353917,Rv3319,Rv0247c,Rv0248c,Rv2443,Rv2332,Rv1240,Rv1188
