Deletion size,Max growth rate,Min production rate,Deleted genes,,,,,,,,,,
4,0.0378119200878904,0.593350036593933,Rv3356c,Rv2332,Rv0211,Rv1475c,,,,,,,
8,0.0438404285167477,0.909278624186414,Rv2495c,Rv2215,Rv0753c,Rv2332,Rv0162c,Rv0211,Rv0084,Rv2899c,,,
11,0.043840428516314,0.264362902608584,Rv3303c,Rv0843,Rv0462,Rv0753c,Rv1240,Rv0211,Rv3293,Rv0147,Rv0084,Rv2899c,Rv3535c
