Deletion size,Max growth rate,Min production rate,Deleted genes,,,
1,0.0525498010085009,0.0803046595527615,Rv2443,,,
4,0.0487636186711524,0.240111153288795,Rv2443,Rv2332,Rv0211,Rv2920c
4,0.0473621875891204,0.0484114489929919,Rv1448c,Rv2443,Rv2920c,Rv0084
4,0.0487636186711525,0.0779003158183807,Rv2443,Rv2476c,Rv2920c,Rv2780
4,0.0494130886972482,0.130099851480876,Rv2443,Rv2476c,Rv2332,Rv0211
