Deletion size,Max growth rate,Min production rate,Deleted genes,,,,
2,0.0398867392974867,0.024186840304254,Rv3356c,Rv2945c,,,
5,0.0218186950827329,0.00438631824661739,Rv1445c,Rv3010c,Rv3356c,Rv2476c,Rv2780
