Deletion size,Max growth rate,Min production rate,Deleted genes,,,,,,,
5,0.0521027999318221,0.00939408280127167,Rv2443,Rv1098c,Rv1872c,Rv3150,Rv1555,,,
6,0.0502383968030403,0.00905793318118724,Rv2443,Rv2332,Rv1240,Rv0694,Rv3150,Rv1555,,
7,0.0500741555533437,0.0127380640113388,Rv3319,Rv0247c,Rv0248c,Rv0234c,Rv1731,Rv1555,Rv1475c,
7,0.052102799959578,0.00939408492702443,Rv2443,Rv2332,Rv1240,Rv1188,Rv1872c,Rv3150,Rv0859,
7,0.0500741555533433,0.0127380641773369,Rv3319,Rv0247c,Rv0248c,Rv3432c,Rv1248c,Rv1555,Rv1475c,
7,0.0502383967614063,0.00905793108413708,Rv2443,Rv2332,Rv1240,Rv1188,Rv0694,Rv3150,Rv0859,
8,0.0519347448950822,0.0132113681463414,Rv3319,Rv0247c,Rv0248c,Rv3432c,Rv1248c,Rv0118c,Rv1837c,Rv1555
8,0.050074155581099,0.012738064078907,Rv3319,Rv0247c,Rv0248c,Rv1248c,Rv1555,Rv1475c,Rv3290c,Rv2589
