Deletion size,Max growth rate,Min production rate,Deleted genes,,,,,,
5,0.0523839997046974,0.00944478826152261,Rv2443,Rv1188,Rv1098c,Rv1872c,Rv3150,,
6,0.0523839997185752,0.00944478632217472,Rv2443,Rv2332,Rv1240,Rv1188,Rv1872c,Rv3150,
7,0.0523839998018417,0.00944478309338543,Rv3319,Rv0247c,Rv0248c,Rv2443,Rv2332,Rv1240,Rv1188
6,0.0523839997185751,0.00944482765320614,Rv3319,Rv0247c,Rv0248c,Rv2443,Rv1188,Rv1098c,
