Deletion size,Max growth rate,Min production rate,Deleted genes,,,
3,0.0487636186711524,0.296889447648691,Rv3432c,Rv1248c,Rv2920c,
3,0.0487636186711524,0.296889442272153,Rv0234c,Rv1731,Rv2920c,
4,0.0493150785508222,0.418987025923026,Rv1902c,Rv1240,Rv1915,Rv0467
