Deletion size,Max growth rate,Min production rate,Deleted genes,,,,,,,
2,0.0399404076259014,0.024219385069017,Rv3356c,Rv2945c,,,,,,
5,0.0218238109717813,0.00442312393572381,Rv1445c,Rv3010c,Rv3356c,Rv2476c,Rv2780,,,
5,0.0218485666272233,0.00411879139584592,Rv1448c,Rv3010c,Rv3356c,Rv2476c,Rv2780,,,
8,0.0360528077263312,0.0218619324490765,Rv3303c,Rv0843,Rv0462,Rv3356c,Rv0162c,Rv0211,Rv0084,Rv2899c
