Deletion size,Max growth rate,Min production rate,Deleted genes,,,,
2,0.0505199438325207,0.00287402456580434,Rv0408,Rv1475c,,,
4,0.0497478483484952,0.00283009234422463,Rv0408,Rv0211,Rv1837c,Rv1623c,
5,0.0477078642768683,0.72678480537402,Rv0234c,Rv1731,Rv1902c,Rv0211,Rv1475c
