Deletion size,Max growth rate,Min production rate,Deleted genes,,,,,,,,,,,,,
1,0.0512788881029321,0.0310949023753476,Rv3356c,,,,,,,,,,,,,
10,0.029483856803612,0.242013821185935,Rv2495c,Rv2215,Rv0753c,Rv1902c,Rv0162c,Rv1240,Rv2920c,Rv0694,Rv0084,Rv2899c,,,,
11,0.0321161627320142,0.0954879554923556,Rv2495c,Rv2215,Rv0753c,Rv1902c,Rv0162c,Rv1240,Rv0211,Rv2920c,Rv0522,Rv0084,Rv2899c,,,
14,0.0345145573615014,0.0751692066715972,Rv0843,Rv0462,Rv2496c,Rv2443,Rv2476c,Rv0753c,Rv2332,Rv0162c,Rv1098c,Rv0211,Rv0694,Rv0522,Rv0084,Rv2899c
