Deletion size,Max growth rate,Min production rate,Deleted genes,,,,,,,,,,,
9,0.0248867571795437,0.396279972043417,Rv2495c,Rv2215,Rv3356c,Rv1902c,Rv0162c,Rv2920c,Rv3601c,Rv0084,Rv2899c,,,
10,0.0277982290520339,0.676618240259232,Rv2495c,Rv2215,Rv3356c,Rv1902c,Rv0162c,Rv1098c,Rv0211,Rv2920c,Rv0084,Rv2899c,,
12,0.0382347226498708,0.654158390209209,Rv0843,Rv0462,Rv2496c,Rv3356c,Rv1902c,Rv0694,Rv3601c,Rv3293,Rv0147,Rv0084,Rv2899c,Rv3535c
12,0.0250774044995408,0.414636693721073,Rv3303c,Rv0843,Rv0462,Rv3356c,Rv1902c,Rv0694,Rv3601c,Rv3293,Rv0147,Rv0084,Rv2899c,Rv3535c
9,0.0277195123105769,0.465102598015488,Rv2495c,Rv2215,Rv3356c,Rv2476c,Rv0753c,Rv1902c,Rv0162c,Rv0084,Rv2899c,,,
12,0.0277982291353001,0.676617979617814,Rv0843,Rv0462,Rv2496c,Rv3356c,Rv1902c,Rv2920c,Rv3601c,Rv3293,Rv0147,Rv0084,Rv2899c,Rv3535c
9,0.0277982291352998,0.676616851637953,Rv2495c,Rv2215,Rv3356c,Rv0753c,Rv1902c,Rv0162c,Rv0694,Rv0084,Rv2899c,,,
9,0.0248867571795437,0.396280444321216,Rv2495c,Rv2215,Rv2443,Rv0753c,Rv1902c,Rv0162c,Rv2920c,Rv0084,Rv2899c,,,
10,0.0277982291352998,0.676616296616025,Rv0843,Rv0462,Rv2495c,Rv3356c,Rv1902c,Rv0162c,Rv0694,Rv3601c,Rv0084,Rv2899c,,
