Deletion size,Max growth rate,Min production rate,Deleted genes,,,,,,,,
9,0.0409814255398797,0.00738890991703575,Rv2443,Rv2332,Rv1240,Rv1188,Rv1712,Rv2920c,Rv0694,Rv3150,Rv0859
9,0.0409814256474332,0.00738892004927073,Rv2443,Rv1902c,Rv1188,Rv1712,Rv1098c,Rv1872c,Rv2920c,Rv3150,Rv0859
9,0.0277661004726972,0.00500619671698359,Rv3010c,Rv2443,Rv2332,Rv1240,Rv1188,Rv1712,Rv0694,Rv3150,Rv0859
