Deletion size,Max growth rate,Min production rate,Deleted genes,,,,,
6,0.0499401221740099,0.0287636612243715,Rv3319,Rv0247c,Rv0248c,Rv2443,Rv1098c,Rv1555
6,0.0516407830053186,0.00931078585805133,Rv2443,Rv2332,Rv1240,Rv1872c,Rv3150,Rv1555
5,0.0516407829914406,0.00931077449783049,Rv2443,Rv1098c,Rv1872c,Rv3150,Rv1555,
