Deletion size,Max growth rate,Min production rate,Deleted genes,,,,,,
5,0.0521027999318219,0.00939408280130991,Rv2443,Rv1098c,Rv1872c,Rv3150,Rv1555,,
7,0.0500741555533437,0.0127380640113371,Rv3319,Rv0247c,Rv0248c,Rv0234c,Rv1731,Rv1555,Rv1475c
7,0.052102799959578,0.00939408492706442,Rv2443,Rv2332,Rv1240,Rv1188,Rv1872c,Rv3150,Rv0859
