Deletion size,Max growth rate,Min production rate,Deleted genes,,,,,,
7,0.0515037714588242,0.00928607995615792,Rv2443,Rv2332,Rv1240,Rv1188,Rv1872c,Rv3150,Rv0859
7,0.0515037714588236,0.00928606191721027,Rv3319,Rv0247c,Rv0248c,Rv2443,Rv1188,Rv1098c,Rv0859
