Deletion size,Max growth rate,Min production rate,Deleted genes,,,,,,,
2,0.0399404076259014,0.024219385069017,Rv3356c,Rv2945c,,,,,,
5,0.0218238109717813,0.00442312393572641,Rv1445c,Rv3010c,Rv3356c,Rv2476c,Rv2780,,,
5,0.0218485667937556,0.00411880894926026,Rv1448c,Rv3010c,Rv3356c,Rv2476c,Rv2780,,,
7,0.0338641366320425,0.0205348076950141,Rv2495c,Rv2215,Rv3356c,Rv0753c,Rv0084,Rv2899c,Rv3535c,
8,0.0360528074487757,0.0218617695720713,Rv3303c,Rv0843,Rv0462,Rv3356c,Rv0162c,Rv0211,Rv0084,Rv2899c
