Deletion size,Max growth rate,Min production rate,Deleted genes,,,,,,,,
1,0.04885930162387,0.0296276935746469,Rv3356c,,,,,,,,
9,0.0413633594307911,0.00745777409085736,Rv3319,Rv0247c,Rv0248c,Rv2443,Rv1188,Rv1098c,Rv2920c,Rv0694,Rv0859
8,0.0413633594307928,0.00745780915025088,Rv2443,Rv2332,Rv1240,Rv1188,Rv2920c,Rv0694,Rv3150,Rv0859,
9,0.0511672921518287,0.0092254078423229,Rv3319,Rv0247c,Rv0248c,Rv2443,Rv2332,Rv1240,Rv1188,Rv1712,Rv0859
