Deletion size,Max growth rate,Min production rate,Deleted genes,,,,,,
1,0.0463781907068362,0.168555205143144,Rv1311,,,,,,
2,0.0512082180544634,0.415877124812463,Rv1098c,Rv0694,,,,,
3,0.0482415481572709,0.143758878648455,Rv1902c,Rv0211,Rv1837c,,,,
5,0.0505284862054007,0.00287450604665163,Rv0118c,Rv1837c,Rv3339c,Rv0066c,Rv0409,,
7,0.0505284862192786,0.00287447695814856,Rv2332,Rv1240,Rv0408,Rv1098c,Rv0118c,Rv3339c,Rv0066c
