Deletion size,Max growth rate,Min production rate,Deleted genes,,,,,,
7,0.0514628097123523,0.00927872702296453,Rv3319,Rv0247c,Rv0248c,Rv2443,Rv1188,Rv1098c,Rv0859
6,0.0514628096568413,0.00927869112879577,Rv2443,Rv1188,Rv1098c,Rv1872c,Rv3150,Rv0859,
