Deletion size,Max growth rate,Min production rate,Deleted genes,,,,,,,,
3,0.0487636186711524,0.296889447648691,Rv3432c,Rv1248c,Rv2920c,,,,,,
3,0.0487636186711524,0.296889442272153,Rv0234c,Rv1731,Rv2920c,,,,,,
3,0.0480087279563004,0.292293308370648,Rv1240,Rv2920c,Rv0694,,,,,,
3,0.0426901347939504,0.259912037139163,Rv0211,Rv2920c,Rv0694,,,,,,
3,0.049413088627859,0.187634311895128,Rv2476c,Rv3432c,Rv1248c,,,,,,
4,0.0493150785508222,0.418987025923026,Rv1902c,Rv1240,Rv1915,Rv0467,,,,,
4,0.0494130886556149,0.18763429136969,Rv2476c,Rv1248c,Rv3290c,Rv2589,,,,,
9,0.0235366042116209,0.235011520034218,Rv3010c,Rv1826,Rv1704c,Rv3432c,Rv1832,Rv1121,Rv1447c,Rv1248c,Rv1475c
