Deletion size,Max growth rate,Min production rate,Deleted genes,,,,,
2,0.0459905927806147,1.33309588032666,Rv1311,Rv0084,,,,
3,0.0481394355563266,0.431377736269496,Rv0084,Rv2899c,Rv1475c,,,
3,0.0467617013850877,0.0727657511597499,Rv0211,Rv0694,Rv0084,,,
3,0.0477904823105191,0.213333687328851,Rv1240,Rv0694,Rv0084,,,
5,0.0256290292420281,0.0270578961353749,Rv1236,Rv2332,Rv1240,Rv0084,Rv2899c,
6,0.0494243610087901,1.00306178742453,Rv2495c,Rv2215,Rv0753c,Rv0162c,Rv0084,Rv2899c
6,0.0494243610226678,1.00306182564236,Rv2495c,Rv2215,Rv0753c,Rv0084,Rv2899c,Rv3535c
6,0.0494243610226678,1.00306183685409,Rv2495c,Rv2215,Rv3601c,Rv0084,Rv2899c,Rv3535c
