Deletion size,Max growth rate,Min production rate,Deleted genes,,,,,,,,,,,,
2,0.0398154053371557,0.024143584974119,Rv3356c,Rv2945c,,,,,,,,,,,
7,0.0172098528600687,0.00705982558291365,Rv2443,Rv3356c,Rv1236,Rv2332,Rv1240,Rv2920c,Rv1475c,,,,,,
7,0.018244167879681,0.00490075507685505,Rv1445c,Rv3010c,Rv2443,Rv3356c,Rv1098c,Rv2920c,Rv1475c,,,,,,
7,0.0184314674451767,0.00342648848911196,Rv1448c,Rv3010c,Rv2443,Rv3356c,Rv1098c,Rv2920c,Rv1475c,,,,,,
8,0.018244167879681,0.00490075507685505,Rv1122,Rv1844c,Rv3010c,Rv2443,Rv3356c,Rv1098c,Rv2920c,Rv1475c,,,,,
8,0.0184314674330334,0.00342645250015816,Rv1448c,Rv3010c,Rv2443,Rv3356c,Rv2332,Rv1240,Rv2920c,Rv1475c,,,,,
10,0.0179244454937763,0.00857026096795186,Rv1445c,Rv3010c,Rv2443,Rv1908c,Rv3356c,Rv2476c,Rv2332,Rv1240,Rv2780,Rv1475c,,,
13,0.0179244454486729,0.00857024466279148,Rv1445c,Rv3010c,Rv2443,Rv3356c,Rv2476c,Rv1098c,Rv0118c,Rv1837c,Rv1595,Rv3339c,Rv0066c,Rv2780,Rv1905c
