Deletion size,Max growth rate,Min production rate,Deleted genes,,,,,,,,,,
1,0.0479903964327121,0.0291008013424834,Rv3356c,,,,,,,,,,
8,0.0366890264991001,0.00661534387333935,Rv2443,Rv1188,Rv1098c,Rv2920c,Rv0694,Rv3150,Rv0084,Rv0859,,,
9,0.0366890265546115,0.00661509285019935,Rv2443,Rv2332,Rv1240,Rv1188,Rv2920c,Rv0694,Rv3150,Rv0084,Rv0859,,
9,0.0277563493260208,0.00500516596099283,Rv3319,Rv0247c,Rv3010c,Rv0248c,Rv2443,Rv1188,Rv1712,Rv1098c,Rv0859,,
11,0.0472255132939074,0.00851470158224673,Rv2443,Rv1902c,Rv2332,Rv1240,Rv1188,Rv1712,Rv1872c,Rv3150,Rv1915,Rv0467,Rv0859
