Deletion size,Max growth rate,Min production rate,Deleted genes,,,,,,,,,,
1,0.0479903964465896,0.029100801431857,Rv3356c,,,,,,,,,,
8,0.0366890264990998,0.00661534387334878,Rv2443,Rv1188,Rv1098c,Rv2920c,Rv0694,Rv3150,Rv0084,Rv0859,,,
9,0.0366890267766559,0.00661528068077872,Rv2443,Rv2332,Rv1240,Rv1188,Rv2920c,Rv0694,Rv3150,Rv0084,Rv0859,,
9,0.0277563493260208,0.0050048884268656,Rv3319,Rv0247c,Rv3010c,Rv0248c,Rv2443,Rv1188,Rv1712,Rv1098c,Rv0859,,
11,0.0472255131828846,0.0085146661526488,Rv2443,Rv1902c,Rv2332,Rv1240,Rv1188,Rv1712,Rv1872c,Rv3150,Rv1915,Rv0467,Rv0859
