Deletion size,Max growth rate,Min production rate,Deleted genes,,,,,,
7,0.0505284862192786,0.00287447695814878,Rv2332,Rv1240,Rv0408,Rv1098c,Rv0118c,Rv3339c,Rv0066c
1,0.0463781907068362,0.168555205143184,Rv1311,,,,,,
