Deletion size,Max growth rate,Min production rate,Deleted genes,,,,,,
2,0.0403567140115398,0.0244718275713625,Rv3356c,Rv2945c,,,,,
4,0.020704820952082,0.00278114400850228,Rv3356c,Rv1236,Rv2920c,Rv2930,,,
5,0.0218038709857976,0.0052331969239054,Rv1445c,Rv3010c,Rv3356c,Rv2476c,Rv2780,,
6,0.0188479484862694,0.00346192018957727,Rv2443,Rv3356c,Rv1236,Rv2332,Rv1240,Rv2920c,
7,0.0301945203281527,0.0183095433489105,Rv2495c,Rv2215,Rv3356c,Rv3601c,Rv0084,Rv2899c,Rv3535c
