Deletion size,Max growth rate,Min production rate,Deleted genes,,,,,,
5,0.0431776494919096,0.865923681268625,Rv2443,Rv1188,Rv0694,Rv1311,Rv3150,,
6,0.0505115491551056,0.00910719112124513,Rv2443,Rv2332,Rv1240,Rv1188,Rv0694,Rv3150,
7,0.0523839997185751,0.0094447740845068,Rv3319,Rv0247c,Rv0248c,Rv2443,Rv2332,Rv1240,Rv1188
