Deletion size,Max growth rate,Min production rate,Deleted genes,,,,,,,
6,0.0515037714033134,0.00928608434892958,Rv2443,Rv1188,Rv1098c,Rv1872c,Rv3150,Rv0859,,
6,0.0496300563255704,0.00894825534721168,Rv2443,Rv1188,Rv1098c,Rv0694,Rv3150,Rv0859,,
7,0.0496300563255705,0.00894823475725927,Rv2443,Rv2332,Rv1240,Rv1188,Rv0694,Rv3150,Rv0859,
7,0.0515037714865798,0.0092860857571416,Rv2443,Rv2332,Rv1240,Rv1188,Rv1872c,Rv3150,Rv0859,
7,0.0515037714588239,0.00928606191720985,Rv3319,Rv0247c,Rv0248c,Rv2443,Rv1188,Rv1098c,Rv0859,
8,0.0515037714588242,0.00928607949592142,Rv3319,Rv0247c,Rv0248c,Rv2443,Rv2332,Rv1240,Rv1188,Rv0859
