Deletion size,Max growth rate,Min production rate,Deleted genes,,,,,,,,,,,
3,0.0506457379974798,0.0425349679196093,Rv1448c,Rv1445c,Rv1200,,,,,,,,,
4,0.0506457379974798,0.0425349679196093,Rv1448c,Rv1200,Rv1121,Rv1447c,,,,,,,,
4,0.0506457379974798,0.0425349679196093,Rv1122,Rv1844c,Rv1448c,Rv1200,,,,,,,,
10,0.0205659101971331,0.0172724584828281,Rv1122,Rv1844c,Rv1448c,Rv1826,Rv1704c,Rv3432c,Rv1236,Rv2211c,Rv1248c,Rv1475c,,
12,0.024319970852762,0.0204249223775965,Rv1122,Rv1844c,Rv1448c,Rv1826,Rv1704c,Rv1236,Rv1832,Rv1248c,Rv1915,Rv0467,Rv3290c,Rv2589
