Deletion size,Max growth rate,Min production rate,Deleted genes,,,
1,0.0525498010085009,0.0803046595527615,Rv2443,,,
4,0.0487636186711524,0.240111153288795,Rv2443,Rv2332,Rv0211,Rv2920c
