Deletion size,Max growth rate,Min production rate,Deleted genes,,,,,,,
2,0.0398867392697317,0.0241868399316445,Rv3356c,Rv2945c,,,,,,
4,0.0219677157905072,0.00173680782854629,Rv1448c,Rv3010c,Rv3356c,Rv2920c,,,,
4,0.0207428071003101,0.00501656376456605,Rv3356c,Rv2476c,Rv1236,Rv2780,,,,
7,0.0337933262481961,0.0204918719851702,Rv2495c,Rv2215,Rv3356c,Rv0753c,Rv0084,Rv2899c,Rv3535c,
8,0.0359893972530811,0.0191183290440752,Rv3303c,Rv0843,Rv0462,Rv3356c,Rv0162c,Rv0211,Rv0084,Rv2899c
