Deletion size,Max growth rate,Min production rate,Deleted genes,,,,,,,
4,0.0524122867278531,0.00944991730952865,Rv1188,Rv1098c,Rv1872c,Rv3150,,,,
4,0.0505390278762743,0.00911214082940058,Rv1188,Rv1098c,Rv0694,Rv3150,,,,
5,0.0524122867000979,0.00944988440050484,Rv3319,Rv0247c,Rv0248c,Rv1188,Rv1098c,,,
8,0.0254962724778226,0.00819907464077358,Rv3303c,Rv0234c,Rv1731,Rv1826,Rv1236,Rv1098c,Rv0118c,Rv1837c
