Deletion size,Max growth rate,Min production rate,Deleted genes,,,,,
5,0.0410423037800284,0.0248875297981086,Rv1448c,Rv1445c,Rv1200,Rv3356c,Rv2930,
6,0.0410423037800284,0.0248875297981086,Rv1448c,Rv1200,Rv3356c,Rv1121,Rv1447c,Rv2930
6,0.0410423037800284,0.0248875297981086,Rv1122,Rv1844c,Rv1448c,Rv1200,Rv3356c,Rv2930
