Deletion size,Max growth rate,Min production rate,Deleted genes,,,,
2,0.0505199438880318,0.00287402806861798,Rv0408,Rv1475c,,,
3,0.0496430782401953,0.00282414445351686,Rv1240,Rv0408,Rv0211,,
4,0.0497478483346175,0.00283010247401662,Rv0408,Rv0211,Rv1837c,Rv1623c,
5,0.0477078642803377,0.726784808143316,Rv0234c,Rv1731,Rv1902c,Rv0211,Rv1475c
5,0.0497478483484957,0.00283009986783394,Rv0408,Rv0211,Rv1915,Rv0467,Rv1623c
5,0.0477078642803377,0.726784805582179,Rv3432c,Rv1902c,Rv1248c,Rv0211,Rv1475c
