Deletion size,Max growth rate,Min production rate,Deleted genes,,,,,,,,
8,0.0495110314376042,0.00892678683974468,Rv3319,Rv0247c,Rv0248c,Rv2443,Rv1188,Rv1098c,Rv2920c,Rv0859,
6,0.0511942800827845,0.00923027451053001,Rv2443,Rv1188,Rv1098c,Rv0694,Rv3150,Rv0859,,,
7,0.0477108186267901,0.00860224838789136,Rv2443,Rv1188,Rv1712,Rv1098c,Rv1872c,Rv3150,Rv0859,,
7,0.0511942800827836,0.00923031298739391,Rv2443,Rv1188,Rv1098c,Rv1872c,Rv2920c,Rv3150,Rv0859,,
8,0.0477108185435234,0.00860219716971783,Rv3319,Rv0247c,Rv0248c,Rv2443,Rv1188,Rv1712,Rv1098c,Rv0859,
9,0.0511942800689063,0.00923027397411162,Rv3319,Rv0247c,Rv0248c,Rv2443,Rv2332,Rv1240,Rv1188,Rv2920c,Rv0859
8,0.0511942800827841,0.00923031913086021,Rv2443,Rv2332,Rv1240,Rv1188,Rv1712,Rv1872c,Rv3150,Rv0859,
9,0.0477108186267897,0.00860223251705368,Rv3319,Rv0247c,Rv0248c,Rv2443,Rv2332,Rv1240,Rv1188,Rv1712,Rv0859
