Deletion size,Max growth rate,Min production rate,Deleted genes,,,,,,
7,0.0511403326601133,0.00922057110047776,Rv2443,Rv1188,Rv1712,Rv1098c,Rv1872c,Rv3150,Rv0859
7,0.0492383103067025,0.00887762014728548,Rv2443,Rv1188,Rv1712,Rv1098c,Rv0694,Rv3150,Rv0859
