Deletion size,Max growth rate,Min production rate,Deleted genes,,,,,,,,,
1,0.0520887351142098,0.0315859830365554,Rv3356c,,,,,,,,,
4,0.0396123302318932,0.243979350158013,Rv2476c,Rv1902c,Rv1240,Rv0084,,,,,,
4,0.037313399254303,0.280449540313491,Rv2476c,Rv1902c,Rv0211,Rv0084,,,,,,
10,0.0423073897183254,0.317984706955031,Rv0843,Rv0462,Rv2496c,Rv0753c,Rv2332,Rv0162c,Rv0211,Rv0522,Rv0084,Rv2899c
