Deletion size,Max growth rate,Min production rate,Deleted genes
1,0.0496303676191396,0.302166378317055,Rv2920c
1,0.0499645632352314,0.189728453517381,Rv2476c
