Deletion size,Max growth rate,Min production rate,Deleted genes,,,,,,,,
7,0.0492905589666688,0.00888703398084806,Rv2443,Rv1188,Rv1712,Rv1098c,Rv0694,Rv3150,Rv0859,,
8,0.0475772690656474,0.00857788474118453,Rv2443,Rv1188,Rv1098c,Rv0118c,Rv1837c,Rv0694,Rv3150,Rv0859,
9,0.041312498775439,0.00744862217572369,Rv3319,Rv0247c,Rv0248c,Rv2443,Rv1188,Rv1098c,Rv2920c,Rv0694,Rv0859
