Deletion size,Max growth rate,Min production rate,Deleted genes,,,,,,,,
8,0.0409814256890656,0.0073890232503477,Rv2443,Rv1188,Rv1712,Rv1098c,Rv2920c,Rv0694,Rv3150,Rv0859,
9,0.0409814255398797,0.00738890991703575,Rv2443,Rv2332,Rv1240,Rv1188,Rv1712,Rv2920c,Rv0694,Rv3150,Rv0859
9,0.0277661004726972,0.0050062306520499,Rv3010c,Rv2443,Rv2332,Rv1240,Rv1188,Rv1712,Rv0694,Rv3150,Rv0859
