Deletion size,Max growth rate,Min production rate,Deleted genes,,,,,,
5,0.0523839997046974,0.00944478826152275,Rv2443,Rv1188,Rv1098c,Rv1872c,Rv3150,,
6,0.052383999718575,0.00944478632217497,Rv2443,Rv2332,Rv1240,Rv1188,Rv1872c,Rv3150,
6,0.0523839997463306,0.00944476264936877,Rv3319,Rv0247c,Rv0248c,Rv2443,Rv1188,Rv1098c,
7,0.052383999746331,0.00944483715545059,Rv3319,Rv0247c,Rv0248c,Rv2443,Rv2332,Rv1240,Rv1188
