Deletion size,Max growth rate,Min production rate,Deleted genes,,,,,,
2,0.0403567140115393,0.0244718275713628,Rv3356c,Rv2945c,,,,,
7,0.0207048208826931,0.00278111799555723,Rv2495c,Rv2215,Rv3356c,Rv3601c,Rv0084,Rv2899c,Rv3535c
5,0.0218038709857977,0.00523319692393078,Rv1445c,Rv3010c,Rv3356c,Rv2476c,Rv2780,,
4,0.0301945203281523,0.0183095433488291,Rv3356c,Rv1236,Rv2920c,Rv2930,,,
