Deletion size,Max growth rate,Min production rate,Deleted genes,,,,,
1,0.0463781907068364,0.168555205143191,Rv1311,,,,,
5,0.0505199438325209,0.00287402832667397,Rv0408,Rv1915,Rv0467,Rv3339c,Rv0066c,
5,0.0505199438602758,0.00287396319519507,Rv0408,Rv0118c,Rv1837c,Rv3339c,Rv0066c,
6,0.0499492632512621,0.41794523581547,Rv2443,Rv2332,Rv1240,Rv1098c,Rv0118c,Rv0694
