Deletion size,Max growth rate,Min production rate,Deleted genes,,,,,,
2,0.0403567140115393,0.0244718275713628,Rv3356c,Rv2945c,,,,,
7,0.0301945203281523,0.0183095433488291,Rv2495c,Rv2215,Rv3356c,Rv3601c,Rv0084,Rv2899c,Rv3535c
