Deletion size,Max growth rate,Min production rate,Deleted genes,,,,,,,,,,
11,0.215138937061709,0.152918820209245,YPO1384,YPO0461,YPO0253,YPO2288,YPO2824,YPO2295,YPO3358,YPO2559,YPO3383,YPO3418,YPO2567
11,0.240744218986675,0.089001291083181,YPO2161,YPO0459,YPO3992,YPO0347,YPO2288,YPO0436,YPO3142,YPO3358,YPO2067,YPO3376,YPO1389
11,0.251200526297574,0.0730326751677388,YPO0793,YPO2157,YPO2161,YPO2824,YPO1109,YPO3142,YPO3358,YPO0920,YPO4056,YPO3418,YPO3929
