Deletion size,Max growth rate,Min production rate,Deleted genes,,,,,,,,,,
9,0.223742434368242,0.127913799195129,YPO2157,YPO2161,YPO3992,YPO0347,YPO2288,YPO0436,YPO3142,YPO3358,YPO1149,,
11,0.230926730063008,0.100595666214531,YPO0793,YPO0357,YPO2614,YPO0459,YPO3992,YPO0347,YPO0254,YPO3142,YPO3376,YPO3520,YPO1389
11,0.223578760191636,0.133810800700985,YPO2066,YPO2157,YPO2161,YPO3992,YPO0347,YPO2288,YPO3142,YPO0440,YPO3358,YPO2559,YPO3383
