Deletion size,Max growth rate,Min production rate,Deleted genes,,,,,,,,,,
8,0.271619980390551,0.0417399975419008,YPO0793,YPO2157,YPO0918,YPO2161,YPO1109,YPO3142,YPO3358,YPO3520,,,
8,0.271619980390536,0.0417399974950081,YPO0918,YPO2161,YPO1109,YPO3142,YPO3358,YPO0920,YPO0921,YPO3834,,,
11,0.25703449871696,0.0967766304099626,YPO2157,YPO0918,YPO2161,YPO1541,YPO0254,YPO2288,YPO1109,YPO3142,YPO3358,YPO2533,YPO0439
