Deletion size,Max growth rate,Min production rate,Deleted genes,,,,,,,,,,,
4,0.252747693616254,0.230697732078326,YPO2066,YPO2157,YPO1109,YPO0463,,,,,,,,
5,0.252747693616247,0.230697732077592,YPO1109,YPO0463,YPO0914,YPO1149,YPO1133,,,,,,,
12,0.190491362121113,0.0641927512024068,YPO1137,YPO0461,YPO0091,YPO3080,YPO1845,YPO1511,YPO3034,YPO2067,YPO0920,YPO0921,YPO0442,YPO2393
