Deletion size,Max growth rate,Min production rate,Deleted genes,,,,,
5,0.244308891183102,0.147645513142359,YPO0436,YPO3376,YPO2232,YPO0078,YPO1149,
5,0.244308891183102,0.147645513142586,YPO2066,YPO0436,YPO3376,YPO2232,YPO0920,
6,0.244308891182879,0.147645513142798,YPO2157,YPO1541,YPO0436,YPO2533,YPO2232,YPO0078
