Deletion size,Max growth rate,Min production rate,Deleted genes,,,,,,,,
6,0.232752989615171,10.0367928671876,YPO0070,YPO1771,YPO2552,YPO1109,YPO3376,YPO3520,,,
9,0.283558381214824,4.57110702431121,YPO4078,YPO3992,YPO0347,YPO1114,YPO1177,YPO1569,YPO1617,YPO2552,YPO4056
4,0.283558381214823,22.0698855628227,YPO2552,YPO1109,YPO0920,YPO0921,,,,,
