Deletion size,Max growth rate,Min production rate,Deleted genes,,,,
3,0.24407597108676,0.222782539292671,YPO2066,YPO3285,YPO0463,,
5,0.247178909289816,0.184933169046427,YPO2157,YPO1541,YPO1109,YPO0463,YPO2067
3,0.24407597108676,0.222782539292671,YPO3285,YPO0463,YPO1149,,
