Deletion size,Max growth rate,Min production rate,Deleted genes,
1,0.283558381214823,3.65351648131579,YPO1109,
2,0.283558381214824,0.931625814456873,YPO2552,YPO2567
2,0.283558381214824,0.547236535869363,YPO2552,YPO1133
