Deletion size,Max growth rate,Min production rate,Deleted genes,,,,,,,
6,0.266013603000267,0.197995524051839,YPO1114,YPO1109,YPO3142,YPO3376,YPO1149,YPO0442,,
7,0.281493030537743,0.0233078004777256,YPO3992,YPO0347,YPO0436,YPO3142,YPO2067,YPO0920,YPO0921,
8,0.278667824410092,0.0551906866927964,YPO1541,YPO3992,YPO0347,YPO1114,YPO2552,YPO3142,YPO2067,YPO0921
