Deletion size,Max growth rate,Min production rate,Deleted genes,,,,,,,,,,,
12,0.255874806393247,0.0453095413909408,YPO0918,YPO2161,YPO1541,YPO0254,YPO2288,YPO1109,YPO0436,YPO3142,YPO3358,YPO2533,YPO3376,YPO0914
9,0.20532695108727,0.145944548890886,YPO1384,YPO3949,YPO0253,YPO2288,YPO2824,YPO3358,YPO3418,YPO0439,YPO2567,,,
10,0.167356737835564,0.0647160712995667,YPO2157,YPO2614,YPO3992,YPO0347,YPO0254,YPO0460,YPO1845,YPO3142,YPO3141,YPO3520,,
