Deletion size,Max growth rate,Min production rate,Deleted genes,,,,,,,,
8,0.238798728471307,0.0505119574189092,YPO0792,YPO2161,YPO3992,YPO0347,YPO3080,YPO3142,YPO0920,YPO0921,
9,0.215138937061709,0.073802444234234,YPO1384,YPO0461,YPO0253,YPO2288,YPO2824,YPO0436,YPO3358,YPO3418,YPO2567
7,0.238798728471307,0.0505119574199727,YPO0793,YPO2157,YPO2161,YPO3992,YPO0347,YPO3142,YPO0920,,
