Deletion size,Max growth rate,Min production rate,Deleted genes,,,,,,,,,,,,
13,0.200412457309644,0.175195159043843,YPO1384,YPO4078,YPO3825,YPO3992,YPO0347,YPO1569,YPO1108,YPO1617,YPO2552,YPO0436,YPO0670,YPO2295,YPO3358
13,0.200412457309644,0.175195159043843,YPO1384,YPO4078,YPO3825,YPO3992,YPO0347,YPO1569,YPO1108,YPO1617,YPO2552,YPO0670,YPO2295,YPO3358,YPO0439
