Deletion size,Max growth rate,Min production rate,Deleted genes,,,,,,,,,,,
10,0.20532695108727,0.145944548890312,YPO1384,YPO0253,YPO0460,YPO2288,YPO2824,YPO0440,YPO3358,YPO3418,YPO2567,YPO1171,,
9,0.205652883639028,0.141096592587709,YPO1384,YPO0459,YPO0253,YPO2288,YPO2824,YPO0436,YPO3358,YPO3418,YPO2567,,,
12,0.241306117622857,0.0794705502462048,YPO1384,YPO3949,YPO0253,YPO3285,YPO2824,YPO3358,YPO2074,YPO0920,YPO1389,YPO3418,YPO1133,YPO2567
