Deletion size,Max growth rate,Min production rate,Deleted genes,,,,,,,,,,
10,0.22506183156935,0.124894054182988,YPO2614,YPO3992,YPO0347,YPO0254,YPO2288,YPO0436,YPO3142,YPO3358,YPO0921,YPO1149,
11,0.280668559694292,0.00455773624290145,YPO2614,YPO3992,YPO0347,YPO0254,YPO2288,YPO3142,YPO2533,YPO3376,YPO0920,YPO1389,YPO0439
9,0.225061831569351,0.124894054184141,YPO2066,YPO2161,YPO3992,YPO0347,YPO2288,YPO0436,YPO3142,YPO3358,YPO0921,,
