Deletion size,Max growth rate,Min production rate,Deleted genes,,,,,,,,,,
9,0.224505698163915,0.1317121845818,YPO2066,YPO2161,YPO3992,YPO0347,YPO2288,YPO3142,YPO3358,YPO0921,YPO0439,,
10,0.22479404628161,0.132632913888822,YPO2161,YPO3992,YPO0347,YPO2824,YPO3142,YPO3358,YPO2074,YPO3520,YPO0914,YPO1133,
11,0.151925948054788,0.296034974286385,YPO2157,YPO2161,YPO3992,YPO0347,YPO0460,YPO2288,YPO2824,YPO0436,YPO3142,YPO0440,YPO1149
