Deletion size,Max growth rate,Min production rate,Deleted genes,,,,,,,,,
10,0.240744218986675,0.0949476732923537,YPO3949,YPO2161,YPO3992,YPO0347,YPO2288,YPO3142,YPO2067,YPO3376,YPO0439,YPO0442
10,0.223617971959267,0.133722024050779,YPO2066,YPO2157,YPO2614,YPO3992,YPO0347,YPO0254,YPO2288,YPO3142,YPO3358,YPO0439
9,0.240744218986675,0.094947673292539,YPO2157,YPO2161,YPO3992,YPO0347,YPO0460,YPO2288,YPO3142,YPO2067,YPO0439,
