Deletion size,Max growth rate,Min production rate,Deleted genes,,,,,,,,,,,,,
9,0.215138937061709,0.152918820212108,YPO1384,YPO0461,YPO0253,YPO2288,YPO2824,YPO3358,YPO3418,YPO0439,YPO2567,,,,,
12,0.21513893706171,0.15291882021296,YPO1384,YPO3095,YPO0253,YPO3225,YPO3408,YPO0460,YPO2288,YPO2824,YPO0440,YPO3358,YPO3418,YPO2567,,
14,0.159214344874143,0.279533819402693,YPO1384,YPO0253,YPO3992,YPO0347,YPO2288,YPO2824,YPO3358,YPO2559,YPO3383,YPO3418,YPO2827,YPO3929,YPO2567,YPO3786
