Deletion size,Max growth rate,Min production rate,Deleted genes,,,,,,,,,,,
11,0.223813252927493,0.133279901923324,YPO2161,YPO3992,YPO0347,YPO2288,YPO3142,YPO0440,YPO3358,YPO0914,YPO1149,YPO1133,YPO1171,
12,0.151925948054788,0.296034974286727,YPO2066,YPO0461,YPO2614,YPO3992,YPO0347,YPO0254,YPO2288,YPO2824,YPO3142,YPO0440,YPO0921,YPO1171
12,0.21720502001972,0.148241144760945,YPO2066,YPO2157,YPO2614,YPO3992,YPO0347,YPO0254,YPO2288,YPO3142,YPO2295,YPO3358,YPO2559,YPO2836
