Deletion size,Max growth rate,Min production rate,Deleted genes,,,,,,,,,,
10,0.218739391070136,0.103405201036519,YPO2161,YPO1541,YPO3992,YPO0347,YPO2288,YPO3142,YPO3358,YPO2067,YPO0921,YPO0439,
11,0.218739391070134,0.10340520102902,YPO2066,YPO2157,YPO2614,YPO3992,YPO0347,YPO0254,YPO2288,YPO3142,YPO0440,YPO3358,YPO1171
7,0.17226426526318,0.0383652418212248,YPO0793,YPO0459,YPO3992,YPO0347,YPO1845,YPO0920,YPO0921,,,,
