Deletion size,Max growth rate,Min production rate,Deleted genes,,,,,,,,,,,,,,,,,,,,,,,
23,0.106013437905136,0.0891076539306795,YPO3371,YPO1384,YPO4078,YPO3825,YPO3937,YPO3949,YPO3428,YPO0348,YPO0253,YPO3992,YPO0347,YPO3202,YPO3516,YPO0436,YPO0670,YPO2303,YPO3914,YPO3376,YPO1389,YPO1851,YPO3418,YPO2370,YPO2567,
24,0.0970279690505955,0.0919974325852299,YPO3371,YPO1384,YPO4078,YPO3825,YPO3937,YPO0918,YPO3428,YPO0459,YPO0348,YPO3992,YPO0347,YPO3202,YPO3516,YPO0670,YPO2303,YPO3914,YPO1851,YPO3418,YPO2370,YPO0921,YPO2836,YPO0439,YPO0442,YPO2567
24,0.105718602796186,0.0892813392845333,YPO1384,YPO4078,YPO3825,YPO3937,YPO2157,YPO3949,YPO3428,YPO1962,YPO0348,YPO0253,YPO3992,YPO0347,YPO3202,YPO1145,YPO3014,YPO0436,YPO0670,YPO2303,YPO3914,YPO1851,YPO3418,YPO2370,YPO1133,YPO2567
