Deletion size,Max growth rate,Min production rate,Deleted genes,,,,,,,,
7,0.241574946018781,0.0676842188049868,YPO2161,YPO3992,YPO0347,YPO3142,YPO3141,YPO0920,YPO0921,,
7,0.1935293360017,0.00430438563452883,YPO0459,YPO1845,YPO1109,YPO3376,YPO2074,YPO0920,YPO0442,,
9,0.196370930204801,0.139578689851395,YPO1384,YPO0461,YPO0253,YPO2288,YPO2824,YPO3358,YPO3418,YPO0439,YPO2567
