Deletion size,Max growth rate,Min production rate,Deleted genes,,,,,,,,,,,,,,,,,,,
9,0.227737148403779,0.124396081709713,YPO2066,YPO2614,YPO3992,YPO0347,YPO0254,YPO2288,YPO3142,YPO0921,YPO0439,,,,,,,,,,,
8,0.227737148403779,0.124396081709713,YPO2157,YPO2161,YPO3992,YPO0347,YPO2288,YPO3142,YPO1149,YPO0439,,,,,,,,,,,,
20,0.244727070268139,0.0205478788887481,YPO0918,YPO3949,YPO2161,YPO2995,YPO1756,YPO0254,YPO3849,YPO0465,YPO1511,YPO3034,YPO1109,YPO3142,YPO0440,YPO3358,YPO2559,YPO2067,YPO3376,YPO3383,YPO0914,YPO2393
