Deletion size,Max growth rate,Min production rate,Deleted genes,,,,,,,,,,,,,,,,,,,,
19,0.250137083014063,0.377164497073312,YPO3371,YPO4078,YPO3825,YPO3937,YPO2157,YPO3428,YPO0348,YPO0460,YPO1511,YPO1964,YPO0436,YPO0670,YPO2303,YPO3914,YPO2067,YPO1851,YPO2370,YPO0138,YPO0442,,
19,0.250137083014063,0.377164497072983,YPO3371,YPO4078,YPO3825,YPO3937,YPO3428,YPO0459,YPO0348,YPO1511,YPO1966,YPO0670,YPO2303,YPO3914,YPO2067,YPO1851,YPO2370,YPO1133,YPO0138,YPO0439,YPO0442,,
21,0.215382451259556,0.00356337601422408,YPO4078,YPO3825,YPO3937,YPO2157,YPO3428,YPO0459,YPO0348,YPO1963,YPO1511,YPO1145,YPO3014,YPO1109,YPO0436,YPO0670,YPO2303,YPO3914,YPO2067,YPO3376,YPO1851,YPO2370,YPO2393
