Deletion size,Max growth rate,Min production rate,Deleted genes,,,,,,,,,,,,,,
15,0.243347963610874,0.113445188750562,YPO1384,YPO4078,YPO2066,YPO0253,YPO1177,YPO1569,YPO2824,YPO1617,YPO2552,YPO2303,YPO0440,YPO3418,YPO0921,YPO2567,YPO1171
11,0.203815351010429,0.0671235286251772,YPO1384,YPO0461,YPO0253,YPO2824,YPO1109,YPO2074,YPO3520,YPO1389,YPO3418,YPO1133,YPO2567,,,,
8,0.226047479295111,0.160672513855421,YPO1384,YPO0459,YPO0253,YPO2288,YPO2824,YPO3418,YPO0439,YPO2567,,,,,,,
