Deletion size,Max growth rate,Min production rate,Deleted genes,,,,,,,,,,,,
11,0.240744218986675,0.0949476732901505,YPO2161,YPO3992,YPO0347,YPO0460,YPO2288,YPO3142,YPO0440,YPO2067,YPO1133,YPO0442,YPO1171,,
12,0.257274276223582,0.057523114580321,YPO2157,YPO2614,YPO3992,YPO0347,YPO0254,YPO2288,YPO2824,YPO3142,YPO3358,YPO2067,YPO3520,YPO0439,
13,0.142116909264617,0.0297989403635594,YPO0357,YPO2161,YPO3992,YPO0347,YPO0460,YPO1845,YPO2288,YPO3142,YPO3358,YPO3376,YPO0920,YPO1389,YPO3834
