Deletion size,Max growth rate,Min production rate,Deleted genes,,,,,,,,,,,,
9,0.205652883639028,0.141096592589347,YPO1384,YPO0461,YPO0253,YPO2288,YPO2824,YPO0436,YPO3358,YPO3418,YPO2567,,,,
10,0.257987036796369,0.0465911689099772,YPO3335,YPO2264,YPO0348,YPO3992,YPO0347,YPO1108,YPO2288,YPO1965,YPO3358,YPO0439,,,
13,0.0839542704738915,0.0197493426184759,YPO1384,YPO2157,YPO0091,YPO0253,YPO0460,YPO3080,YPO1845,YPO2824,YPO1109,YPO3358,YPO3520,YPO3418,YPO2567
