Deletion size,Max growth rate,Min production rate,Deleted genes,,,,,,,,,,,
9,0.215138937061709,0.147604888467217,YPO1384,YPO0253,YPO0460,YPO2288,YPO2824,YPO0436,YPO3358,YPO3418,YPO2567,,,
9,0.225698441794352,0.123437024753168,YPO2066,YPO2161,YPO3992,YPO0347,YPO2288,YPO0436,YPO3142,YPO3358,YPO0921,,,
12,0.240744218986675,0.0949476732899827,YPO3949,YPO2161,YPO3992,YPO0347,YPO2288,YPO3142,YPO0440,YPO3358,YPO2559,YPO2067,YPO3383,YPO0921
