Deletion size,Max growth rate,Min production rate,Deleted genes,,,,,,,,,,,,,,,,,,,,,,,,,
23,0.109463285100017,0.0103946335560693,YPO3371,YPO1384,YPO4078,YPO3825,YPO3937,YPO3428,YPO0459,YPO0348,YPO0253,YPO3992,YPO0347,YPO3202,YPO3516,YPO0670,YPO2303,YPO3914,YPO3376,YPO1851,YPO3418,YPO2370,YPO0914,YPO0439,YPO2567,,,
26,0.149199215217861,0.049615943828151,YPO1384,YPO4078,YPO3825,YPO3937,YPO0461,YPO3428,YPO3977,YPO0348,YPO3992,YPO0347,YPO3319,YPO1207,YPO3202,YPO3516,YPO0670,YPO2303,YPO3914,YPO3868,YPO3270,YPO0920,YPO1851,YPO3418,YPO1133,YPO2836,YPO0442,YPO2567
23,0.0965045112424665,0.0814504332564677,YPO3371,YPO1384,YPO4078,YPO3825,YPO3937,YPO3949,YPO3428,YPO0348,YPO0253,YPO3992,YPO0347,YPO3202,YPO3516,YPO0436,YPO0670,YPO2303,YPO3914,YPO1851,YPO3418,YPO2370,YPO1133,YPO0442,YPO2567,,,
