Deletion size,Max growth rate,Min production rate,Deleted genes,,,,,,,,,,,
7,0.272305206827381,0.0253987611894669,YPO0918,YPO2161,YPO1109,YPO3142,YPO2074,YPO3520,YPO0921,,,,,
9,0.188514011946386,0.214518068805704,YPO0792,YPO3992,YPO0347,YPO0460,YPO3080,YPO2824,YPO3376,YPO3520,YPO1389,,,
12,0.187287453905868,0.0434502231620665,YPO2066,YPO2157,YPO0918,YPO2161,YPO0254,YPO0460,YPO0465,YPO2288,YPO2824,YPO1109,YPO3142,YPO0439
