Deletion size,Max growth rate,Min production rate,Deleted genes,,,,,,,,,,,,
7,0.241171575429585,0.118739383283183,YPO0793,YPO0357,YPO2157,YPO3949,YPO3992,YPO0347,YPO0920,,,,,,
9,0.205326951087271,0.291889097780877,YPO1384,YPO0461,YPO0253,YPO2288,YPO2824,YPO3358,YPO3418,YPO0439,YPO2567,,,,
13,0.247451462588935,0.135824045720475,YPO1384,YPO0091,YPO0253,YPO0460,YPO3285,YPO3080,YPO2824,YPO3358,YPO3376,YPO3520,YPO3418,YPO0442,YPO2567
