Deletion size,Max growth rate,Min production rate,Deleted genes,,,,,,,,,,,
8,0.247567849985682,0.0451287430513668,YPO2161,YPO3992,YPO0347,YPO3725,YPO3142,YPO2533,YPO3376,YPO1389,,,,
8,0.247567849985682,0.0451287430514251,YPO2614,YPO3992,YPO0347,YPO0254,YPO3725,YPO3142,YPO2533,YPO0921,,,,
12,0.145926933853576,0.0626503727306655,YPO0918,YPO2161,YPO0254,YPO3725,YPO0465,YPO1845,YPO1109,YPO3142,YPO3376,YPO3117,YPO0914,YPO1149
