Deletion size,Max growth rate,Min production rate,Deleted genes,,,,,,,,,,,,
13,0.200412457309675,0.175195159043886,YPO1384,YPO4078,YPO3825,YPO3992,YPO0347,YPO1569,YPO1108,YPO1617,YPO2552,YPO0436,YPO0670,YPO2295,YPO3358
13,0.200412457309675,0.175195159043853,YPO1384,YPO4078,YPO3825,YPO3992,YPO0347,YPO1569,YPO1108,YPO1617,YPO2552,YPO0670,YPO2295,YPO3358,YPO0439
13,0.20041245730961,0.175195159043721,YPO4078,YPO3825,YPO3992,YPO0347,YPO1569,YPO1108,YPO1617,YPO2552,YPO0436,YPO0670,YPO2295,YPO3358,YPO4056
13,0.200412457309614,0.175195159043819,YPO4078,YPO3825,YPO3992,YPO0347,YPO1569,YPO1108,YPO1617,YPO2552,YPO0670,YPO2295,YPO3358,YPO4056,YPO0439
13,0.200412457309573,0.175195159043752,YPO4078,YPO3825,YPO3992,YPO0347,YPO1569,YPO1108,YPO1617,YPO2552,YPO0670,YPO2295,YPO3358,YPO2559,YPO4056
13,0.200412457309614,0.175195159043755,YPO4078,YPO3825,YPO3992,YPO0347,YPO1569,YPO1108,YPO1617,YPO2552,YPO0670,YPO0440,YPO2295,YPO3358,YPO4056
13,0.200412457309613,0.175195159043553,YPO1384,YPO4078,YPO3825,YPO3992,YPO0347,YPO1569,YPO1108,YPO1617,YPO2552,YPO0670,YPO0440,YPO2295,YPO3358
