Deletion size,Max growth rate,Min production rate,Deleted genes,,,,,
5,0.283558381214824,0.342731060647426,YPO3376,YPO2232,YPO0920,YPO1149,YPO0439,
5,0.283558381214824,0.342731060647426,YPO2066,YPO2232,YPO0920,YPO1133,YPO0439,
6,0.272890211122689,1.31897022819652,YPO1541,YPO1109,YPO0436,YPO2533,YPO2232,YPO0920
