Deletion size,Max growth rate,Min production rate,Deleted genes,,,,,,,,
7,0.27206325214707,0.0129724301774273,YPO2157,YPO0918,YPO2161,YPO1109,YPO3142,YPO2074,YPO0920,,
8,0.238717010283094,0.0506041776527199,YPO2161,YPO3992,YPO0347,YPO3142,YPO3376,YPO2074,YPO3520,YPO1389,
9,0.240744218986675,0.0474738366448337,YPO2161,YPO3992,YPO0347,YPO0460,YPO2288,YPO3142,YPO2067,YPO0921,YPO0439
