Deletion size,Max growth rate,Min production rate,Deleted genes,
2,0.283558381214824,0.258820464477111,YPO1541,YPO0463
2,0.283558381214823,0.258820464478518,YPO2066,YPO0463
