Deletion size,Max growth rate,Min production rate,Deleted genes,,,,,,,,,
8,0.147498310348261,0.511819617660095,YPO3992,YPO0347,YPO3034,YPO1115,YPO2303,YPO0920,YPO0921,YPO3834,,
9,0.14749831034826,0.511819617659238,YPO3992,YPO0347,YPO3034,YPO1115,YPO2303,YPO3376,YPO0920,YPO1389,YPO3834,
10,0.0931374635940672,0.716319107131684,YPO2066,YPO2157,YPO2614,YPO3992,YPO0347,YPO0254,YPO3034,YPO1115,YPO2303,YPO3142
