Deletion size,Max growth rate,Min production rate,Deleted genes,,,,,
3,0.262339959302873,0.239453158911244,YPO2066,YPO3285,YPO0463,,,
4,0.262339959302874,0.211437251697129,YPO2066,YPO2157,YPO1109,YPO0463,,
6,0.249311213825487,0.386484558057865,YPO2157,YPO1541,YPO3992,YPO0347,YPO0463,YPO2533
