Deletion size,Max growth rate,Min production rate,Deleted genes,,,,,,,,,,
8,0.225624269798346,0.12917970394446,YPO2066,YPO2157,YPO2161,YPO3992,YPO0347,YPO2288,YPO3142,YPO0439,,,
11,0.225771241581317,0.074196502683435,YPO2066,YPO2614,YPO3992,YPO0347,YPO0254,YPO2288,YPO0436,YPO3142,YPO0440,YPO3376,YPO0442
8,0.225624269798346,0.12917970394446,YPO2066,YPO2161,YPO3992,YPO0347,YPO2288,YPO3142,YPO0921,YPO0439,,,
