Deletion size,Max growth rate,Min production rate,Deleted genes,,,,,,,,,
8,0.188514011946386,0.214518068805596,YPO0459,YPO3992,YPO0347,YPO2824,YPO3376,YPO3141,YPO0920,YPO1389,,
7,0.272118792130925,0.0258195049004092,YPO0793,YPO0918,YPO2161,YPO1109,YPO3142,YPO3520,YPO0921,,,
10,0.240744218986675,0.0949476732900072,YPO0461,YPO2161,YPO3992,YPO0347,YPO2288,YPO3142,YPO2067,YPO3376,YPO0914,YPO0439
