Deletion size,Max growth rate,Min production rate,Deleted genes,,,,,,,,,,,,,
10,0.240744218986675,0.0949476732897905,YPO0461,YPO2161,YPO3992,YPO0347,YPO2288,YPO3142,YPO2067,YPO0914,YPO1133,YPO0439,,,,
10,0.240744218986675,0.0949476732897905,YPO0461,YPO2161,YPO3992,YPO0347,YPO2288,YPO3142,YPO2067,YPO3376,YPO0914,YPO0439,,,,
14,0.176193366998784,0.236740814194109,YPO3389,YPO0461,YPO0918,YPO2161,YPO0254,YPO0465,YPO2288,YPO2824,YPO1109,YPO0436,YPO3142,YPO3358,YPO2067,YPO0921
