Deletion size,Max growth rate,Min production rate,Deleted genes,,,,,,,,,,
11,0.240744218986675,0.0890012910833349,YPO3949,YPO2161,YPO3992,YPO0347,YPO2288,YPO0436,YPO3142,YPO3358,YPO2067,YPO3376,YPO0914
7,0.238303902294176,0.102140752752055,YPO2161,YPO3992,YPO0347,YPO3142,YPO3520,YPO0921,YPO3834,,,,
8,0.238303902294182,0.102140752776541,YPO2161,YPO3992,YPO0347,YPO3142,YPO3141,YPO3520,YPO1133,YPO0442,,,
