Deletion size,Max growth rate,Min production rate,Deleted genes,,,,,,,,,,,,,
14,0.246502177896256,0.209092480540221,YPO1384,YPO4078,YPO0253,YPO1177,YPO1569,YPO2824,YPO1617,YPO2552,YPO0436,YPO2303,YPO3418,YPO0921,YPO1149,YPO2567
8,0.22604747929511,0.324509692422112,YPO1384,YPO0459,YPO0253,YPO2824,YPO0436,YPO3358,YPO3418,YPO2567,,,,,,
14,0.246502177896256,0.209092480535029,YPO1384,YPO4078,YPO2066,YPO0253,YPO1177,YPO1569,YPO2824,YPO1617,YPO2552,YPO0436,YPO2303,YPO3418,YPO1133,YPO2567
