Deletion size,Max growth rate,Min production rate,Deleted genes,,,,,,,,,,,,,,,,,,,,,,,,
20,0.267828996119404,1.25892523710397,YPO4078,YPO3825,YPO3937,YPO2157,YPO0461,YPO0348,YPO3319,YPO1207,YPO1511,YPO1109,YPO0670,YPO2303,YPO3914,YPO3868,YPO3270,YPO2067,YPO0920,YPO1389,YPO1851,YPO2393,,,,,
25,0.283558381214823,0.88479422640132,YPO4078,YPO3825,YPO3937,YPO3428,YPO0459,YPO1962,YPO0348,YPO3992,YPO0347,YPO3319,YPO1207,YPO1511,YPO1145,YPO3014,YPO0670,YPO2303,YPO3914,YPO3868,YPO3270,YPO2067,YPO0920,YPO1851,YPO0914,YPO0439,YPO2393
16,0.267239394723369,1.22232842925305,YPO4078,YPO3825,YPO3937,YPO2157,YPO0348,YPO3319,YPO1207,YPO2552,YPO1109,YPO0670,YPO2303,YPO3914,YPO3868,YPO3270,YPO3376,YPO1851,,,,,,,,,
