Deletion size,Max growth rate,Min production rate,Deleted genes,,,,,,,,,,,,
13,0.177263640961621,0.0583791211968155,YPO1384,YPO0792,YPO2157,YPO0253,YPO3992,YPO0347,YPO0460,YPO3080,YPO2824,YPO3358,YPO0920,YPO3418,YPO2567
8,0.225404009908284,0.129678379124584,YPO2157,YPO2161,YPO3992,YPO0347,YPO2288,YPO3142,YPO1149,YPO0439,,,,,
10,0.237798013024082,0.103282560427348,YPO2614,YPO3992,YPO0347,YPO0254,YPO3142,YPO3358,YPO3376,YPO0920,YPO3834,YPO0442,,,
