Deletion size,Max growth rate,Min production rate,Deleted genes,,,,,,,,
9,0.173648192235495,0.246855144413402,YPO1384,YPO0459,YPO0253,YPO2288,YPO2824,YPO3358,YPO3418,YPO0439,YPO2567
9,0.173648192235495,0.246855144413402,YPO1384,YPO3949,YPO0253,YPO2288,YPO2824,YPO3358,YPO3418,YPO0439,YPO2567
9,0.174819788114046,0.23988456649234,YPO1384,YPO3949,YPO0253,YPO2288,YPO2824,YPO0436,YPO3358,YPO3418,YPO2567
