Deletion size,Max growth rate,Min production rate,Deleted genes,,,,
4,0.232752989615169,0.573346668232599,YPO0070,YPO1771,YPO1321,YPO3141,
5,0.23275298961495,0.573346668228552,YPO0181,YPO3011,YPO1771,YPO1321,YPO3141
4,0.232752989615169,0.573346668233673,YPO0070,YPO1771,YPO1321,YPO2074,
