Deletion size,Max growth rate,Min production rate,Deleted genes,,,,,,,,,,,,,,,,,,,,,,,
21,0.283558381214824,0.00496554535438465,YPO3371,YPO4078,YPO3825,YPO3937,YPO2995,YPO1756,YPO3428,YPO0348,YPO0460,YPO1511,YPO1109,YPO0670,YPO2303,YPO3914,YPO2067,YPO0920,YPO1389,YPO1851,YPO2370,YPO2836,YPO2393,,,
24,0.268707643548569,0.0051027460325755,YPO4078,YPO3825,YPO3937,YPO3949,YPO2995,YPO1756,YPO3428,YPO0348,YPO3992,YPO0347,YPO1511,YPO1145,YPO3014,YPO1966,YPO0670,YPO2303,YPO3914,YPO2067,YPO0920,YPO1851,YPO2370,YPO0921,YPO1133,YPO2393
24,0.283558381214823,0.00158245208224042,YPO4078,YPO3825,YPO3937,YPO2157,YPO1022,YPO3428,YPO0348,YPO0460,YPO1511,YPO1965,YPO1145,YPO3014,YPO0070,YPO0670,YPO2303,YPO3914,YPO0440,YPO2067,YPO1851,YPO2370,YPO0914,YPO2567,YPO1171,YPO2393
