Deletion size,Max growth rate,Min production rate,Deleted genes,,,,,
5,0.230435518768285,0.557681197974814,YPO0181,YPO3080,YPO3011,YPO1771,YPO1321,
6,0.0915511682849309,0.61217226733403,YPO3371,YPO0181,YPO1845,YPO1771,YPO1321,YPO3834
5,0.230435518768271,0.55768119797414,YPO0181,YPO3011,YPO1771,YPO1321,YPO2074,
