Deletion size,Max growth rate,Min production rate,Deleted genes,,,,,,,,
8,0.215138937061709,0.154424792771355,YPO1384,YPO0253,YPO0460,YPO2824,YPO0436,YPO3358,YPO3418,YPO2567,
2,0.282681666698174,0.00197877166688722,YPO3123,YPO0440,,,,,,,
9,0.237112124389971,0.104830632198567,YPO2157,YPO2614,YPO3992,YPO0347,YPO0254,YPO3142,YPO3358,YPO3141,YPO3520
