Deletion size,Max growth rate,Min production rate,Deleted genes,,,,,,,,,,,,
10,0.240744218986675,0.0890012910835241,YPO2157,YPO0461,YPO2161,YPO3992,YPO0347,YPO2288,YPO0436,YPO3142,YPO3358,YPO2067,,,
10,0.240744218986675,0.0949476732926087,YPO2161,YPO0459,YPO3992,YPO0347,YPO2288,YPO0436,YPO3142,YPO0440,YPO2067,YPO0921,,,
13,0.252288359484005,0.0688113836448565,YPO0918,YPO2161,YPO0254,YPO2288,YPO1109,YPO3142,YPO0440,YPO3358,YPO2559,YPO3376,YPO0914,YPO1149,YPO2836
