Deletion size,Max growth rate,Min production rate,Deleted genes,,,,,,,,
9,0.215138937061709,0.147604888467413,YPO1384,YPO0253,YPO0460,YPO2288,YPO2824,YPO0436,YPO3358,YPO3418,YPO2567
9,0.215138937061709,0.15291882021279,YPO1384,YPO3949,YPO0253,YPO2288,YPO2824,YPO3358,YPO3418,YPO0439,YPO2567
9,0.215138937061709,0.147604888467329,YPO1384,YPO0459,YPO0253,YPO2288,YPO2824,YPO0436,YPO3358,YPO3418,YPO2567
