Deletion size,Max growth rate,Min production rate,Deleted genes,,,,,,,,,,
9,0.162628515914166,0.223155922221653,YPO1384,YPO0461,YPO0253,YPO2288,YPO2824,YPO0436,YPO3358,YPO3418,YPO2567,,
9,0.273225466765153,0.0178409399168201,YPO0348,YPO3992,YPO0347,YPO3725,YPO1108,YPO2288,YPO3516,YPO1964,YPO0440,,
11,0.161211943024072,0.229175996390097,YPO1384,YPO0253,YPO0460,YPO2288,YPO2824,YPO2295,YPO3358,YPO2559,YPO3383,YPO3418,YPO2567
