Deletion size,Max growth rate,Min production rate,Deleted genes,,,,,,,,,
9,0.215138937061709,0.147604888467048,YPO1384,YPO0461,YPO0253,YPO2288,YPO2824,YPO0436,YPO3358,YPO3418,YPO2567,
9,0.215138937061709,0.147604888467048,YPO1384,YPO0253,YPO0460,YPO2288,YPO2824,YPO0436,YPO3358,YPO3418,YPO2567,
10,0.215138937061709,0.152918820210323,YPO1384,YPO0459,YPO0253,YPO2288,YPO2824,YPO0440,YPO3358,YPO3418,YPO2567,YPO1171
