Deletion size,Max growth rate,Min production rate,Deleted genes,,,,,,,,,,
9,0.215138937061709,0.152918820211821,YPO1384,YPO0461,YPO0253,YPO2288,YPO2824,YPO3358,YPO3418,YPO0439,YPO2567,,
9,0.215138937061709,0.147604888466818,YPO1384,YPO3949,YPO0253,YPO2288,YPO2824,YPO0436,YPO3358,YPO3418,YPO2567,,
11,0.215138937061709,0.1529188202109,YPO1384,YPO0459,YPO0253,YPO2288,YPO2824,YPO0440,YPO3358,YPO2559,YPO3383,YPO3418,YPO2567
