Deletion size,Max growth rate,Min production rate,Deleted genes,,,,,,,,,,,,
8,0.087183065375666,0.650497262025448,YPO0357,YPO2157,YPO3992,YPO0347,YPO1114,YPO3034,YPO2303,YPO1149,,,,,
9,0.147498295670462,0.511819672873912,YPO3992,YPO0347,YPO1114,YPO3034,YPO2303,YPO3376,YPO3141,YPO3520,YPO0914,,,,
13,0.21740865982682,0.246300163278124,YPO2614,YPO3992,YPO0347,YPO0254,YPO2288,YPO3142,YPO0440,YPO3358,YPO2559,YPO1149,YPO1133,YPO2836,YPO0442
