Deletion size,Max growth rate,Min production rate,Deleted genes,,,,,,,,,,,
9,0.224276700199105,0.13223064302675,YPO2066,YPO2157,YPO2161,YPO3992,YPO0347,YPO2288,YPO3142,YPO3358,YPO0439,,,
12,0.229895621312987,0.119509232557562,YPO2161,YPO3992,YPO0347,YPO3927,YPO3011,YPO3142,YPO3358,YPO3376,YPO3141,YPO0920,YPO0914,YPO2567
12,0.240744218986675,0.0949476732897665,YPO2157,YPO2161,YPO3992,YPO0347,YPO0460,YPO2288,YPO3142,YPO0440,YPO3358,YPO2559,YPO2067,YPO3383
