Deletion size,Max growth rate,Min production rate,Deleted genes,,,,,,,,,,,,,,,,,,,
10,0.240744218986675,0.0890012910835705,YPO0461,YPO2161,YPO3992,YPO0347,YPO2288,YPO0436,YPO3142,YPO3358,YPO2067,YPO0921,,,,,,,,,,
11,0.278238355149287,0.00318730682927762,YPO2161,YPO3992,YPO0347,YPO2288,YPO0436,YPO3142,YPO3358,YPO2533,YPO0920,YPO0921,YPO2567,,,,,,,,,
20,0.175716159557833,0.225699121117954,YPO2995,YPO3925,YPO1756,YPO2614,YPO0459,YPO3992,YPO0347,YPO0254,YPO1511,YPO3034,YPO0070,YPO2824,YPO3142,YPO2067,YPO0920,YPO1133,YPO3834,YPO0442,YPO2567,YPO2393
