Deletion size,Max growth rate,Min production rate,Deleted genes,,,,,,,,,,,
9,0.241086513977945,0.15976718748248,YPO2066,YPO2180,YPO2161,YPO0059,YPO3992,YPO0347,YPO3142,YPO1133,YPO0442,,,
12,0.218404457850432,0.242542634282401,YPO0357,YPO2180,YPO2161,YPO0059,YPO3992,YPO0347,YPO2288,YPO3142,YPO0440,YPO3358,YPO2533,YPO0921
12,0.21886119535127,0.231809402125106,YPO0357,YPO2157,YPO2180,YPO2161,YPO0059,YPO3992,YPO0347,YPO2288,YPO0436,YPO3142,YPO3358,YPO2533
