Deletion size,Max growth rate,Min production rate,Deleted genes,,,,,,,,,,
9,0.238798728471308,0.101023914839524,YPO2614,YPO3992,YPO0347,YPO0254,YPO3080,YPO3830,YPO3142,YPO3520,YPO0921,,
11,0.240744218986675,0.0890012910830787,YPO2161,YPO0459,YPO3992,YPO0347,YPO2288,YPO0436,YPO3142,YPO3358,YPO2067,YPO0914,YPO1133
11,0.259441092074736,0.0462091817828295,YPO2066,YPO0918,YPO2161,YPO0254,YPO2288,YPO1109,YPO0436,YPO3142,YPO3358,YPO3376,YPO0442
