Deletion size,Max growth rate,Min production rate,Deleted genes,,,,
4,0.230915780531223,0.560927636382562,YPO0070,YPO1771,YPO1321,YPO2074,
4,0.230915780530573,0.560927636378675,YPO0793,YPO0070,YPO1771,YPO1321,
5,0.230915780531126,0.560927636382343,YPO0181,YPO3080,YPO3011,YPO1771,YPO1321
