Deletion size,Max growth rate,Min production rate,Deleted genes,,,,,,,,,,,,,,,,,,,,
20,0.283558381214824,0.0247041413147885,YPO4078,YPO3825,YPO3937,YPO3428,YPO0459,YPO1962,YPO0348,YPO3725,YPO1145,YPO3014,YPO1109,YPO0436,YPO0670,YPO2303,YPO3914,YPO4056,YPO1851,YPO3418,YPO2370,YPO0442,
21,0.221985439183891,0.117814272165286,YPO3371,YPO4078,YPO3825,YPO3937,YPO3428,YPO0348,YPO3992,YPO0347,YPO3725,YPO3319,YPO1207,YPO0070,YPO1771,YPO1966,YPO0670,YPO2303,YPO3914,YPO3064,YPO1851,YPO0078,YPO0439
19,0.283558381214825,0.121743626623516,YPO4078,YPO3825,YPO3937,YPO3949,YPO3428,YPO0348,YPO1963,YPO3725,YPO1145,YPO3014,YPO1109,YPO0436,YPO0670,YPO2303,YPO3914,YPO0920,YPO1851,YPO2370,YPO0914,,
