Deletion size,Max growth rate,Min production rate,Deleted genes,,,,,,,,,,
9,0.215138937061709,0.152918820210558,YPO1384,YPO0253,YPO0460,YPO2288,YPO2824,YPO3358,YPO3418,YPO0439,YPO2567,,
11,0.240744218986702,0.0949476732913462,YPO3949,YPO2161,YPO3992,YPO0347,YPO2288,YPO3142,YPO0440,YPO2067,YPO0914,YPO1133,YPO1171
11,0.240744218986675,0.0890012910829175,YPO2157,YPO0461,YPO2614,YPO3992,YPO0347,YPO0254,YPO2288,YPO0436,YPO3142,YPO3358,YPO2067
