Deletion size,Max growth rate,Min production rate,Deleted genes,,,,,,
6,0.244620504407493,1.73435375157977,YPO2157,YPO1541,YPO3992,YPO0347,YPO2533,YPO0439,
6,0.251391092371908,1.6750345279262,YPO3992,YPO0347,YPO3376,YPO2074,YPO3520,YPO0914,
7,0.186610821282195,1.6961010312307,YPO2157,YPO3992,YPO0347,YPO1114,YPO3034,YPO2303,YPO1149
