Deletion size,Max growth rate,Min production rate,Deleted genes,,,,,,,,,
9,0.283558381214824,0.397010273829253,YPO4078,YPO2066,YPO1177,YPO1569,YPO1617,YPO2552,YPO2303,YPO3376,YPO4056,
9,0.283558381214823,0.366705923394522,YPO4078,YPO1177,YPO1569,YPO3516,YPO1617,YPO2552,YPO1109,YPO2303,YPO0920,
10,0.283167543681894,0.662592158444674,YPO4078,YPO3992,YPO0347,YPO1177,YPO1569,YPO3516,YPO2824,YPO1617,YPO2552,YPO2303
