Deletion size,Max growth rate,Min production rate,Deleted genes,,,,,,,,,,,,,
14,0.279633431006473,0.00690129949190776,YPO0461,YPO0918,YPO2161,YPO0254,YPO3032,YPO0465,YPO2288,YPO1109,YPO0436,YPO3142,YPO0440,YPO2533,YPO1133,YPO0442
10,0.215138937061709,0.152918820210172,YPO1384,YPO3949,YPO0253,YPO2288,YPO2824,YPO0440,YPO3358,YPO3418,YPO2567,YPO1171,,,,
10,0.227522724577618,0.124881543853111,YPO2066,YPO2614,YPO3992,YPO0347,YPO0254,YPO2288,YPO0436,YPO3142,YPO3358,YPO0921,,,,
