Deletion size,Max growth rate,Min production rate,Deleted genes,,,,,,,,,
2,0.283558381214824,0.0161713344806814,YPO1384,YPO1775,,,,,,,,
7,0.27940524179981,0.0159344809327047,YPO1384,YPO2157,YPO1541,YPO3992,YPO0347,YPO1115,YPO3418,,,
10,0.107632723647027,0.00613829423145526,YPO1384,YPO2157,YPO3992,YPO0347,YPO3034,YPO1115,YPO2303,YPO3358,YPO0920,YPO3834
