Deletion size,Max growth rate,Min production rate,Deleted genes,,,,,,,,,,,,
13,0.0907284098992875,0.0997167225679325,BSU27200,BSU29470,BSU15350,BSU19370,BSU37120,BSU39670,BSU12160,BSU18570,BSU27220,BSU18230,BSU39760,BSU03910,BSU38990
10,0.0922484335017252,0.0744175283838657,BSU24170,BSU13110,BSU15350,BSU19370,BSU37120,BSU39670,BSU00680,BSU24120,BSU03910,BSU37660,,,
9,0.0923794314832203,0.0738289499722416,BSU24170,BSU13110,BSU15350,BSU06510,BSU19370,BSU40190,BSU24140,BSU03910,BSU37660,,,,
