Deletion size,Max growth rate,Min production rate,Deleted genes,,,,,,,,,,,
12,0.0794936635762229,0.146725413021212,BSU13110,BSU29470,BSU15350,BSU27250,BSU06510,BSU19370,BSU33900,BSU40190,BSU17150,BSU39760,BSU03910,BSU38990
12,0.080535013618697,0.131423216349052,BSU07840,BSU24170,BSU13110,BSU04470,BSU29470,BSU15350,BSU27250,BSU07570,BSU40190,BSU00680,BSU28430,BSU33910
12,0.0794936635796922,0.146725410287114,BSU13110,BSU04470,BSU15350,BSU27250,BSU06510,BSU07570,BSU33900,BSU40190,BSU18230,BSU28430,BSU38990,BSU37660
