Deletion size,Max growth rate,Min production rate,Deleted genes,,,,,,,,,,,,
13,0.0913820461549065,0.123768879808416,BSU27200,BSU04470,BSU15350,BSU00730,BSU07570,BSU40190,BSU12160,BSU18570,BSU27220,BSU18230,BSU28430,BSU38990,BSU37660
10,0.0913889399272846,0.123877999844734,BSU24170,BSU13110,BSU29470,BSU15350,BSU00730,BSU19370,BSU32410,BSU40190,BSU24130,BSU03910,,,
13,0.0915154141289877,0.122873104479443,BSU27200,BSU24170,BSU04470,BSU15350,BSU07570,BSU37120,BSU39670,BSU12160,BSU18570,BSU27220,BSU00930,BSU28430,BSU37660
