Deletion size,Max growth rate,Min production rate,Deleted genes,,,,,,,,,,,
11,0.0915085012356194,0.12276391601326,BSU13110,BSU04470,BSU29470,BSU15350,BSU00730,BSU07570,BSU32410,BSU40190,BSU17150,BSU28430,BSU38990,
12,0.0913889399827958,0.12387799371183,BSU27200,BSU24170,BSU04470,BSU29470,BSU15350,BSU00730,BSU07570,BSU40190,BSU12160,BSU18570,BSU27220,BSU28430
12,0.0913820461549065,0.123768879867964,BSU24170,BSU13110,BSU04470,BSU29470,BSU15350,BSU00730,BSU07570,BSU37120,BSU39670,BSU28430,BSU32460,BSU32450
