Deletion size,Max growth rate,Min production rate,Deleted genes,,,,,,,,,,,,,,,,,,,,,,,,,,,,,,,,
23,0.255634840497957,0.0402825890419626,STM2285,STM3526,STM4567,STM4326,STM1885,STM0840,STM0842,STM3709,STM1620,STM0370,STM1448,STM3069,STM0518,STM4184,STM4484,STM2317,STM3179,STM1480,STM4126,STM2338,STM2466,STM1124,STM3708,,,,,,,,,,
24,0.239560569029846,0.0485055609910932,STM3646,STM1749,STM2463,STM2285,STM3526,STM4570,STM4326,STM1885,STM0321,STM0840,STM0842,STM2947,STM3709,STM1135,STM0369,STM1448,STM3069,STM4184,STM4484,STM2317,STM3179,STM1480,STM4126,STM3708,,,,,,,,,
33,0.0696583600702108,0.0788689774451259,STM3646,STM0158,STM1749,STM2463,STM2285,STM3526,STM0322,STM4326,STM1884,STM2947,STM3709,STM1135,STM0491,STM1448,STM1326,STM4062,STM3069,STM4184,STM4484,STM2317,STM3179,STM4569,STM1480,STM4126,STM2338,STM2466,STM4467,STM3802,STM2196,STM3240,STM3708,STM2971,STM1826
