Deletion size,Max growth rate,Min production rate,Deleted genes,,,,,,,,,,,,,,,
14,0.326989411406787,0.680726883661079,STM2927,STM1749,STM2463,STM3680,STM2009,STM4567,STM3709,STM0974,STM0152,STM0150,STM0542,STM0935,STM0208,STM1651,,
15,0.319485135208274,0.759883253647441,STM2927,STM1749,STM2463,STM4275,STM2009,STM4567,STM0974,STM0152,STM0150,STM0542,STM2338,STM2466,STM0208,STM3708,STM1651,
16,0.334972077935869,0.0764061260608795,STM2927,STM1749,STM2463,STM3680,STM2009,STM3709,STM0974,STM0152,STM0150,STM0542,STM0935,STM4569,STM3885,STM3793,STM3334,STM4559_S
