Deletion size,Max growth rate,Min production rate,Deleted genes,,,,,,,,,,,,,,,,,,,,,,,,,,,,,,,,,
26,0.255405427881407,0.0273794920760674,STM3646,STM2285,STM3526,STM4326,STM1884,STM0517,STM3709,STM1135,STM4183,STM0491,STM0370,STM1448,STM1326,STM4062,STM3069,STM4484,STM2317,STM3179,STM1480,STM4126,STM2338,STM2466,STM1124,STM0007,STM2473,STM3708,,,,,,,,
28,0.19210603185593,0.0673274846158298,STM3646,STM1749,STM2463,STM2285,STM3526,STM1290,STM4326,STM0321,STM2947,STM3068,STM2141,STM1135,STM3542,STM4485,STM0370,STM3597,STM4408,STM1291,STM4184,STM4484,STM2317,STM3179,STM4569,STM1480,STM4126,STM0402,STM0608,STM3708,,,,,,
34,0.294476740049424,0.005789787242917,STM1749,STM2463,STM2285,STM3526,STM4567,STM4326,STM2947,STM1620,STM0491,STM0369,STM3597,STM1326,STM4062,STM4408,STM1291,STM3069,STM0518,STM4184,STM4484,STM0542,STM2317,STM3179,STM1480,STM4126,STM1124,STM4467,STM3802,STM2196,STM3240,STM0402,STM0608,STM3708,STM2971,STM1826
