Deletion size,Max growth rate,Min production rate,Deleted genes,,,,,,,,,,,,,,,,,,,
5,0.438667806413614,0.775032139022653,STM1749,STM2463,STM3680,STM0542,STM3708,,,,,,,,,,,,,,,
5,0.459162109958318,0.394092869869391,STM1749,STM2463,STM3680,STM3709,STM0974,,,,,,,,,,,,,,,
20,0.293807578036134,0.0772997839904869,STM1749,STM2463,STM2285,STM3526,STM4326,STM1511,STM2952,STM3709,STM1570,STM1620,STM4036,STM0369,STM0518,STM4184,STM4484,STM2317,STM3179,STM1480,STM4126,STM0977
