Deletion size,Max growth rate,Min production rate,Deleted genes,,,,,,,,,
8,0.364449815041453,1.18282514676143,STM0737,STM2654,STM2555,STM3680,STM2472,STM0785,STM1480,STM3218,,
8,0.0193700699261931,0.215401317891727,STM0737,STM2654,STM3680,STM3869,STM2472,STM1480,STM2338,STM2466,,
10,0.243205008501408,2.89939550460691,STM0737,STM2654,STM1756,STM3680,STM0169,STM0861,STM2472,STM0785,STM1480,STM0733
