Deletion size,Max growth rate,Min production rate,Deleted genes,,,,,,,,,,,
9,0.102076644664809,0.0701267569615295,STM3866,STM2081,STM0150,STM0568,STM2338,STM2466,STM1937,STM0007,STM2473,,,
11,0.102076644664809,0.0701267569665542,STM1886,STM0169,STM0861,STM3866,STM0150,STM0568,STM2338,STM2466,STM1937,STM0007,STM2473,
11,0.102076644664806,0.0701267569611502,STM1886,STM3866,STM3542,STM4485,STM0150,STM0568,STM2338,STM2466,STM1937,STM0007,STM2473,
11,0.102076644664809,0.0701267569665542,STM0169,STM0861,STM3866,STM0785,STM0150,STM0568,STM2338,STM2466,STM1937,STM0007,STM2473,
11,0.102076644664806,0.0701267569611502,STM3866,STM3542,STM4485,STM0785,STM0150,STM0568,STM2338,STM2466,STM1937,STM0007,STM2473,
12,0.102076644664806,0.0701267569609193,STM4482,STM1886,STM3512,STM3541,STM3866,STM0150,STM0568,STM2338,STM2466,STM1937,STM0007,STM2473
12,0.102076644664806,0.0701267569609193,STM4482,STM3512,STM3541,STM3866,STM0785,STM0150,STM0568,STM2338,STM2466,STM1937,STM0007,STM2473
