Deletion size,Max growth rate,Min production rate,Deleted genes,,,,,,,,,,
9,0.102076644664809,0.0701267569612614,STM3866,STM2081,STM0150,STM0568,STM2338,STM2466,STM1937,STM0007,STM2473,,
11,0.102076644664809,0.0701267569661354,STM1886,STM0169,STM0861,STM3866,STM0150,STM0568,STM2338,STM2466,STM1937,STM0007,STM2473
