Deletion size,Max growth rate,Min production rate,Deleted genes,,,,,,,,,,,,,,,,,,,,,,,,,,,,,,,,,,
25,0.190555807556672,0.100934156150391,STM1749,STM2463,STM2285,STM3526,STM0322,STM4570,STM4326,STM2947,STM3709,STM3068,STM2141,STM1620,STM3542,STM4485,STM0368,STM1448,STM3069,STM0518,STM4184,STM4484,STM2317,STM3179,STM1480,STM4126,STM3708,,,,,,,,,,
34,0.285636780465939,0.00606285743421412,STM3646,STM1463,STM1749,STM2463,STM2285,STM3526,STM4326,STM0321,STM0840,STM0842,STM2947,STM1135,STM0369,STM4408,STM1291,STM3069,STM4184,STM4484,STM2317,STM3179,STM1480,STM4126,STM2338,STM2466,STM4467,STM3802,STM2196,STM3240,STM0402,STM0608,STM3708,STM2971,STM1826,STM1341,
35,0.173891037344227,0.0169496170557128,STM0158,STM2927,STM1749,STM2463,STM2285,STM3526,STM4326,STM1884,STM0321,STM2947,STM3709,STM1620,STM1448,STM1326,STM4062,STM2403,STM0393,STM4184,STM4484,STM2317,STM3179,STM4569,STM1480,STM4126,STM2338,STM2466,STM3248,STM0519,STM4467,STM3802,STM2196,STM3240,STM3708,STM2971,STM1826
