Deletion size,Max growth rate,Min production rate,Deleted genes,,,,,,,,,,,,
12,0.218247873219489,0.149936507145029,STM2792,STM1749,STM2463,STM0737,STM3053,STM2081,STM4184,STM2317,STM2338,STM2466,STM0007,STM2473,
13,0.200282452656324,0.0121307916374938,STM0620,STM1597,STM1749,STM2463,STM0737,STM3709,STM2081,STM3062,STM4184,STM2338,STM2466,STM0007,STM2473
13,0.261621659754771,0.00740427632895423,STM1749,STM2463,STM0737,STM1620,STM2167,STM2081,STM4184,STM1211,STM2317,STM2338,STM2466,STM0007,STM2473
