Deletion size,Max growth rate,Min production rate,Deleted genes,,,,,,,,,,,,,,
14,0.337455371098116,0.34413006961352,STM2927,STM3747,STM1749,STM2463,STM3680,STM4568,STM4570,STM0974,STM0152,STM0150,STM0542,STM0935,STM2422,STM3708,
14,0.338244727351158,0.333575766257097,STM2927,STM2421,STM1749,STM2463,STM3680,STM2009,STM0974,STM0152,STM0150,STM0542,STM0935,STM4569,STM0208,STM3708,
15,0.332742717481412,0.386202493440282,STM0051,STM2421,STM1749,STM2463,STM4275,STM2009,STM4568,STM4570,STM0974,STM0152,STM0542,STM2338,STM2466,STM2422,STM3708
