Deletion size,Max growth rate,Min production rate,Deleted genes,,,,
3,0.437472862065066,0.300544293711863,STM2081,STM0007,STM2473,,
5,0.437472862065062,0.30054429371143,STM1886,STM3542,STM4485,STM0007,STM2473
