Deletion size,Max growth rate,Min production rate,Deleted genes,,,,,,,,,,,,,,,
8,0.402440110742871,0.333500107572137,STM4340,STM3359,STM1566,STM2472,STM4301,STM3599,STM4325,STM0627,,,,,,,,
9,0.402588774372364,0.333623304378497,STM4340,STM1469,STM0761,STM1468,STM4300,STM4301,STM3599,STM4325,STM0627,,,,,,,
16,0.286852791360874,0.128953811798022,STM1469,STM0761,STM1468,STM4300,STM2285,STM1570,STM1620,STM4036,STM3062,STM1211,STM2317,STM3179,STM4301,STM3599,STM4325,STM0627
