Deletion size,Max growth rate,Min production rate,Deleted genes,,,,,,,,,,,,,,,,,,
17,0.281570509050325,0.126579177632054,STM2421,STM1469,STM0761,STM1468,STM4300,STM2285,STM4568,STM0489,STM1620,STM0974,STM1211,STM2317,STM3179,STM4301,STM3599,STM4325,STM0627,,
18,0.285275706120774,0.113981052553428,STM3646,STM2421,STM1469,STM0761,STM1468,STM4300,STM2285,STM4568,STM1135,STM0974,STM1211,STM2317,STM3179,STM3987,STM4301,STM3599,STM4325,STM0627,
19,0.289380015508776,0.115620917056476,STM3646,STM2421,STM2285,STM4567,STM1750,STM0489,STM1135,STM1570,STM4036,STM3359,STM1566,STM2472,STM1211,STM2317,STM3179,STM4301,STM3599,STM4325,STM0627
