Deletion size,Max growth rate,Min production rate,Deleted genes,,,,,,,,,,,
7,0.253571047186405,0.35214214577613,STM2927,STM2122,STM0974,STM0152,STM3069,STM2317,STM2332,,,,,
12,0.0132972517637527,4.58611229467769,STM0158,STM4567,STM2952,STM1620,STM2167,STM0974,STM0152,STM0785,STM1211,STM2317,STM0935,STM1480
