Deletion size,Max growth rate,Min production rate,Deleted genes,,,,,,,,,,,,,,,,,,,,,,,,,,,,,,,,,,
33,0.0808147851413043,0.225335140500079,STM1203,STM1832,STM1749,STM2463,STM4340,STM3680,STM0169,STM0861,STM1884,STM1465,STM0840,STM0842,STM3068,STM2141,STM1620,STM1647,STM2167,STM0974,STM1566,STM2472,STM1076,STM1211,STM2317,STM0935,STM1480,STM1378,STM1888,STM4301,STM3599,STM4325,STM0627,STM0054,STM3353,,
35,0.0833684351752195,0.478823711459427,STM1203,STM1832,STM1749,STM0980,STM3680,STM2285,STM1884,STM1465,STM0840,STM0842,STM3068,STM2141,STM1620,STM1647,STM2167,STM0974,STM1566,STM2472,STM1076,STM1211,STM2317,STM0935,STM3179,STM1480,STM1378,STM1888,STM4301,STM3599,STM4325,STM0627,STM1627,STM1567,STM2461,STM0054,STM3353
