Deletion size,Max growth rate,Min production rate,Deleted genes,,,,,,,,,,
2,0.477525400054848,0.0035556541288084,STM0483,STM4570,,,,,,,,,
11,0.364790663908247,0.372006040844313,STM2927,STM1463,STM1749,STM2463,STM3680,STM0974,STM0152,STM0542,STM0935,STM4569,STM3708
11,0.367279728048851,0.0027347648567255,STM1749,STM2463,STM3680,STM4567,STM4570,STM3709,STM0974,STM0152,STM0542,STM0935,STM2422
