Deletion size,Max growth rate,Min production rate,Deleted genes,,,,,,,,,,,,,,
14,0.339193248093758,0.686753376038225,STM0051,STM2421,STM1749,STM2463,STM0661,STM3680,STM2009,STM0974,STM0152,STM0542,STM0935,STM4569,STM3708,STM3334,
14,0.339513982414141,0.674711044541945,STM2927,STM1463,STM3747,STM2421,STM0413,STM1749,STM2463,STM3680,STM4567,STM3709,STM0974,STM0152,STM0542,STM0935,
15,0.0142459158065436,0.0325254914470026,STM2927,STM2421,STM1749,STM2463,STM4275,STM2009,STM3866,STM3709,STM0974,STM0152,STM0542,STM2501,STM4569,STM2338,STM2466
