Deletion size,Max growth rate,Min production rate,Deleted genes,,,,,,,,,,,,,,,,,
11,0.264686195884961,0.178633802057259,STM2927,STM1749,STM2463,STM3680,STM4567,STM3709,STM0974,STM0152,STM0542,STM2317,STM0935,,,,,,,
13,0.357949292120701,0.270735424361891,STM2927,STM1749,STM2463,STM4275,STM2009,STM4567,STM3709,STM0974,STM0152,STM0542,STM2338,STM2466,STM0208,,,,,
18,0.324009643966332,0.160342598507814,STM2927,STM1749,STM2463,STM4275,STM2009,STM4567,STM0974,STM0152,STM3069,STM2501,STM2338,STM2466,STM3802,STM2196,STM3240,STM3708,STM2971,STM1826
