Deletion size,Max growth rate,Min production rate,Deleted genes,,,,,,,,,,,,,,,,,,,,,,
13,0.0159417909915218,0.00169436262579186,STM2927,STM1749,STM2463,STM3680,STM2009,STM4567,STM3869,STM3709,STM0974,STM0152,STM0542,STM0935,STM2332,,,,,,,,,,
13,0.0159386517882743,0.00152329413952846,STM2927,STM1463,STM3747,STM1749,STM2463,STM3680,STM4567,STM3869,STM3709,STM0974,STM0152,STM0542,STM0935,,,,,,,,,,
23,0.35242461281507,0.270817786216696,STM2421,STM1749,STM2463,STM4275,STM2009,STM4567,STM1750,STM4570,STM0974,STM0152,STM2338,STM2466,STM2422,STM3885,STM3793,STM3802,STM2196,STM3240,STM2970,STM3243,STM3708,STM2971,STM1826
