Deletion size,Max growth rate,Min production rate,Deleted genes,,,,,,,,,,,,,,,
9,0.186097838344531,0.127849401038553,STM1620,STM2167,STM2081,STM0974,STM1211,STM2317,STM1480,STM0007,STM2473,,,,,,,
10,0.186190348804447,0.12791295589386,STM3646,STM1135,STM2167,STM2081,STM0974,STM1211,STM2317,STM1480,STM0007,STM2473,,,,,,
16,0.0597664933662381,0.0410572500511813,STM3646,STM2285,STM3526,STM1135,STM2167,STM2081,STM0974,STM0150,STM0568,STM1211,STM2317,STM0935,STM3179,STM1937,STM0007,STM2473
