Deletion size,Max growth rate,Min production rate,Deleted genes,,,,,,,,,,,,,,,,,,,
18,0.285643056393531,0.128409979072564,STM2927,STM2285,STM1620,STM0974,STM3359,STM1566,STM2472,STM1211,STM2317,STM3179,STM2332,STM3968,STM4167,STM4301,STM3599,STM4325,STM0627,STM4559_S,,
18,0.28563002258148,0.128404119761431,STM2421,STM1469,STM0761,STM1468,STM4300,STM2285,STM1750,STM1620,STM0974,STM1211,STM2317,STM3179,STM4569,STM4167,STM4301,STM3599,STM4325,STM0627,,
20,0.289938263529841,0.130340876555058,STM2927,STM1469,STM0761,STM1468,STM4300,STM2285,STM1570,STM1620,STM4036,STM1211,STM2317,STM3179,STM2332,STM4167,STM4301,STM3599,STM4325,STM0627,STM3334,STM4559_S
