Deletion size,Max growth rate,Min production rate,Deleted genes,,,,,,,,,,,,,,,,,,,,,,,
20,0.275610157236379,0.0125057027413128,STM0620,STM2285,STM3526,STM4326,STM1885,STM4109,STM3709,STM1620,STM4183,STM3069,STM0518,STM4484,STM0399,STM3179,STM1480,STM4126,STM2338,STM2466,STM1124,STM0733,,,,
23,0.101603897777193,0.00459449922742637,STM3646,STM0620,STM1597,STM2285,STM3526,STM4326,STM2952,STM4109,STM3709,STM1135,STM4183,STM1448,STM3062,STM4484,STM0399,STM3179,STM1480,STM4126,STM2338,STM2466,STM1124,STM0733,STM3708,
24,0.101598878594158,0.00459427226063581,STM0620,STM2792,STM2285,STM3526,STM4326,STM2952,STM0840,STM0842,STM3709,STM1620,STM1448,STM0518,STM4184,STM4484,STM0399,STM3179,STM1480,STM4126,STM2338,STM2466,STM0977,STM1124,STM0733,STM3708
