Deletion size,Max growth rate,Min production rate,Deleted genes,,,,,,,,,,,,,,,,,,,,,,,,,,,,,
27,0.0812763670671677,1.05902934691996,STM1463,STM0620,STM2792,STM2285,STM3526,STM1290,STM4326,STM4109,STM3709,STM1620,STM1448,STM0518,STM4184,STM4484,STM0399,STM0935,STM3179,STM1480,STM4126,STM2338,STM2466,STM0977,STM1124,STM4467,STM1305,STM0733,STM3708,,,
28,0.0812772407125577,1.05900233482779,STM1463,STM0620,STM2792,STM2285,STM3526,STM1290,STM4326,STM2952,STM0840,STM0842,STM3709,STM1620,STM4183,STM1448,STM0518,STM4484,STM0399,STM0935,STM3179,STM1480,STM4126,STM2338,STM2466,STM1124,STM1306,STM4467,STM0733,STM3708,,
30,0.0812763569118687,1.05877817268005,STM0620,STM2792,STM2285,STM3526,STM1290,STM4326,STM1511,STM4109,STM1620,STM4183,STM0491,STM4408,STM1291,STM0518,STM4484,STM0399,STM0935,STM3179,STM1480,STM4126,STM2338,STM2466,STM0977,STM1124,STM1306,STM4467,STM0733,STM0402,STM0608,STM1341
