Deletion size,Max growth rate,Min production rate,Deleted genes,,,
3,0.474087289685781,0.0355051082578589,STM2122,STM0980,STM2498,
4,0.474087289685789,0.0355051082555818,STM2183,STM0980,STM3968,STM2498
