Deletion size,Max growth rate,Min production rate,Deleted genes,,,,,,,,,,,,,,,,,,,,,,,,,,,,,,,,,,,,,
33,0.278623693750487,0.0104220115781892,STM1749,STM2463,STM2285,STM3526,STM1290,STM4567,STM4326,STM2947,STM3709,STM1620,STM0491,STM0369,STM0974,STM1448,STM1326,STM4062,STM0518,STM4184,STM4484,STM2317,STM3179,STM1480,STM4126,STM2338,STM2466,STM1124,STM4467,STM3802,STM2196,STM3240,STM3708,STM2971,STM1826,,,,,
36,0.277889875754861,0.0120880555270506,STM3646,STM1749,STM2463,STM2285,STM3526,STM1290,STM4326,STM1511,STM0321,STM2947,STM3709,STM3068,STM2141,STM1135,STM0491,STM0368,STM0974,STM4408,STM1291,STM4184,STM4484,STM2317,STM3179,STM4569,STM1480,STM4126,STM2338,STM2466,STM4467,STM2196,STM3240,STM0402,STM0608,STM2971,STM1826,STM1341,,
38,0.272743913689312,0.15548593017779,STM1749,STM2463,STM2285,STM3526,STM0169,STM4567,STM0861,STM4326,STM1511,STM2947,STM3709,STM1620,STM0491,STM3597,STM1326,STM4062,STM4408,STM1291,STM4184,STM4484,STM2317,STM3179,STM1480,STM4126,STM2338,STM2466,STM3248,STM0519,STM3241,STM0973,STM1124,STM4467,STM2196,STM3240,STM0402,STM0608,STM2971,STM1826
