Deletion size,Max growth rate,Min production rate,Deleted genes,,,,,
3,0.457033649004782,0.313982573901507,STM2081,STM0007,STM2473,,,
5,0.45703364900478,0.313982573899951,STM3542,STM4485,STM0785,STM0007,STM2473,
6,0.457033649004779,0.313982573900038,STM4482,STM3512,STM3541,STM0785,STM0007,STM2473
