Deletion size,Max growth rate,Min production rate,Deleted genes,,,,,,,,,,,,,,,,,,,,
13,0.0174333484558307,0.00160716296057047,STM2927,STM2421,STM4275,STM2555,STM2009,STM1750,STM4570,STM3869,STM0974,STM0152,STM4569,STM2338,STM2466,,,,,,,,
13,0.0171675167039937,0.0012460870323881,STM0051,STM2421,STM4275,STM2555,STM2009,STM0322,STM3869,STM0974,STM0152,STM4569,STM2338,STM2466,STM3968,,,,,,,,
21,0.0168046725245825,0.00199695804462151,STM2927,STM2421,STM4275,STM2555,STM2285,STM3526,STM4568,STM4570,STM1885,STM1620,STM2167,STM0974,STM0152,STM1448,STM1076,STM1211,STM2317,STM3179,STM2338,STM2466,STM2422
