Deletion size,Max growth rate,Min production rate,Deleted genes,,,,,,,,,,,,,,,,,,,,
18,0.215006483992548,0.0966555198593957,STM2421,STM1469,STM0761,STM1468,STM4300,STM2285,STM4567,STM1750,STM1620,STM0974,STM1211,STM2317,STM3179,STM3987,STM4301,STM3599,STM4325,STM0627,,,
18,0.214554191888412,0.0964521933008497,STM2421,STM1469,STM0761,STM1468,STM4300,STM2285,STM1750,STM0489,STM1620,STM0974,STM1211,STM2317,STM3179,STM4569,STM4301,STM3599,STM4325,STM0627,,,
21,0.223954547538087,0.0894803676052174,STM3646,STM2927,STM2285,STM4570,STM1135,STM1570,STM4036,STM3359,STM1566,STM2472,STM2252,STM1211,STM2317,STM3179,STM4569,STM2332,STM4301,STM3599,STM4325,STM0627,STM4559_S
