Deletion size,Max growth rate,Min production rate,Deleted genes,,,,,,,,,,,,,,,,,,,,,,,,,,,,,,
23,0.255873535018925,0.023207348186555,STM1749,STM2463,STM4108,STM2285,STM3526,STM0322,STM0169,STM0861,STM4326,STM1511,STM3529,STM1620,STM1448,STM3069,STM0518,STM4184,STM4484,STM2317,STM3179,STM1480,STM4126,STM2338,STM2466,,,,,,,,
23,0.255873535018926,0.0232073481862157,STM2927,STM4108,STM2285,STM3526,STM0322,STM4326,STM1511,STM1884,STM3529,STM1620,STM1448,STM3069,STM0518,STM4184,STM4484,STM2317,STM3179,STM1480,STM4126,STM2338,STM2466,STM2332,STM4559_S,,,,,,,,
31,0.290067480127737,0.00608367225594697,STM3646,STM0158,STM1749,STM2463,STM2285,STM3526,STM0322,STM0169,STM0861,STM4568,STM4570,STM4326,STM2952,STM2947,STM3709,STM3068,STM2141,STM1135,STM1448,STM4184,STM4484,STM2317,STM3179,STM1480,STM4126,STM3802,STM2196,STM3240,STM3708,STM2971,STM1826
