Deletion size,Max growth rate,Min production rate,Deleted genes,,,,,,,,,,,,,,,
14,0.338065367209418,0.344752131141221,STM2927,STM3747,STM1749,STM2463,STM3680,STM1750,STM4570,STM0974,STM0152,STM0150,STM0542,STM0935,STM4569,STM3708,,
14,0.338264042255003,0.342436021819851,STM2927,STM1749,STM2463,STM3680,STM2009,STM4567,STM3709,STM0974,STM0152,STM0150,STM0542,STM0935,STM2332,STM0208,,
16,0.333417879059939,0.386986129187387,STM2927,STM0413,STM1749,STM2463,STM4275,STM2009,STM4568,STM4570,STM3709,STM0974,STM0152,STM0170,STM0317,STM0542,STM2338,STM2466
