Deletion size,Max growth rate,Min production rate,Deleted genes,,,,,,,,,,,,,,,,,,,,,,,,,,,,,,,,,,,,,,,
37,0.0238999920879794,0.0275413971702213,STM0158,STM2927,STM1749,STM2463,STM2285,STM3526,STM3091,STM4570,STM4326,STM1885,STM2947,STM3068,STM2141,STM1620,STM3597,STM4408,STM1291,STM3069,STM0518,STM4184,STM4484,STM2317,STM3179,STM1480,STM4126,STM1933,STM1124,STM3063,STM4467,STM3802,STM2196,STM3240,STM0402,STM0608,STM3708,STM2971,STM1826,,,
40,0.0128184899248991,0.0147719652988096,STM3646,STM0158,STM1463,STM1749,STM2463,STM2285,STM3526,STM0322,STM3091,STM4326,STM1511,STM1884,STM2952,STM2947,STM3709,STM3068,STM2141,STM1135,STM4183,STM0974,STM4408,STM3062,STM1291,STM4484,STM2317,STM3179,STM1480,STM4126,STM2338,STM2466,STM1933,STM3063,STM4467,STM2196,STM3240,STM0402,STM0608,STM2971,STM1826,STM1341
40,0.0393256715937259,0.00162382047445505,STM3646,STM1193,STM0158,STM2927,STM1749,STM2463,STM2285,STM3526,STM4570,STM4326,STM1511,STM1884,STM2952,STM2947,STM1135,STM4183,STM0974,STM1326,STM4062,STM4408,STM1291,STM4484,STM0542,STM2317,STM3179,STM1480,STM4126,STM4578,STM1933,STM1124,STM3063,STM4467,STM2196,STM3240,STM0402,STM0608,STM3708,STM2971,STM1826,STM1341
