Deletion size,Max growth rate,Min production rate,Deleted genes,,,,,,,,,,,,,,,,,,,
12,0.431747838534959,0.0297471382431596,STM3010,STM2927,STM3747,STM4275,STM2555,STM4567,STM1750,STM4570,STM0974,STM0152,STM2338,STM2466,,,,,,,,
19,0.0853310180745767,0.00524231109677342,STM2421,STM4275,STM2555,STM2285,STM2009,STM3526,STM1620,STM2167,STM0974,STM0152,STM1211,STM2317,STM3179,STM4569,STM2338,STM2466,STM3885,STM3793,STM3334,
20,0.0854010288946823,0.00524533119625795,STM3646,STM2421,STM4275,STM2555,STM2285,STM2009,STM3526,STM1135,STM2167,STM0974,STM0152,STM1211,STM2317,STM3179,STM4569,STM2338,STM2466,STM3885,STM3793,STM3334
