Deletion size,Max growth rate,Min production rate,Deleted genes,,,,,,,,,,,,,,,,,,
15,0.294360883138188,0.132329051931677,STM2421,STM2285,STM4568,STM1620,STM0974,STM3359,STM1566,STM2472,STM1211,STM2317,STM3179,STM4301,STM3599,STM4325,STM0627,,,,
17,0.294360883138201,0.132329051933327,STM2927,STM0413,STM2285,STM1620,STM0974,STM3359,STM1566,STM2472,STM1211,STM2317,STM3179,STM2332,STM4301,STM3599,STM4325,STM0627,STM4559_S,,
19,0.301520521298831,0.120471619721718,STM3646,STM2421,STM1469,STM0761,STM1468,STM4300,STM2285,STM1750,STM1135,STM1570,STM4036,STM1211,STM2317,STM3179,STM4569,STM4301,STM3599,STM4325,STM0627
