Deletion size,Max growth rate,Min production rate,Deleted genes,,,,,,,,,,,,,,,,,,,,,,,,,,
14,0.33366613574675,0.0278538929012742,STM2927,STM0413,STM1749,STM2463,STM3680,STM2009,STM4567,STM3709,STM0974,STM0152,STM0150,STM0542,STM0935,STM2332,,,,,,,,,,,,,
15,0.320790616957197,0.0585010877889917,STM2927,STM1749,STM2463,STM4275,STM2009,STM4568,STM4570,STM0974,STM0152,STM0150,STM0542,STM4569,STM2338,STM2466,STM3708,,,,,,,,,,,,
27,0.328040483326283,0.254522592519586,STM2927,STM1463,STM3747,STM2421,STM1749,STM2463,STM4275,STM0974,STM0152,STM0150,STM3957,STM4569,STM2338,STM2466,STM3968,STM3885,STM3793,STM0208,STM3802,STM2196,STM3240,STM2970,STM3243,STM3708,STM2971,STM1826,STM3334
