Deletion size,Max growth rate,Min production rate,Deleted genes,,,,,
3,0.440372508117606,0.302536353449491,STM2081,STM0007,STM2473,,,
5,0.440372508117603,0.302536353449215,STM3542,STM4485,STM0785,STM0007,STM2473,
5,0.440372508117602,0.302536353453774,STM0169,STM0861,STM0785,STM0007,STM2473,
5,0.440372508117602,0.302536353453774,STM1886,STM0169,STM0861,STM0007,STM2473,
5,0.440372508117603,0.302536353449215,STM1886,STM3542,STM4485,STM0007,STM2473,
6,0.440372508117605,0.302536353449377,STM4482,STM1886,STM3512,STM3541,STM0007,STM2473
6,0.440372508117605,0.302536353449377,STM4482,STM3512,STM3541,STM0785,STM0007,STM2473
