Deletion size,Max growth rate,Min production rate,Deleted genes,,,,,,,,,,,,,,,,,
14,0.187950529297652,3.06965052130882,STM4482,STM1597,STM1749,STM2463,STM0737,STM2654,STM4108,STM2081,STM2472,STM0785,STM1480,STM4578,STM4452,STM2051,,,,
14,0.0121678483946245,0.228407598025717,STM4482,STM0737,STM2654,STM3680,STM1886,STM3866,STM3068,STM2141,STM2081,STM2472,STM1480,STM4578,STM1378,STM1888,,,,
18,0.0123863155016972,0.202288536042219,STM4482,STM1749,STM2463,STM0737,STM2654,STM3866,STM3068,STM2141,STM2081,STM2472,STM0785,STM1480,STM4578,STM1378,STM1888,STM4452,STM2041,STM2051
