Deletion size,Max growth rate,Min production rate,Deleted genes,,,,,,,,,,,,,,,,,,,,,,,,,,,,,,,,,,,,,
28,0.237428830845436,0.00725256825008419,STM3646,STM4108,STM2285,STM3526,STM0322,STM4567,STM4326,STM1511,STM1884,STM2952,STM0840,STM0842,STM1135,STM1570,STM4036,STM4183,STM1448,STM4484,STM0542,STM2317,STM3179,STM1480,STM4126,STM0977,STM2196,STM3240,STM2971,STM1826,,,,,,,,,,
32,0.285045435307802,0.00435421299508426,STM3646,STM0158,STM1749,STM2463,STM4108,STM2285,STM3526,STM0322,STM4326,STM1511,STM0517,STM2947,STM3709,STM3529,STM1135,STM4183,STM0491,STM1448,STM3069,STM4484,STM2317,STM3179,STM1480,STM4126,STM2338,STM2466,STM4467,STM2196,STM3240,STM3708,STM2971,STM1826,,,,,,
38,0.0721659337481423,0.0499772896987041,STM0158,STM2927,STM1463,STM1749,STM2463,STM2285,STM3526,STM4326,STM1884,STM2947,STM1620,STM1326,STM4062,STM4408,STM1291,STM3069,STM0518,STM4184,STM4484,STM2317,STM3179,STM1480,STM4126,STM2338,STM2466,STM2332,STM1124,STM4467,STM3802,STM2196,STM3240,STM0402,STM0608,STM3708,STM2971,STM1826,STM1341,STM4559_S
