Deletion size,Max growth rate,Min production rate,Deleted genes,,,,,,,,,,,,,,,,,,,,,,,,,,,,,
15,0.331083091911156,0.375622707016748,STM0051,STM2421,STM1749,STM2463,STM4275,STM2009,STM0974,STM0152,STM0150,STM0542,STM4569,STM2338,STM2466,STM3968,STM3708,,,,,,,,,,,,,,,
15,0.335552872693578,0.0280113945578259,STM2927,STM1749,STM2463,STM3680,STM2009,STM4568,STM4570,STM0974,STM0152,STM0150,STM0542,STM0935,STM2332,STM0208,STM3708,,,,,,,,,,,,,,,
30,0.235111790066563,0.180669715410179,STM0051,STM2421,STM1749,STM2463,STM4275,STM0661,STM2009,STM4567,STM4570,STM1620,STM2167,STM0974,STM0152,STM3957,STM1211,STM2317,STM1480,STM2338,STM2466,STM2422,STM3968,STM3802,STM2196,STM3240,STM2970,STM3243,STM3708,STM2971,STM1826,STM3334
