Deletion size,Max growth rate,Min production rate,Deleted genes,,,,,,,,,,,,,,,,,,,,,,,,,,,,,,,,,,,,
24,0.193698055137976,0.141243810947033,STM3646,STM1463,STM1749,STM2463,STM2285,STM3526,STM4326,STM2947,STM3068,STM2141,STM1135,STM3542,STM4485,STM0368,STM1448,STM3069,STM4184,STM4484,STM2317,STM3179,STM1480,STM4126,STM1124,STM3708,,,,,,,,,,,,,
27,0.224438615784977,0.0387516180221254,STM3646,STM1749,STM2463,STM4108,STM2285,STM3526,STM4326,STM1884,STM2947,STM3529,STM1135,STM0974,STM1448,STM0772,STM4585,STM3704,STM4184,STM4484,STM0542,STM2317,STM3179,STM4569,STM1480,STM4126,STM4578,STM1124,STM3708,,,,,,,,,,
37,0.0241637840946632,0.0809567175292392,STM1463,STM1749,STM2463,STM2285,STM3526,STM3091,STM1290,STM4326,STM1885,STM2947,STM1620,STM0370,STM1326,STM4062,STM4408,STM1291,STM4184,STM4484,STM2317,STM3179,STM1480,STM4126,STM3248,STM0519,STM1933,STM1124,STM3063,STM4467,STM3802,STM2196,STM3240,STM0402,STM0608,STM3708,STM2971,STM1826,STM1341
