Deletion size,Max growth rate,Min production rate,Deleted genes,,,,,,,,,,,,
13,0.362866960350104,0.423868525096574,STM2927,STM1463,STM3747,STM1749,STM2463,STM4275,STM4567,STM0974,STM0152,STM0542,STM2338,STM2466,STM3708
13,0.364435242055451,0.00271358481640309,STM3747,STM1749,STM2463,STM3680,STM4570,STM0974,STM0152,STM0542,STM0935,STM4569,STM3885,STM3793,STM3708
