Deletion size,Max growth rate,Min production rate,Deleted genes,,,,,,,,,,,,,
14,0.318827118882209,0.36171797469855,STM2927,STM1749,STM2463,STM4275,STM2009,STM4570,STM3709,STM0974,STM0152,STM0542,STM4569,STM2338,STM2466,STM0977
14,0.338872484712899,0.343051968505204,STM2927,STM0413,STM1749,STM2463,STM3680,STM2009,STM4567,STM0974,STM0152,STM0150,STM0542,STM0935,STM2332,STM3708
14,0.256492850335039,0.0214115956569287,STM2927,STM1749,STM2463,STM3680,STM2009,STM4567,STM4570,STM0974,STM0152,STM0542,STM2317,STM0935,STM2422,STM3708
