Deletion size,Max growth rate,Min production rate,Deleted genes,,,,,,,,,,,,,,,,,,,,,,,,,,,,,,,,,,,,
26,0.256751742563794,0.0311199809304043,STM3646,STM4108,STM2285,STM3526,STM4567,STM4326,STM1511,STM1884,STM2952,STM0321,STM3529,STM1135,STM3597,STM4408,STM1291,STM4184,STM4484,STM2317,STM3179,STM1480,STM4126,STM4578,STM2338,STM2466,STM0402,STM0608,,,,,,,,,,,
28,0.191840985283523,0.0858160527726696,STM0158,STM1749,STM2463,STM2285,STM3526,STM1290,STM4570,STM4326,STM2947,STM1620,STM3542,STM4485,STM3597,STM1326,STM4062,STM4408,STM1291,STM0518,STM4184,STM4484,STM2317,STM3179,STM1480,STM4126,STM1124,STM0402,STM0608,STM3708,,,,,,,,,
37,0.277347626879465,0.00546802761584592,STM3646,STM2927,STM1749,STM2463,STM2285,STM3526,STM0322,STM4326,STM2947,STM3709,STM3068,STM2141,STM3247,STM1135,STM4183,STM0370,STM0974,STM1448,STM3062,STM0772,STM4585,STM3704,STM4484,STM2317,STM3179,STM4569,STM1480,STM4126,STM2338,STM2466,STM4467,STM3802,STM2196,STM3240,STM3708,STM2971,STM1826
