Deletion size,Max growth rate,Min production rate,Deleted genes,,,,,,,,,,,,,
13,0.429666009983307,0.0264044085334705,STM3010,STM2927,STM4275,STM2555,STM2009,STM4570,STM0974,STM0152,STM2338,STM2466,STM2422,STM2332,STM4559_S,
14,0.428993897135122,0.0295573935169697,STM3747,STM0051,STM2421,STM1749,STM2463,STM4275,STM2555,STM4568,STM4570,STM0974,STM0152,STM2338,STM2466,STM2422
14,0.42899389713512,0.02955739351704,STM3747,STM2421,STM4275,STM2555,STM4570,STM0974,STM0152,STM3957,STM4569,STM2338,STM2466,STM3885,STM3793,STM3334
