Deletion size,Max growth rate,Min production rate,Deleted genes,,,,,,,,,,,,
13,0.35850143836696,0.426341024050883,STM2927,STM0413,STM1749,STM2463,STM4275,STM2009,STM3709,STM0974,STM0152,STM0542,STM2338,STM2466,STM1651
13,0.358501438366954,0.426341024050322,STM2927,STM0413,STM1749,STM2463,STM4275,STM2009,STM0974,STM0152,STM0542,STM2338,STM2466,STM4452,STM3708
13,0.348878994185693,0.374864722748352,STM2927,STM3747,STM0413,STM1749,STM2463,STM3680,STM4570,STM3709,STM0974,STM0152,STM0542,STM0935,STM4452
