Deletion size,Max growth rate,Min production rate,Deleted genes,,,,,,,,,,,,,,,,,,,,,,,,,,,,,,,,,
34,0.0696369650619656,0.0609603938177329,STM2927,STM1749,STM2463,STM2285,STM3526,STM0322,STM1290,STM4326,STM1511,STM1885,STM2947,STM3709,STM1620,STM0370,STM1448,STM1326,STM4062,STM4184,STM4484,STM2317,STM3179,STM4569,STM1480,STM4126,STM2338,STM2466,STM3248,STM0519,STM4467,STM2196,STM3240,STM3708,STM2971,STM1826
34,0.286999327674836,0.00362314494837793,STM3646,STM1463,STM1749,STM2463,STM2285,STM3526,STM1290,STM4326,STM1511,STM0840,STM0842,STM2947,STM3709,STM1135,STM0369,STM3597,STM4408,STM1291,STM4184,STM4484,STM2317,STM3179,STM1480,STM4126,STM2338,STM2466,STM1124,STM4467,STM2196,STM3240,STM0402,STM0608,STM2971,STM1826
34,0.279184283464827,0.00338742131076287,STM3646,STM0158,STM1749,STM2463,STM2285,STM3526,STM1290,STM4568,STM4570,STM4326,STM2947,STM3709,STM1135,STM0491,STM0974,STM1448,STM1326,STM4062,STM4184,STM4484,STM2317,STM3179,STM1480,STM4126,STM2338,STM2466,STM1124,STM4467,STM3802,STM2196,STM3240,STM3708,STM2971,STM1826
