Deletion size,Max growth rate,Min production rate,Deleted genes,,,,,,,,,,,,,,,,,,,,,,,,,,,
25,0.248965469172675,0.386247282011963,STM3010,STM2927,STM3747,STM2421,STM1749,STM2463,STM4275,STM4567,STM4568,STM4570,STM1511,STM0584,STM3709,STM0974,STM0152,STM0150,STM3279,STM2338,STM2466,STM2196,STM3240,STM2970,STM3243,STM2971,STM1826,,,
25,0.249764184409306,0.383766927824237,STM3010,STM0051,STM2421,STM1749,STM2463,STM4275,STM0598,STM2009,STM1750,STM1511,STM3709,STM0974,STM0152,STM0150,STM3279,STM4569,STM2338,STM2466,STM3968,STM2196,STM3240,STM2970,STM3243,STM2971,STM1826,,,
28,0.249754701649264,0.38384388001222,STM2927,STM2421,STM1749,STM2463,STM4275,STM0598,STM2009,STM4568,STM4570,STM0974,STM0152,STM0150,STM3957,STM3279,STM2502,STM2501,STM2338,STM2466,STM2332,STM3802,STM2196,STM3240,STM2970,STM3243,STM2467,STM3708,STM2971,STM1826
