Deletion size,Max growth rate,Min production rate,Deleted genes,,,,,,,,,,
11,0.0157911101212371,0.00254919048910741,STM1749,STM2463,STM4275,STM3866,STM0974,STM0152,STM0542,STM4569,STM2338,STM2466,STM3708
11,0.0157909488267454,0.00223266423236679,STM1749,STM2463,STM4275,STM4567,STM3866,STM0974,STM0152,STM0542,STM2338,STM2466,STM3708
