Deletion size,Max growth rate,Min production rate,Deleted genes,,,,,,
4,0.399184456569527,0.27424012084898,STM2952,STM2081,STM0007,STM2473,,,
6,0.356165630877979,0.244686144578544,STM1886,STM3542,STM4485,STM3069,STM0007,STM2473,
7,0.35616563087798,0.244686144578315,STM4482,STM3512,STM3541,STM3069,STM0785,STM0007,STM2473
