Deletion size,Max growth rate,Min production rate,Deleted genes,,,,,,,,,,,,,,,,,,,,,
15,0.320727629957811,0.37225701389736,STM2927,STM1749,STM2463,STM4275,STM2009,STM0974,STM0152,STM0150,STM0542,STM2338,STM2466,STM2332,STM0208,STM3708,STM4559_S,,,,,,,
15,0.321275074602448,0.366887460768962,STM2927,STM3747,STM2421,STM1749,STM2463,STM4275,STM4567,STM4570,STM0974,STM0152,STM0150,STM0542,STM2338,STM2466,STM3708,,,,,,,
22,0.0415343505512154,0.0412701333918632,STM3646,STM2927,STM1463,STM3747,STM2421,STM0413,STM1749,STM2463,STM3680,STM2285,STM3526,STM3709,STM1135,STM2167,STM0974,STM0152,STM0542,STM1211,STM2317,STM0935,STM3179,STM4569
