Deletion size,Max growth rate,Min production rate,Deleted genes,,,,,,,,,,,,,,,,,
11,0.363801393050222,0.388189728935175,STM0051,STM1749,STM2463,STM3680,STM0974,STM0152,STM0542,STM0935,STM2422,STM3708,STM1651,,,,,,,
15,0.253764457886819,0.272665722885091,STM3646,STM1749,STM2463,STM3680,STM1135,STM2167,STM0974,STM0152,STM0542,STM1211,STM2317,STM0935,STM2422,STM3708,STM1651,,,
18,0.0738275463620877,0.0902769881390521,STM3646,STM1749,STM2463,STM4275,STM2285,STM3526,STM1135,STM2167,STM0974,STM0152,STM0542,STM1211,STM2317,STM3179,STM2338,STM2466,STM4452,STM3708
