Deletion size,Max growth rate,Min production rate,Deleted genes,,,,,,,,,,,,,,,,,,,,,,,,,,,,,,,,,,
24,0.239030675487985,0.0139856721178769,STM1749,STM2463,STM4108,STM2285,STM3526,STM4326,STM1884,STM2952,STM0321,STM2947,STM3529,STM1620,STM0491,STM0368,STM1448,STM0518,STM4184,STM4484,STM2317,STM3179,STM1480,STM4126,STM0977,STM3708,,,,,,,,,,,
31,0.294538117829753,0.00573544806884106,STM1749,STM2463,STM2285,STM3526,STM4326,STM2947,STM3709,STM1620,STM0491,STM0370,STM1448,STM1326,STM4062,STM3069,STM0518,STM4184,STM4484,STM0542,STM2317,STM3179,STM4569,STM1480,STM4126,STM1124,STM4467,STM3802,STM2196,STM3240,STM3708,STM2971,STM1826,,,,
35,0.0726543651687095,0.0496505765178144,STM2927,STM1749,STM2463,STM2285,STM3526,STM4326,STM1884,STM2952,STM2947,STM3709,STM3068,STM2141,STM1620,STM0369,STM1448,STM3062,STM4184,STM4484,STM2317,STM3179,STM4569,STM1480,STM4126,STM2338,STM2466,STM3248,STM0519,STM1124,STM4467,STM3802,STM2196,STM3240,STM3708,STM2971,STM1826
