Deletion size,Max growth rate,Min production rate,Deleted genes,,,,,,,,,,,,,,
15,0.247599528004908,0.50130659356718,STM0051,STM2421,STM1749,STM2463,STM0661,STM3680,STM2009,STM3709,STM0974,STM0152,STM0150,STM0542,STM0935,STM4569,STM3334
15,0.249015305219686,0.494864380833447,STM3747,STM0051,STM2421,STM1749,STM2463,STM3680,STM4570,STM3709,STM0974,STM0152,STM0150,STM0542,STM0935,STM4569,STM3968
14,0.242235110522465,0.516947893488229,STM2927,STM1749,STM2463,STM3680,STM2009,STM3709,STM0974,STM0152,STM0150,STM0542,STM0935,STM2332,STM0208,STM4452,
15,0.242235110522473,0.516947893488226,STM2927,STM1749,STM2463,STM3680,STM2009,STM4567,STM1750,STM4570,STM0974,STM0152,STM0150,STM0542,STM0935,STM3708,STM1651
