Deletion size,Max growth rate,Min production rate,Deleted genes,,,,,,,,,,,,,,,,,,,,,,,,,,,,,,,,,,,
22,0.255690208297682,0.025256733453315,STM4108,STM2285,STM3526,STM1290,STM4568,STM4570,STM4326,STM1511,STM1885,STM0321,STM3529,STM1620,STM1448,STM0518,STM4184,STM4484,STM2317,STM3179,STM1480,STM4126,STM2338,STM2466,,,,,,,,,,,,,,
24,0.255691063402855,0.0252658660339977,STM2285,STM3526,STM0322,STM1290,STM4570,STM4326,STM1511,STM1884,STM0840,STM0842,STM1620,STM1448,STM4184,STM4484,STM2317,STM3179,STM1480,STM4126,STM2338,STM2466,STM3248,STM0519,STM3968,STM2041,,,,,,,,,,,,
36,0.0704546566827301,0.053104671146204,STM3646,STM1749,STM2463,STM2285,STM3526,STM4567,STM4326,STM1885,STM2947,STM1135,STM0491,STM0370,STM3597,STM1326,STM4062,STM4408,STM1291,STM3069,STM4184,STM4484,STM2317,STM3179,STM1480,STM4126,STM2338,STM2466,STM1124,STM4467,STM3802,STM2196,STM3240,STM0402,STM0608,STM3708,STM2971,STM1826
