Deletion size,Max growth rate,Min production rate,Deleted genes,,,,,,,,,
9,0.366430007837145,0.393722997330402,STM1749,STM2463,STM3680,STM3709,STM0974,STM0152,STM0542,STM0935,STM4452,
9,0.366430007837139,0.393722997329447,STM1749,STM2463,STM3680,STM0974,STM0152,STM0542,STM0935,STM4452,STM3708,
10,0.367760550018336,0.429584776081906,STM1749,STM2463,STM4275,STM4567,STM0974,STM0152,STM0542,STM2338,STM2466,STM3708
