Deletion size,Max growth rate,Min production rate,Deleted genes,,,,
3,0.440372508117606,0.302536353449679,STM2081,STM0007,STM2473,,
5,0.440372508117604,0.302536353449332,STM3542,STM4485,STM0785,STM0007,STM2473
