Deletion size,Max growth rate,Min production rate,Deleted genes,,,,,,,,,,,,,,
14,0.332948904380979,0.0416910294340916,STM2927,STM0413,STM1749,STM2463,STM3680,STM2009,STM4570,STM3709,STM0974,STM0152,STM0150,STM0542,STM0935,STM4569,
14,0.33294890438109,0.0416910294439641,STM2927,STM1749,STM2463,STM3680,STM2009,STM4568,STM4570,STM3709,STM0974,STM0152,STM0150,STM0542,STM0935,STM2422,
15,0.299282015078321,0.590301751566394,STM0051,STM2421,STM1749,STM2463,STM0661,STM2122,STM3680,STM2009,STM3709,STM0974,STM0152,STM0150,STM0542,STM0935,STM4569
