Deletion size,Max growth rate,Min production rate,Deleted genes,,,,,,,,,,,,,,,,,,,,,,,,,,,,,,,,,,,,,,
35,0.0641978085161667,0.0550579799432809,STM3646,STM1749,STM2463,STM2285,STM3526,STM1290,STM4326,STM1885,STM0321,STM2947,STM3709,STM3068,STM2141,STM1135,STM2081,STM0491,STM0370,STM1448,STM4184,STM4484,STM2317,STM3179,STM1480,STM4126,STM2338,STM2466,STM4467,STM3802,STM2196,STM3240,STM0007,STM2473,STM3708,STM2971,STM1826,,,,
35,0.277686783940819,0.00420594719169031,STM3646,STM1463,STM1749,STM2463,STM2122,STM2285,STM3526,STM0322,STM4570,STM4326,STM1511,STM2947,STM3709,STM1135,STM1570,STM4036,STM0368,STM1448,STM1326,STM4062,STM3069,STM4184,STM4484,STM2317,STM3179,STM1480,STM4126,STM2338,STM2466,STM4467,STM2196,STM3240,STM3708,STM2971,STM1826,,,,
39,0.0643519250947876,0.0549437739195051,STM2927,STM1749,STM2463,STM2285,STM2009,STM3526,STM4326,STM1511,STM1884,STM2947,STM3709,STM1620,STM2081,STM0369,STM3597,STM1326,STM4062,STM4408,STM1291,STM3069,STM0518,STM4184,STM4484,STM2317,STM3179,STM1480,STM4126,STM2338,STM2466,STM1124,STM4467,STM2196,STM3240,STM0007,STM2473,STM0402,STM0608,STM2971,STM1826
