Deletion size,Max growth rate,Min production rate,Deleted genes,,,,,,,,,,,,,,,,,,,,,,
23,0.314283266480854,0.483016766594913,STM3010,STM0051,STM2421,STM1749,STM2463,STM4275,STM0661,STM2009,STM1511,STM0974,STM0152,STM0150,STM4569,STM2338,STM2466,STM2196,STM3240,STM2970,STM3243,STM3708,STM2971,STM1826,STM3334
23,0.314269770057135,0.482996024153178,STM3010,STM2927,STM0413,STM1749,STM2463,STM4275,STM2009,STM4567,STM1511,STM3709,STM0974,STM0152,STM0150,STM2338,STM2466,STM2332,STM2196,STM3240,STM2970,STM3243,STM2971,STM1826,STM4559_S
23,0.314269770057151,0.482996024153246,STM2927,STM2421,STM0413,STM1749,STM2463,STM4275,STM2009,STM4567,STM1750,STM0974,STM0152,STM0150,STM3957,STM2338,STM2466,STM3802,STM2196,STM3240,STM2970,STM3243,STM3708,STM2971,STM1826
