Deletion size,Max growth rate,Min production rate,Deleted genes,,,,,,,,,,,,,,,,,,,,,,,,,,,,
24,0.25590879567776,0.0344802709220956,STM2285,STM3526,STM4567,STM4326,STM1884,STM2952,STM0840,STM0842,STM3709,STM1620,STM0370,STM1448,STM0518,STM4184,STM4484,STM2317,STM3179,STM1480,STM4126,STM2338,STM2466,STM0977,STM1124,STM3708,,,,,
24,0.256406430530062,0.0314459364126058,STM3646,STM1749,STM2463,STM2285,STM3526,STM4326,STM1511,STM1885,STM2952,STM0321,STM0840,STM0842,STM1135,STM1448,STM3062,STM4184,STM4484,STM2317,STM3179,STM1480,STM4126,STM2338,STM2466,STM2051,,,,,
29,0.190858858109586,0.0870592129606022,STM3646,STM1749,STM2463,STM2285,STM3526,STM0169,STM0861,STM4326,STM1511,STM0321,STM2947,STM3709,STM1135,STM0369,STM3597,STM1326,STM4062,STM4408,STM1291,STM3069,STM4184,STM4484,STM2317,STM3179,STM4569,STM1480,STM4126,STM0402,STM0608
