Deletion size,Max growth rate,Min production rate,Deleted genes,,,,,,,,,,,,,,,,,,,,,,,,,
23,0.255341758725463,0.0267976896581406,STM3646,STM4108,STM2285,STM3526,STM4567,STM4326,STM1884,STM2952,STM0321,STM3709,STM3529,STM1135,STM4183,STM1448,STM4484,STM2317,STM3179,STM1480,STM4126,STM4578,STM2338,STM2466,STM3708,,,
24,0.235298618232912,0.0443321631586912,STM2285,STM3526,STM1290,STM0169,STM0861,STM4570,STM4326,STM1511,STM1620,STM0370,STM1448,STM1326,STM4062,STM0518,STM4184,STM4484,STM2317,STM3179,STM1480,STM4126,STM2338,STM2466,STM3968,STM1124,,
26,0.237371903033,0.0363385246443411,STM1749,STM2463,STM2285,STM3526,STM4326,STM1885,STM0840,STM0842,STM2947,STM3709,STM1620,STM0369,STM1448,STM3069,STM4184,STM4484,STM2317,STM3179,STM1480,STM4126,STM3248,STM0519,STM1124,STM0007,STM2473,STM3708
