Deletion size,Max growth rate,Min production rate,Deleted genes,,,,,,,,,,,,,,,,,,,,,,,,,,,,,,,,,,
26,0.277798072453587,0.00532225203037555,STM3646,STM0158,STM2285,STM3526,STM4567,STM4326,STM2952,STM1299,STM2947,STM3709,STM3068,STM2141,STM1135,STM1570,STM4036,STM4183,STM1448,STM4484,STM0542,STM2317,STM3179,STM1480,STM4126,STM4578,STM1124,STM3708,,,,,,,,,
34,0.0127115408337753,0.107114791586087,STM3646,STM0158,STM1749,STM2463,STM2285,STM3526,STM3091,STM4326,STM1884,STM2952,STM1299,STM2947,STM3068,STM2141,STM1135,STM1570,STM4036,STM4183,STM4408,STM1291,STM4484,STM0542,STM2317,STM3179,STM1480,STM4126,STM4578,STM1933,STM1124,STM3063,STM0402,STM0608,STM3708,STM1341,
35,0.0211075217248671,0.0573632639849026,STM1749,STM2463,STM2285,STM3526,STM3091,STM4326,STM1511,STM1884,STM1299,STM2947,STM3709,STM3068,STM2141,STM1620,STM0370,STM3597,STM4408,STM1291,STM3069,STM0518,STM4184,STM4484,STM2317,STM3179,STM1480,STM4126,STM1933,STM1124,STM3063,STM2196,STM3240,STM0402,STM0608,STM2971,STM1826
