Deletion size,Max growth rate,Min production rate,Deleted genes,,,,,,,,,,,,,,
13,0.42150601520798,0.038854424481911,STM3010,STM2927,STM4275,STM2555,STM2009,STM0974,STM0152,STM0150,STM2338,STM2466,STM2332,STM0208,STM4559_S,,
15,0.421531637549199,0.0388567863492705,STM0051,STM2421,STM4275,STM2555,STM0661,STM2122,STM2009,STM1750,STM0974,STM0152,STM0150,STM3957,STM4569,STM2338,STM2466
15,0.421506015204383,0.0388544244815235,STM2927,STM2421,STM4275,STM2555,STM2009,STM4567,STM2458,STM0974,STM0152,STM0150,STM2338,STM2466,STM0208,STM3334,STM4559_S
