Deletion size,Max growth rate,Min production rate,Deleted genes,,,,,,,,,,,,,,,,
15,0.276493756496307,0.627379264152945,STM2927,STM2421,STM1749,STM2463,STM4275,STM2009,STM4570,STM3709,STM0974,STM0152,STM0150,STM0542,STM4569,STM2338,STM2466,,
17,0.270565657222176,0.657673683373594,STM2927,STM1749,STM2463,STM4275,STM2009,STM1750,STM0694,STM3045,STM0974,STM0152,STM0150,STM0542,STM4569,STM2338,STM2466,STM0208,STM3708
17,0.276023593075365,0.630422981310121,STM3747,STM0051,STM2421,STM1749,STM2463,STM4275,STM0661,STM2122,STM4570,STM0974,STM0152,STM0150,STM0542,STM4569,STM2338,STM2466,STM3708
