Deletion size,Max growth rate,Min production rate,Deleted genes,,,,,,,,,,,,,,
14,0.285163055118929,0.577360227318465,STM2927,STM1749,STM2463,STM3680,STM2009,STM3709,STM0974,STM0152,STM0150,STM0542,STM0935,STM2332,STM0208,STM4559_S,
14,0.286759649469342,0.565602725295797,STM2927,STM2421,STM1749,STM2463,STM3680,STM2009,STM4567,STM0974,STM0152,STM0150,STM0542,STM0935,STM0208,STM3708,
15,0.280323607499015,0.598231602673462,STM2927,STM1749,STM2463,STM3680,STM2009,STM4567,STM4568,STM4570,STM3709,STM0974,STM0152,STM0150,STM0542,STM0935,STM4452
