Deletion size,Max growth rate,Min production rate,Deleted genes,,,,,,,,,,,,,,,,,,,,,,,,,,,,,,,,,,,,,
21,0.256965340777428,0.0335188759910266,STM4108,STM2285,STM3526,STM1290,STM4326,STM1511,STM1884,STM3529,STM1620,STM1448,STM0518,STM4184,STM4484,STM2317,STM3179,STM4569,STM1480,STM4126,STM2338,STM2466,STM1124,,,,,,,,,,,,,,,,,
24,0.229365328487814,0.0155477939436102,STM1463,STM1749,STM2463,STM2285,STM3526,STM4326,STM1884,STM0321,STM0840,STM0842,STM3709,STM1620,STM0974,STM1448,STM3069,STM0518,STM4184,STM4484,STM2317,STM3179,STM1480,STM4126,STM2051,STM3708,,,,,,,,,,,,,,
38,0.0716306317217144,0.0612013907500857,STM3646,STM1463,STM1749,STM2463,STM2285,STM3526,STM4570,STM4326,STM1511,STM1884,STM2952,STM0517,STM2947,STM3709,STM1135,STM4183,STM0368,STM3597,STM1326,STM4062,STM4408,STM1291,STM4484,STM0542,STM2317,STM3179,STM1480,STM4126,STM3968,STM0977,STM1124,STM4467,STM2196,STM3240,STM0402,STM0608,STM2971,STM1826
