Deletion size,Max growth rate,Min production rate,Deleted genes,,,,,,,,,,,,,,,,,,,,,,,,,,,,,,,,,,,,,,
35,0.0222798898565418,0.0301605606874828,STM1463,STM1749,STM2463,STM2285,STM3526,STM3091,STM4326,STM1884,STM0321,STM2947,STM3709,STM3068,STM2141,STM1620,STM0369,STM1448,STM3069,STM0518,STM4184,STM4484,STM2317,STM3179,STM1480,STM4126,STM2338,STM2466,STM1933,STM3063,STM4467,STM3802,STM2196,STM3240,STM3708,STM2971,STM1826,,,,
37,0.0223622243506415,0.0298614116863115,STM3646,STM1463,STM1749,STM2463,STM2285,STM3526,STM1290,STM4326,STM1885,STM0517,STM2947,STM3709,STM1135,STM4183,STM0370,STM1448,STM1326,STM4062,STM2403,STM0393,STM4484,STM2317,STM3179,STM1480,STM4126,STM2338,STM2466,STM1933,STM1124,STM3063,STM4467,STM3802,STM2196,STM3240,STM3708,STM2971,STM1826,,
39,0.0223225847747119,0.0300030958674175,STM3646,STM1749,STM2463,STM2285,STM3526,STM1290,STM4326,STM1511,STM1885,STM0321,STM2947,STM3709,STM1135,STM0491,STM0369,STM1326,STM4062,STM2403,STM4408,STM1291,STM4184,STM4484,STM2317,STM3179,STM1480,STM4126,STM2338,STM2466,STM3661,STM1933,STM3063,STM4467,STM2196,STM3240,STM0402,STM0608,STM2971,STM1826,STM1341
