Deletion size,Max growth rate,Min production rate,Deleted genes,,,,,,,,,,,,,,,
15,0.323685810734146,0.734460583589502,STM2927,STM2421,STM0413,STM1749,STM2463,STM4275,STM2009,STM3709,STM0974,STM0152,STM0150,STM0542,STM4569,STM2338,STM2466,
16,0.322933744840296,0.749635144042628,STM0051,STM2421,STM1749,STM2463,STM4275,STM2009,STM4567,STM4570,STM0974,STM0152,STM0150,STM0542,STM2338,STM2466,STM2422,STM3708
16,0.204342796323598,0.137767674740783,STM2927,STM1749,STM2463,STM3680,STM2952,STM3709,STM0974,STM0152,STM3062,STM0150,STM0542,STM2317,STM0935,STM2332,STM0208,STM4559_S
