Deletion size,Max growth rate,Min production rate,Deleted genes,,,,,,,,,,,,,,,,
14,0.333021668128966,0.0454196597407653,STM2927,STM3747,STM1749,STM2463,STM3680,STM4567,STM1750,STM4570,STM3709,STM0974,STM0152,STM0150,STM0542,STM0935,,,
16,0.303748695485305,0.619513385615322,STM3747,STM2421,STM1749,STM2463,STM3680,STM4568,STM4570,STM3709,STM0974,STM0152,STM0150,STM0542,STM0935,STM2422,STM3885,STM3793,
17,0.297412260976596,0.694820472338797,STM3747,STM2421,STM1749,STM2463,STM4275,STM4570,STM3709,STM0974,STM0152,STM0150,STM0542,STM4569,STM2338,STM2466,STM3885,STM3793,STM3334
