Deletion size,Max growth rate,Min production rate,Deleted genes,,,,,,,,,,,,,,
14,0.288128719849832,0.284151535065408,STM2927,STM2421,STM1749,STM2463,STM3680,STM2009,STM4567,STM3709,STM0974,STM0152,STM0150,STM0542,STM0935,STM0208,
14,0.288128719849808,0.284151535065395,STM2927,STM2421,STM1749,STM2463,STM3680,STM2009,STM4567,STM0974,STM0152,STM0150,STM0542,STM0935,STM0208,STM3708,
15,0.281336062675201,0.302290957299492,STM2927,STM3747,STM1749,STM2463,STM3680,STM4570,STM0974,STM0152,STM0150,STM0542,STM0935,STM2332,STM0208,STM4452,STM3708
