Deletion size,Max growth rate,Min production rate,Deleted genes,,,,,,,,,
9,0.338677344025954,0.0935534072025329,STM4340,STM3359,STM1566,STM2472,STM2252,STM4301,STM3599,STM4325,STM0627,
10,0.33878262480367,0.0935824890872235,STM4340,STM1469,STM0761,STM1468,STM4300,STM2252,STM4301,STM3599,STM4325,STM0627
