Deletion size,Max growth rate,Min production rate,Deleted genes,,,,,,
4,0.110106616113094,0.0756433553765384,STM3869,STM2081,STM0007,STM2473,,,
6,0.110106616113093,0.075643355376255,STM0169,STM0861,STM3869,STM0785,STM0007,STM2473,
7,0.264448939310564,0.181676685754703,STM2555,STM2081,STM3359,STM1566,STM2472,STM0007,STM2473
