Deletion size,Max growth rate,Min production rate,Deleted genes,,,,,,,,,,,,,,,
13,0.432439225851256,0.0229082517698542,STM3010,STM2927,STM4275,STM2555,STM2009,STM4567,STM4570,STM0974,STM0152,STM2338,STM2466,STM2332,STM4559_S,,,
14,0.430437086967211,0.0444852425006336,STM3747,STM0051,STM2421,STM4275,STM2555,STM4567,STM4570,STM2460,STM3553,STM0974,STM0152,STM2338,STM2466,STM2422,,
16,0.185473642293345,0.00982537346355444,STM2927,STM2421,STM4275,STM2555,STM2009,STM4568,STM2458,STM2081,STM0974,STM0152,STM4569,STM2338,STM2466,STM0208,STM0007,STM2473
