Deletion size,Max growth rate,Min production rate,Deleted genes,,,,,,,,,,,,,,,,,,,,,
13,0.340431244911929,0.335732102229011,STM0051,STM2421,STM1749,STM2463,STM3680,STM2009,STM3709,STM0974,STM0152,STM0542,STM0935,STM4569,STM3968,,,,,,,,,
16,0.0144030569405873,0.0141949687738009,STM2927,STM2421,STM1749,STM2463,STM3680,STM2009,STM3869,STM0974,STM0152,STM0150,STM0542,STM0935,STM4569,STM3885,STM3793,STM3708,,,,,,
22,0.349247251759307,0.270976664357715,STM3010,STM3747,STM0051,STM2421,STM1749,STM2463,STM4275,STM4568,STM4570,STM1511,STM3709,STM0974,STM0152,STM2338,STM2466,STM2422,STM2196,STM3240,STM2970,STM3243,STM2971,STM1826
