Deletion size,Max growth rate,Min production rate,Deleted genes,,,,,,,,,,,,,,,,,,,,,,
17,0.336847572343273,0.34351024890043,STM2927,STM3747,STM1749,STM2463,STM3680,STM4570,STM3709,STM0974,STM0152,STM0150,STM0542,STM0935,STM2502,STM2501,STM2332,STM2467,STM4559_S,,,,,,
18,0.336856432370487,0.343519284174553,STM2927,STM1463,STM3747,STM2421,STM1749,STM2463,STM3680,STM0974,STM0152,STM0150,STM0542,STM0935,STM2502,STM2501,STM2332,STM2467,STM3708,STM4559_S,,,,,
23,0.339826711482614,0.263667382563214,STM3747,STM0051,STM2421,STM1749,STM2463,STM4275,STM3680,STM4568,STM4570,STM3709,STM0974,STM0152,STM0150,STM2338,STM2466,STM2422,STM3802,STM2196,STM3240,STM2970,STM3243,STM2971,STM1826
