Deletion size,Max growth rate,Min production rate,Deleted genes,,,,,,,,,,,,,
12,0.320552182091511,0.21075162669293,STM2927,STM1749,STM2463,STM3680,STM2009,STM4567,STM0974,STM0152,STM3069,STM0542,STM0935,STM3708,,
12,0.239181937989414,0.0521833485007033,STM1749,STM2463,STM4275,STM2952,STM3709,STM0974,STM0152,STM0542,STM2317,STM4569,STM2338,STM2466,,
14,0.160906137177279,0.0504889064408688,STM2421,STM1749,STM2463,STM3680,STM4567,STM4109,STM4085,STM4415,STM0974,STM0152,STM3069,STM2317,STM0935,STM3708
