Deletion size,Max growth rate,Min production rate,Deleted genes,,,,,,,,,,,,,,,,,,,
9,0.351702588621745,0.194302784451933,STM2451,STM4340,STM3359,STM1566,STM2472,STM4301,STM3599,STM4325,STM0627,,,,,,,,,,,
20,0.286498130136015,0.0858629166054977,STM0051,STM2421,STM2451,STM0661,STM2285,STM4567,STM1620,STM0974,STM3359,STM1566,STM2472,STM1211,STM2317,STM3179,STM3968,STM4301,STM3599,STM4325,STM0627,STM3334
