Deletion size,Max growth rate,Min production rate,Deleted genes,,,,,,,,,,
10,0.176025665509538,0.0901769802996306,STM1749,STM2463,STM4275,STM3709,STM2081,STM0974,STM0152,STM4569,STM2338,STM2466,
11,0.0162888095779556,0.0126397456614544,STM2421,STM1749,STM2463,STM4275,STM3869,STM3709,STM0974,STM0152,STM4569,STM2338,STM2466
