Deletion size,Max growth rate,Min production rate,Deleted genes,,,,,
4,0.475069621818072,0.0355786765823087,STM2183,STM0980,STM3968,STM2498,,
4,0.475069621818072,0.035578676582302,STM2927,STM0980,STM3968,STM2498,,
6,0.475001721966358,0.0355735914567934,STM2183,STM0980,STM4570,STM0317,STM4569,STM2498
