Deletion size,Max growth rate,Min production rate,Deleted genes,,,,,,,,,,,,,,,,,,,,,
14,0.339806650167499,0.0414502947923684,STM2421,STM1749,STM2463,STM2122,STM3680,STM2009,STM3709,STM0974,STM0152,STM0542,STM0935,STM4569,STM3885,STM3793,,,,,,,,
14,0.339806650167499,0.0414502947923351,STM2421,STM1749,STM2463,STM2122,STM3680,STM2009,STM0974,STM0152,STM0542,STM0935,STM4569,STM3885,STM3793,STM3708,,,,,,,,
22,0.341729442556694,0.0416848408697099,STM2421,STM1749,STM2463,STM4275,STM3680,STM2009,STM1511,STM3709,STM0974,STM0152,STM4569,STM2338,STM2466,STM3885,STM3793,STM2196,STM3240,STM2970,STM3243,STM2971,STM1826,STM3334
