Deletion size,Max growth rate,Min production rate,Deleted genes,,,,,,,,,,,,,,,,
14,0.327389289279757,0.331427145079062,STM2927,STM1749,STM2463,STM3680,STM2009,STM0974,STM0152,STM0150,STM0542,STM0935,STM2332,STM0208,STM3708,STM4559_S,,,
15,0.334588742906095,0.0304222583895266,STM2927,STM3747,STM1749,STM2463,STM3680,STM4567,STM4570,STM0974,STM0152,STM0150,STM0542,STM0935,STM3708,STM3334,STM4559_S,,
17,0.321837511969741,0.367529749056624,STM3747,STM0051,STM2421,STM1749,STM2463,STM4275,STM0661,STM2122,STM4570,STM0974,STM0152,STM0150,STM0542,STM4569,STM2338,STM2466,STM3708
