Deletion size,Max growth rate,Min production rate,Deleted genes,,,,,,,,,,,,,,,,,,,,,,,,,,,,,,,,,,,,,,,,,
35,0.0923748600762138,0.109063810376284,STM3646,STM1749,STM2463,STM2285,STM3526,STM0322,STM1290,STM4326,STM2947,STM3709,STM3068,STM2141,STM1135,STM3542,STM4485,STM0491,STM0368,STM1448,STM4184,STM4484,STM2317,STM3179,STM1480,STM4126,STM2338,STM2466,STM1933,STM3063,STM4467,STM3802,STM2196,STM3240,STM3708,STM2971,STM1826,,,,,,,
39,0.0923736978789997,0.109080367822202,STM3646,STM4482,STM1749,STM2463,STM2285,STM3526,STM0322,STM1290,STM3512,STM3541,STM4326,STM1511,STM2947,STM3709,STM1135,STM0491,STM0368,STM3597,STM1326,STM4062,STM4408,STM1291,STM4184,STM4484,STM2317,STM3179,STM1480,STM4126,STM2338,STM2466,STM1933,STM3063,STM4467,STM2196,STM3240,STM0402,STM0608,STM2971,STM1826,,,
42,0.0168433107222008,0.116792774368348,STM2927,STM1749,STM2463,STM2285,STM3526,STM1290,STM4570,STM4326,STM1511,STM1884,STM0321,STM2947,STM1620,STM3597,STM0974,STM1326,STM4062,STM2403,STM4408,STM1291,STM0518,STM4184,STM4484,STM0542,STM2317,STM3179,STM1480,STM4126,STM2338,STM2466,STM3661,STM1933,STM3063,STM4467,STM2196,STM3240,STM2051,STM0402,STM0608,STM3708,STM2971,STM1826
