Deletion size,Max growth rate,Min production rate,Deleted genes,,,,,,,,,,,,,,,,,
15,0.285978916569498,0.324450802278838,STM2927,STM2421,STM1749,STM2463,STM4275,STM2009,STM4567,STM4570,STM0974,STM0152,STM0150,STM0542,STM2338,STM2466,STM3708,,,
15,0.289076635505559,0.308455610458277,STM2927,STM0413,STM1749,STM2463,STM3680,STM2009,STM0694,STM3045,STM0974,STM0152,STM0150,STM0542,STM0935,STM2332,STM3708,,,
18,0.284618049250497,0.330345923515269,STM2927,STM1749,STM2463,STM4275,STM2009,STM1718,STM0974,STM0152,STM0150,STM0542,STM2502,STM2501,STM2338,STM2466,STM2332,STM2050,STM3708,STM4559_S
