Deletion size,Max growth rate,Min production rate,Deleted genes,,,,,,,,,,,,,,,
15,0.287691880680473,0.652788412625516,STM2927,STM2421,STM1749,STM2463,STM4275,STM2009,STM4567,STM4570,STM3709,STM0974,STM0152,STM0150,STM0542,STM2338,STM2466,
15,0.293168864097306,0.597935195289382,STM3747,STM0051,STM2421,STM1749,STM2463,STM3680,STM4570,STM3709,STM0974,STM0152,STM0150,STM0542,STM0935,STM4569,STM2422,
16,0.287259433840993,0.656085034883383,STM2927,STM1463,STM3747,STM2421,STM0413,STM1749,STM2463,STM4275,STM4567,STM3709,STM0974,STM0152,STM0150,STM0542,STM2338,STM2466
