Deletion size,Max growth rate,Min production rate,Deleted genes,,,,,,,,,,,,,,,,,,,,,,,,,,,,,,,,,,,,,,,,
36,0.0224371793755208,0.0141649771876129,STM0158,STM1463,STM1749,STM2463,STM2285,STM3526,STM0322,STM1290,STM4326,STM1884,STM2947,STM3709,STM3068,STM2141,STM1620,STM1448,STM2403,STM0393,STM0518,STM4184,STM4484,STM2317,STM3179,STM1480,STM4126,STM2338,STM2466,STM1933,STM3063,STM4467,STM3802,STM2196,STM3240,STM3708,STM2971,STM1826,,,,,
41,0.0681913415030973,0.0339305071207191,STM3646,STM4482,STM1749,STM2463,STM2285,STM3526,STM0322,STM1290,STM3512,STM3541,STM4326,STM1511,STM2947,STM1135,STM0491,STM0369,STM1326,STM4062,STM2403,STM4408,STM1291,STM4184,STM4484,STM2317,STM3179,STM1480,STM4126,STM2338,STM2466,STM3661,STM1933,STM3063,STM4467,STM2196,STM3240,STM0402,STM0608,STM3708,STM2971,STM1826,STM1341
41,0.0142698218508966,0.0283750345794138,STM3646,STM1749,STM2463,STM2285,STM3526,STM0322,STM3091,STM4326,STM1884,STM2952,STM2947,STM3068,STM2141,STM1135,STM1570,STM4036,STM4183,STM0491,STM0369,STM4408,STM1291,STM4484,STM2317,STM3179,STM1480,STM4126,STM4578,STM2338,STM2466,STM1933,STM3063,STM4467,STM3802,STM2196,STM3240,STM0402,STM0608,STM3708,STM2971,STM1826,STM1341
