Deletion size,Max growth rate,Min production rate,Deleted genes,,,,,,,,,,,,,,
14,0.332406161042047,0.385811864482983,STM2927,STM1749,STM2463,STM4275,STM2009,STM1750,STM4570,STM0974,STM0152,STM0542,STM4569,STM2338,STM2466,STM3708,
14,0.318661936834441,0.316636043566395,STM2927,STM3747,STM1749,STM2463,STM3680,STM4570,STM3709,STM0974,STM0152,STM0150,STM0542,STM0935,STM4569,STM4578,
15,0.317116164884413,0.362138098373793,STM2927,STM1463,STM3747,STM0413,STM1749,STM2463,STM4275,STM3709,STM0974,STM0152,STM3062,STM0542,STM4569,STM2338,STM2466
