Deletion size,Max growth rate,Min production rate,Deleted genes,,,,,,,,,,,,,,,,,,,,,,,,
15,0.308871514794201,0.31268098162191,STM0051,STM2421,STM1749,STM2463,STM3680,STM2009,STM4568,STM4570,STM0974,STM0152,STM0150,STM0542,STM0935,STM2422,STM3708,,,,,,,,,,
23,0.324119719892924,0.249067124764019,STM2927,STM1749,STM2463,STM4275,STM2009,STM2458,STM3709,STM0506,STM0974,STM0152,STM0150,STM2338,STM2466,STM2332,STM0208,STM3802,STM2196,STM3240,STM2970,STM3243,STM2971,STM1826,STM4559_S,,
25,0.323720321027494,0.251170631511297,STM3747,STM0051,STM2421,STM1749,STM2463,STM4275,STM0661,STM4570,STM1511,STM2458,STM0506,STM0974,STM0152,STM0150,STM4569,STM2338,STM2466,STM2196,STM3240,STM2970,STM3243,STM3708,STM2971,STM1826,STM3334
