Deletion size,Max growth rate,Min production rate,Deleted genes,,,,,,
5,0.0740887466406654,4.64097837451441,STM1885,STM1326,STM4062,STM1933,STM3063,,
7,0.0740887504049771,4.64097851062518,STM3542,STM4485,STM1326,STM4062,STM0785,STM1933,STM3063
