Deletion size,Max growth rate,Min production rate,Deleted genes,,,,,,,,,,,,,,,,
14,0.292294661678314,0.288259972315821,STM0051,STM2421,STM1749,STM2463,STM3680,STM2009,STM3709,STM0974,STM0152,STM0150,STM0542,STM0935,STM4569,STM3968,,,
14,0.292294661678318,0.288259972315838,STM0051,STM2421,STM1749,STM2463,STM3680,STM2009,STM0974,STM0152,STM0150,STM0542,STM0935,STM4569,STM3968,STM3708,,,
17,0.281449311764589,0.326668083989919,STM2421,STM1749,STM2463,STM4275,STM2009,STM4567,STM4570,STM3709,STM0974,STM0152,STM0150,STM0542,STM2338,STM2466,STM2422,STM3885,STM3793
