Deletion size,Max growth rate,Min production rate,Deleted genes,,,,
3,0.435465726026483,0.299165389248398,STM2081,STM0007,STM2473,,
5,0.435465726026483,0.299165389248254,STM1886,STM3542,STM4485,STM0007,STM2473
