Deletion size,Max growth rate,Min production rate,Deleted genes,,,,,,,,,,,,
12,0.360154077717669,0.374884559573401,STM2927,STM0413,STM1749,STM2463,STM3680,STM2009,STM0974,STM0152,STM0542,STM0935,STM4452,STM3708,
13,0.348878994185716,0.374864722749088,STM2927,STM3747,STM0413,STM1749,STM2463,STM3680,STM4570,STM0974,STM0152,STM0542,STM0935,STM3708,STM1651
13,0.3488789941857,0.374864722748619,STM2927,STM3747,STM0413,STM1749,STM2463,STM3680,STM4570,STM3709,STM0974,STM0152,STM0542,STM0935,STM1651
