Deletion size,Max growth rate,Min production rate,Deleted genes,,,,
5,0.470206940108142,0.0475043018555071,STM2183,STM0980,STM1750,STM3968,STM2498
5,0.470206940108141,0.0475043018487154,STM2927,STM0980,STM1750,STM3968,STM2498
5,0.471947866860945,0.0353448836710167,STM2421,STM2122,STM0980,STM4568,STM2498
