Deletion size,Max growth rate,Min production rate,Deleted genes,,,,,,,,,,,,,,,,,,,,,,,,
24,0.25630380707125,0.0511697631275878,STM4108,STM2285,STM3526,STM4568,STM4570,STM4326,STM1884,STM2952,STM3709,STM3529,STM1620,STM1448,STM0518,STM4184,STM4484,STM2317,STM3179,STM1480,STM4126,STM4578,STM2338,STM2466,STM1124,STM3708,
25,0.189720980588366,0.132174458240615,STM3646,STM1463,STM1749,STM2463,STM2285,STM3526,STM1290,STM4326,STM0321,STM2947,STM3709,STM1135,STM3542,STM4485,STM0369,STM1448,STM1326,STM4062,STM4184,STM4484,STM2317,STM3179,STM1480,STM4126,STM3708
25,0.240214222998634,0.0162892455728332,STM1749,STM2463,STM4108,STM2285,STM3526,STM4570,STM4326,STM1511,STM1884,STM2947,STM3529,STM1620,STM0369,STM1448,STM3069,STM4184,STM4484,STM2317,STM3179,STM1480,STM4126,STM3248,STM0519,STM1124,STM3708
