Deletion size,Max growth rate,Min production rate,Deleted genes,,,,,,,,,,,,,,,,,,,,,,,,,,,,,,,,,,,,,,,,
25,0.239533900801731,0.0105018397511869,STM3646,STM1749,STM2463,STM4108,STM2285,STM3526,STM0322,STM4326,STM1511,STM1884,STM0517,STM2947,STM3529,STM1135,STM4183,STM0491,STM0369,STM1448,STM3069,STM4484,STM2317,STM3179,STM1480,STM4126,STM3708,,,,,,,,,,,,,,,,
32,0.254709127827855,0.00845799011833581,STM3646,STM4108,STM2285,STM3526,STM4567,STM4326,STM1884,STM2952,STM2947,STM3709,STM3529,STM1135,STM0369,STM3597,STM4408,STM1291,STM4184,STM4484,STM2317,STM3179,STM1480,STM4126,STM0977,STM1124,STM3802,STM2196,STM3240,STM0402,STM0608,STM3708,STM2971,STM1826,,,,,,,,,
41,0.0677475777524951,0.0742461202447143,STM3646,STM1463,STM1749,STM2463,STM2285,STM3526,STM0322,STM4326,STM1511,STM2952,STM2947,STM3068,STM2141,STM1135,STM3542,STM4485,STM0370,STM2403,STM0393,STM4408,STM1291,STM4184,STM4484,STM2317,STM3179,STM1480,STM4126,STM4578,STM2338,STM2466,STM1933,STM3063,STM4467,STM2196,STM3240,STM0402,STM0608,STM3708,STM2971,STM1826,STM1341
