Deletion size,Max growth rate,Min production rate,Deleted genes,,,,,,,,,,,,,,,,,,,,,,,,,,,,,,,,,
25,0.239364237874816,0.00916166011788904,STM0158,STM1749,STM2463,STM2285,STM3526,STM1290,STM0169,STM4567,STM0861,STM4326,STM1511,STM0321,STM0840,STM0842,STM2947,STM1620,STM1448,STM0518,STM4184,STM4484,STM2317,STM3179,STM1480,STM4126,STM3708,,,,,,,,,
28,0.25539662869496,0.0246889540015648,STM3646,STM4108,STM2285,STM3526,STM0322,STM0169,STM4567,STM0861,STM4326,STM2952,STM3709,STM3529,STM1135,STM4408,STM1291,STM4184,STM4484,STM2317,STM3179,STM1480,STM4126,STM4578,STM2338,STM2466,STM0402,STM0608,STM3708,STM1341,,,,,,
34,0.068962611449852,0.0491857378253328,STM3646,STM0158,STM1463,STM1749,STM2463,STM2285,STM3526,STM4570,STM4326,STM1885,STM2947,STM3709,STM3068,STM2141,STM1135,STM1448,STM3069,STM4184,STM4484,STM2317,STM3179,STM1480,STM4126,STM2338,STM2466,STM0218,STM1124,STM4467,STM3802,STM2196,STM3240,STM3708,STM2971,STM1826
