Deletion size,Max growth rate,Min production rate,Deleted genes,,,,,,,,,,,,,,,,,,,,,,,,,,,,,,,,,,
33,0.0704406070700645,0.0531101906282159,STM1749,STM2463,STM2285,STM3526,STM0322,STM4567,STM4326,STM1884,STM2947,STM3709,STM1620,STM0491,STM0368,STM1448,STM1326,STM4062,STM3069,STM0518,STM4184,STM4484,STM2317,STM3179,STM1480,STM4126,STM2338,STM2466,STM4467,STM3802,STM2196,STM3240,STM3708,STM2971,STM1826,,
34,0.0706131887895292,0.0530058248255077,STM3646,STM1749,STM2463,STM2285,STM3526,STM4570,STM4326,STM1511,STM1884,STM0321,STM2947,STM3709,STM1135,STM0491,STM0370,STM1448,STM1326,STM4062,STM3069,STM4184,STM4484,STM2317,STM3179,STM1480,STM4126,STM2338,STM2466,STM3968,STM4467,STM2196,STM3240,STM3708,STM2971,STM1826,
35,0.277099617148287,0.00445207021835511,STM3646,STM2927,STM1749,STM2463,STM2285,STM3526,STM0322,STM1290,STM4570,STM4326,STM1511,STM0517,STM2947,STM3709,STM3068,STM2141,STM1135,STM4183,STM0369,STM0974,STM1448,STM4484,STM2317,STM3179,STM1480,STM4126,STM2338,STM2466,STM3968,STM4467,STM2196,STM3240,STM3708,STM2971,STM1826
