Deletion size,Max growth rate,Min production rate,Deleted genes,,,,,,,,,,,,,,,,
14,0.242235110522474,0.516947893488244,STM2927,STM1749,STM2463,STM3680,STM2009,STM3709,STM0974,STM0152,STM0150,STM0542,STM0935,STM2332,STM0208,STM4452,,,
14,0.242235110520245,0.516947893483477,STM2927,STM1749,STM2463,STM3680,STM2009,STM4570,STM0974,STM0152,STM0150,STM0542,STM0935,STM2422,STM3708,STM1651,,,
14,0.24901530521791,0.494864380829974,STM2927,STM3747,STM2421,STM1749,STM2463,STM3680,STM4570,STM0974,STM0152,STM0150,STM0542,STM0935,STM4569,STM3708,,,
15,0.242235110522468,0.51694789348823,STM2927,STM1749,STM2463,STM3680,STM2009,STM4567,STM1750,STM4570,STM0974,STM0152,STM0150,STM0542,STM0935,STM3708,STM1651,,
15,0.247599528004905,0.501306593567154,STM0051,STM2421,STM1749,STM2463,STM0661,STM3680,STM2009,STM3709,STM0974,STM0152,STM0150,STM0542,STM0935,STM4569,STM3334,,
15,0.249015305217716,0.494864380829618,STM3747,STM0051,STM2421,STM1749,STM2463,STM3680,STM4570,STM3709,STM0974,STM0152,STM0150,STM0542,STM0935,STM4569,STM3968,,
15,0.232395956418198,0.564893217520137,STM2927,STM0413,STM1749,STM2463,STM4275,STM2009,STM3709,STM0974,STM0152,STM0150,STM0542,STM2338,STM2466,STM2332,STM1651,,
17,0.232395956418468,0.56489321752075,STM2421,STM1749,STM2463,STM4275,STM2009,STM4570,STM3709,STM0974,STM0152,STM0150,STM0542,STM2338,STM2466,STM2422,STM3885,STM3793,STM4452
