Deletion size,Max growth rate,Min production rate,Deleted genes,,,,,,,,,,,,,
13,0.322329767107345,0.31788048816515,STM2927,STM1749,STM2463,STM3680,STM2009,STM4570,STM3709,STM0974,STM0152,STM0542,STM0935,STM4569,STM4578,
13,0.204467349068211,0.219696792861144,STM2927,STM1749,STM2463,STM3680,STM0974,STM0152,STM3359,STM3069,STM0542,STM2317,STM0935,STM3708,STM1651,
14,0.337826524117246,0.362989026027479,STM3747,STM0051,STM2421,STM1749,STM2463,STM3680,STM4570,STM0974,STM0152,STM0542,STM0935,STM2422,STM4452,STM3708
