Deletion size,Max growth rate,Min production rate,Deleted genes,,,,,,,,,,,,,,,,,,,,,,,,,,,,,,,,
27,0.261460378575899,0.0174523351448852,STM3646,STM1749,STM2463,STM2285,STM3526,STM3091,STM0169,STM0861,STM4326,STM1511,STM0517,STM1135,STM4183,STM0491,STM1448,STM1326,STM4062,STM3069,STM4484,STM2317,STM3179,STM1480,STM4126,STM2338,STM2466,STM1124,STM3708,,,,,,
33,0.284778215476716,0.00618831456087538,STM1749,STM2463,STM2285,STM3526,STM0322,STM4326,STM1511,STM2947,STM3709,STM3068,STM2141,STM1620,STM0491,STM0370,STM1448,STM3069,STM0518,STM4184,STM4484,STM2317,STM3179,STM1480,STM4126,STM2338,STM2466,STM4467,STM2196,STM3240,STM0007,STM2473,STM3708,STM2971,STM1826
33,0.285493297938095,0.00546531959627818,STM3646,STM1749,STM2463,STM2285,STM3526,STM4326,STM0321,STM2947,STM3709,STM3068,STM2141,STM1135,STM0491,STM0368,STM1448,STM3069,STM4184,STM4484,STM2317,STM3179,STM1480,STM4126,STM2338,STM2466,STM4467,STM3802,STM2196,STM3240,STM0007,STM2473,STM3708,STM2971,STM1826
