Deletion size,Max growth rate,Min production rate,Deleted genes,,,,,,,,,,,,,,,,,,,,,,,,,,,,,,
28,0.0133991908594552,0.158749739893672,STM0758,STM4061,STM3747,STM3952,STM4340,STM3680,STM1886,STM1522,STM3091,STM3066,STM3614,STM3866,STM3986,STM3880,STM0974,STM2472,STM0832,STM1480,STM1806,STM0039,STM2041,STM4301,STM3599,STM4325,STM0627,STM3959,STM4456,STM3763,,,
31,0.0134327367141469,0.158365194417726,STM0758,STM4061,STM3747,STM3952,STM4340,STM3680,STM1886,STM1522,STM3066,STM3614,STM3866,STM1771,STM0866,STM0086,STM3457,STM0974,STM2472,STM2403,STM0393,STM0832,STM1480,STM1806,STM0039,STM2041,STM4301,STM3599,STM4325,STM0627,STM3959,STM4456,STM3763
31,0.0159912631022213,0.0673028068131174,STM0758,STM4061,STM3747,STM3952,STM4340,STM1522,STM3066,STM3614,STM3866,STM1884,STM3986,STM3880,STM0974,STM2472,STM2403,STM0832,STM1480,STM1806,STM0039,STM2338,STM2466,STM3661,STM2041,STM2051,STM4301,STM3599,STM4325,STM0627,STM3959,STM4456,STM3763
