Deletion size,Max growth rate,Min production rate,Deleted genes,,,,,,
4,0.110106616113093,0.0756433553760615,STM3866,STM2081,STM0007,STM2473,,,
7,0.110106616113095,0.0756433553767447,STM4482,STM3512,STM3541,STM3866,STM0785,STM0007,STM2473
7,0.110106616113095,0.0756433553767447,STM4482,STM1886,STM3512,STM3541,STM3866,STM0007,STM2473
