Deletion size,Max growth rate,Min production rate,Deleted genes,,,,,,,,,,,,,,,,,,,,
15,0.335185629809271,0.0914295898000187,STM2927,STM1463,STM3747,STM0413,STM1749,STM2463,STM3680,STM4567,STM1750,STM3709,STM0974,STM0152,STM0150,STM0542,STM0935,,,,,,
21,0.206901712232179,0.483367918149798,STM3646,STM3747,STM0051,STM2421,STM1749,STM2463,STM4275,STM1290,STM4567,STM4570,STM3709,STM1135,STM2167,STM0974,STM0152,STM0542,STM1211,STM2317,STM2338,STM2466,STM2422
21,0.211755103811795,0.431887027775235,STM3747,STM0051,STM2421,STM1749,STM2463,STM3680,STM4570,STM3709,STM1620,STM2167,STM0974,STM0152,STM0542,STM1211,STM2317,STM0935,STM1480,STM2422,STM3968,STM0977,STM2498
