Deletion size,Max growth rate,Min production rate,Deleted genes,,,,,,,,,,,,,,,,,,,,,,,,,,,,,,,,,
34,0.0697834118056788,0.0608614713019989,STM3646,STM1463,STM1749,STM2463,STM2285,STM3526,STM0322,STM4567,STM4326,STM1511,STM1884,STM0517,STM2947,STM3709,STM3068,STM2141,STM1135,STM4183,STM0368,STM1448,STM3069,STM4484,STM2317,STM3179,STM1480,STM4126,STM2338,STM2466,STM4467,STM2196,STM3240,STM3708,STM2971,STM1826
34,0.0701409337861363,0.060591058220465,STM0158,STM1463,STM1749,STM2463,STM2285,STM3526,STM4567,STM4326,STM1511,STM1884,STM2952,STM2947,STM3709,STM1620,STM1448,STM1326,STM4062,STM0518,STM4184,STM4484,STM2317,STM3179,STM1480,STM4126,STM4578,STM2338,STM2466,STM1124,STM4467,STM2196,STM3240,STM3708,STM2971,STM1826
34,0.277045628504566,0.00510246563292177,STM1749,STM2463,STM2285,STM3526,STM4570,STM4326,STM1511,STM0321,STM2947,STM3709,STM3068,STM2141,STM1620,STM0491,STM0370,STM0974,STM1448,STM3069,STM0518,STM4184,STM4484,STM2317,STM3179,STM1480,STM4126,STM2338,STM2466,STM3968,STM4467,STM2196,STM3240,STM3708,STM2971,STM1826
