Deletion size,Max growth rate,Min production rate,Deleted genes,,,,,,,,,,,,,,,,,,,,,
21,0.276239020658577,0.0113834325280851,STM0620,STM2285,STM3526,STM4326,STM1511,STM1884,STM0840,STM0842,STM1620,STM4183,STM3069,STM0518,STM4484,STM0399,STM3179,STM1480,STM4126,STM2338,STM2466,STM1124,STM0733,
22,0.276237422589785,0.0113731087138951,STM0620,STM2285,STM3526,STM4326,STM1511,STM4109,STM1620,STM3542,STM4485,STM3069,STM4184,STM4484,STM0399,STM3179,STM1480,STM4126,STM2338,STM2466,STM3248,STM0519,STM1124,STM0733
22,0.102849918554041,0.00443609753348889,STM0620,STM2285,STM3526,STM4326,STM1511,STM2952,STM4109,STM1620,STM1448,STM0518,STM4184,STM4484,STM0399,STM3179,STM1480,STM4126,STM4578,STM2338,STM2466,STM3218,STM1124,STM0733
