Deletion size,Max growth rate,Min production rate,Deleted genes,,,,,,,,,,,,,,,,
14,0.311822325192331,0.153759042863268,STM2927,STM2421,STM1749,STM2463,STM3680,STM2009,STM4567,STM3709,STM0974,STM0152,STM0150,STM0542,STM0935,STM0208,,,
17,0.176512878600258,0.431684838265344,STM2927,STM1463,STM3747,STM0413,STM1749,STM2463,STM4275,STM3709,STM0694,STM3045,STM0974,STM0152,STM0150,STM0542,STM2338,STM2466,STM3103
17,0.181219636531188,0.423368939256875,STM2927,STM1463,STM3747,STM0413,STM1749,STM2463,STM4275,STM0974,STM0152,STM0150,STM0542,STM2338,STM2466,STM2332,STM0208,STM3708,STM4559_S
