Deletion size,Max growth rate,Min production rate,Deleted genes,,,,,,
4,0.37510809711975,0.257699637828674,STM1290,STM2081,STM0007,STM2473,,,
7,0.345444609500226,0.237320792162894,STM2952,STM3542,STM4485,STM0785,STM4578,STM0007,STM2473
7,0.306860016082486,0.210813137908595,STM1886,STM2952,STM3542,STM4485,STM2317,STM0007,STM2473
