Deletion size,Max growth rate,Min production rate,Deleted genes,,,,,,,,,,,,,,,,,,,,,,,,,,,,,,,,,
26,0.252703949561087,0.0955957093217245,STM4108,STM2285,STM3526,STM4326,STM1511,STM2952,STM0840,STM0842,STM1620,STM3542,STM4485,STM1448,STM4184,STM4484,STM2317,STM3179,STM1480,STM4126,STM2338,STM2466,STM3248,STM0519,STM0977,STM1124,STM0007,STM2473,,,,,,,,
29,0.221202781520643,0.175725751781578,STM0158,STM2285,STM3526,STM0322,STM4326,STM1511,STM2952,STM2947,STM3709,STM3068,STM2141,STM1620,STM3542,STM4485,STM1448,STM3062,STM0518,STM4184,STM4484,STM2317,STM3179,STM4569,STM1480,STM4126,STM2196,STM3240,STM3708,STM2971,STM1826,,,,,
34,0.0720155466801789,0.162766278643525,STM1463,STM1749,STM2463,STM2122,STM2285,STM3526,STM1290,STM4570,STM4326,STM1511,STM1884,STM0321,STM2947,STM3709,STM3068,STM2141,STM1620,STM0368,STM1448,STM0518,STM4184,STM4484,STM2317,STM3179,STM1480,STM4126,STM2338,STM2466,STM4467,STM2196,STM3240,STM3708,STM2971,STM1826
