Deletion size,Max growth rate,Min production rate,Deleted genes,,,,,,,,,,,,,,,,,,,,,,,,,,,,,,,,,,,,,,,,
33,0.0701053837989253,0.14814812214682,STM2927,STM1749,STM2463,STM2285,STM3526,STM0322,STM1290,STM4326,STM1885,STM2947,STM3709,STM1620,STM0368,STM1448,STM1326,STM4062,STM0518,STM4184,STM4484,STM2317,STM3179,STM4569,STM1480,STM4126,STM2338,STM2466,STM4467,STM3802,STM2196,STM3240,STM3708,STM2971,STM1826,,,,,,,,
38,0.0688381799258879,0.170958294415007,STM3646,STM4482,STM1749,STM2463,STM2285,STM3526,STM3091,STM3512,STM3541,STM4326,STM2952,STM2947,STM3709,STM1135,STM0491,STM0370,STM1448,STM1326,STM4062,STM4184,STM4484,STM2317,STM3179,STM1480,STM4126,STM2338,STM2466,STM0977,STM1933,STM1124,STM3063,STM4467,STM3802,STM2196,STM3240,STM3708,STM2971,STM1826,,,
41,0.0685028843973248,0.1741845384738,STM3646,STM1749,STM2463,STM2285,STM3526,STM1290,STM0169,STM0861,STM4326,STM0321,STM2947,STM3709,STM3068,STM0525,STM2141,STM3247,STM2959,STM2492,STM1135,STM4183,STM0491,STM0369,STM1448,STM2403,STM4484,STM2317,STM3179,STM1480,STM4126,STM2338,STM2466,STM3661,STM1933,STM3063,STM4467,STM3802,STM2196,STM3240,STM3708,STM2971,STM1826
