Deletion size,Max growth rate,Min production rate,Deleted genes,,,,
3,0.452982792071056,0.311199631135627,STM2081,STM0007,STM2473,,
5,0.452982792071058,0.311199631135614,STM1886,STM3542,STM4485,STM0007,STM2473
