Deletion size,Max growth rate,Min production rate,Deleted genes,,,,,,
4,0.471947866860946,0.0353448836726588,STM2122,STM0980,STM4568,STM2498,,,
7,0.305775371045592,0.0229018108525862,STM2122,STM0980,STM3062,STM0785,STM0542,STM2498,STM0733
7,0.265436862230365,0.0198789647681679,STM2122,STM0980,STM2081,STM0542,STM4578,STM2498,STM0733
