Deletion size,Max growth rate,Min production rate,Deleted genes,,,,,,,,,,,,,,,,,,,,,,,,,,,,,,,
29,0.0582158199048115,0.510565367181504,STM2285,STM3526,STM4326,STM1511,STM3709,STM1570,STM1620,STM4036,STM2167,STM0370,STM0152,STM1448,STM0518,STM4184,STM4484,STM0399,STM1211,STM2317,STM0935,STM3179,STM1480,STM4126,STM2338,STM2466,STM2196,STM3240,STM3708,STM2971,STM1826,,,
29,0.0582715658565547,0.510038574745377,STM3646,STM2285,STM3526,STM4326,STM1511,STM3709,STM1135,STM1570,STM4036,STM2167,STM0369,STM0152,STM1448,STM4184,STM4484,STM0399,STM1211,STM2317,STM0935,STM3179,STM1480,STM4126,STM2338,STM2466,STM2196,STM3240,STM3708,STM2971,STM1826,,,
32,0.0582158199048111,0.51056536718049,STM3646,STM0158,STM2285,STM3526,STM4326,STM1511,STM0517,STM1135,STM1570,STM4036,STM2167,STM4183,STM3597,STM0152,STM4408,STM1291,STM4484,STM0399,STM1211,STM2317,STM0935,STM3179,STM1480,STM4126,STM2338,STM2466,STM2196,STM3240,STM0402,STM0608,STM2971,STM1826
