Deletion size,Max growth rate,Min production rate,Deleted genes,,,,,,,,,,,,,,,,,,,,,,,,,,,,,,,,,,,,
35,0.0240659187679781,0.0277194253087252,STM3646,STM2927,STM1749,STM2463,STM2285,STM3526,STM3091,STM1290,STM4326,STM1884,STM0517,STM2947,STM3709,STM1135,STM4183,STM0370,STM1448,STM1326,STM4062,STM4484,STM2317,STM3179,STM4569,STM1480,STM4126,STM1933,STM1124,STM3063,STM4467,STM3802,STM2196,STM3240,STM3708,STM2971,STM1826,,
37,0.0843034697468487,0.0971548592813434,STM2927,STM1749,STM2463,STM2285,STM3526,STM1290,STM0169,STM0861,STM4326,STM2947,STM3709,STM3068,STM2141,STM1620,STM0974,STM1448,STM4184,STM4484,STM0542,STM2317,STM3179,STM4569,STM1480,STM4126,STM3248,STM0519,STM1933,STM1124,STM3063,STM4467,STM3802,STM2196,STM3240,STM2051,STM3708,STM2971,STM1826
37,0.0163895075669502,0.0188803615128399,STM3646,STM1749,STM2463,STM4108,STM2285,STM3526,STM4326,STM1511,STM1884,STM2952,STM2947,STM3709,STM3068,STM2141,STM1135,STM0491,STM0974,STM1448,STM2403,STM3062,STM4184,STM4484,STM0542,STM2317,STM3179,STM1480,STM4126,STM3661,STM1933,STM1124,STM3063,STM4467,STM2196,STM3240,STM3708,STM2971,STM1826
