Deletion size,Max growth rate,Min production rate,Deleted genes,,,,,,,,,,,,,,,,,,,,,,,,,,,,,,,,,,,,,
20,0.259170413372341,0.0277260213503449,STM3646,STM2285,STM3526,STM0169,STM4567,STM0861,STM4326,STM1511,STM0517,STM1135,STM4183,STM0369,STM3069,STM4484,STM2317,STM3179,STM1480,STM4126,STM2338,STM2466,,,,,,,,,,,,,,,,,,
23,0.249246194907529,0.00345993370506049,STM3646,STM1749,STM2463,STM2285,STM3526,STM0322,STM1290,STM4326,STM0840,STM0842,STM3709,STM1135,STM3542,STM4485,STM0369,STM1448,STM4184,STM4484,STM2317,STM3179,STM1480,STM4126,STM3708,,,,,,,,,,,,,,,
38,0.071801128738749,0.0567483274770815,STM3646,STM1749,STM2463,STM2285,STM3526,STM4326,STM1511,STM1884,STM0321,STM2947,STM3709,STM1135,STM4183,STM0491,STM0368,STM1326,STM4062,STM4408,STM1291,STM3069,STM4484,STM2317,STM3179,STM4569,STM1480,STM4126,STM2338,STM2466,STM3248,STM0519,STM4467,STM2196,STM3240,STM0402,STM0608,STM2971,STM1826,STM1341
