Deletion size,Max growth rate,Min production rate,Deleted genes,,,,,,,,,,,,,,,,,,,,,,,,,
14,0.308850161887423,0.306886646983257,STM2927,STM3747,STM2421,STM1749,STM2463,STM3680,STM4570,STM0974,STM0152,STM0150,STM0542,STM0935,STM4569,STM3708,,,,,,,,,,,,
17,0.319931507951617,0.0559622060834699,STM2927,STM1749,STM2463,STM4275,STM2009,STM3709,STM0974,STM0152,STM0150,STM0542,STM4569,STM2338,STM2466,STM2332,STM3885,STM3793,STM3334,,,,,,,,,
26,0.32330271639348,0.250846617191602,STM3010,STM2927,STM1463,STM3747,STM2421,STM1749,STM2463,STM4275,STM4567,STM1750,STM1511,STM3709,STM0974,STM0152,STM0150,STM2502,STM2501,STM2338,STM2466,STM2196,STM3240,STM2970,STM3243,STM2467,STM2971,STM1826
