Deletion size,Max growth rate,Min production rate,Deleted genes,,,,,,,,,,,,,,,,
11,0.0147978537427817,0.0101240502910765,STM1749,STM2463,STM3680,STM4567,STM3866,STM0974,STM0152,STM0542,STM0935,STM0977,STM3708,,,,,,
17,0.0145635653673653,0.0113403085347691,STM0413,STM1749,STM2463,STM4275,STM2122,STM4570,STM3866,STM0974,STM0152,STM0170,STM0317,STM3062,STM0542,STM2338,STM2466,STM2498,STM3708
