Deletion size,Max growth rate,Min production rate,Deleted genes,,,
4,0.118841266608036,3.33111691207994,STM1756,STM1933,STM3063,STM0733
4,0.434833014963975,0.0163405898666477,STM1883,STM2555,STM1620,STM0733
