Deletion size,Max growth rate,Min production rate,Deleted genes,,,,,,,,,,,,,,,,,,,
12,0.0173418688288293,0.151570602972699,STM0620,STM1749,STM2463,STM0737,STM3869,STM3709,STM4184,STM0399,STM0935,STM2338,STM2466,STM0977,,,,,,,,
20,0.0155351936572816,0.127242759129191,STM0620,STM1597,STM1749,STM2463,STM0737,STM3680,STM2285,STM3526,STM1620,STM2167,STM2081,STM0974,STM4184,STM1211,STM2317,STM0935,STM3179,STM2338,STM2466,STM0977
20,0.0142449831243143,0.0972834021430893,STM0620,STM1749,STM2463,STM0737,STM3680,STM3869,STM1570,STM1620,STM4036,STM2167,STM2081,STM4184,STM1211,STM2317,STM0935,STM1480,STM4578,STM2338,STM2466,STM3218
