Deletion size,Max growth rate,Min production rate,Deleted genes,,,,,,,,,,,,
12,0.238484374889087,0.0604159633424261,STM1749,STM2463,STM4275,STM2952,STM0974,STM0152,STM0542,STM2317,STM4569,STM2338,STM2466,STM3708,
13,0.355910908279542,0.269193690024602,STM2927,STM1749,STM2463,STM4275,STM2009,STM4567,STM4570,STM0974,STM0152,STM0542,STM2338,STM2466,STM3708
13,0.358997953569078,0.242283769886255,STM2927,STM1749,STM2463,STM3680,STM2009,STM3709,STM0974,STM0152,STM0542,STM0935,STM2332,STM0208,STM4559_S
