Deletion size,Max growth rate,Min production rate,Deleted genes,,,,,,,,,,,,,,,,,,,,,,,,,,,,,,,,,,,,,,
33,0.0640564998813505,0.0552756923219765,STM3646,STM2927,STM1749,STM2463,STM4108,STM2285,STM3526,STM4326,STM1884,STM2947,STM3709,STM3068,STM2141,STM1135,STM0974,STM1448,STM3069,STM4184,STM4484,STM0542,STM2317,STM3179,STM4569,STM1480,STM4126,STM1124,STM4467,STM3802,STM2196,STM3240,STM3708,STM2971,STM1826,,,,,,
34,0.0712405367178829,0.0571612021966934,STM3646,STM1463,STM1749,STM2463,STM2285,STM3526,STM4326,STM1885,STM0321,STM0517,STM2947,STM3709,STM3068,STM2141,STM1135,STM4183,STM0368,STM1448,STM3069,STM4484,STM2317,STM3179,STM4569,STM1480,STM4126,STM2338,STM2466,STM4467,STM3802,STM2196,STM3240,STM3708,STM2971,STM1826,,,,,
39,0.278762900267857,0.00368629074516998,STM3646,STM2927,STM1749,STM2463,STM2285,STM3526,STM4326,STM2952,STM2947,STM1135,STM1570,STM4036,STM4183,STM0491,STM0369,STM3597,STM1326,STM4062,STM4408,STM3062,STM1291,STM4484,STM2317,STM3179,STM1480,STM4126,STM2338,STM2466,STM2332,STM1124,STM4467,STM3802,STM2196,STM3240,STM0402,STM0608,STM3708,STM2971,STM1826
