Deletion size,Max growth rate,Min production rate,Deleted genes,,,,,,,,,,,,,,,
13,0.432526165754305,0.0298007644698828,STM2927,STM1463,STM3747,STM4275,STM2555,STM4567,STM0974,STM0152,STM3957,STM2338,STM2466,STM2332,STM0208,,,
13,0.017445081891964,0.00120200960213879,STM2927,STM1463,STM3747,STM4275,STM2555,STM3869,STM0974,STM0152,STM2338,STM2466,STM2332,STM0208,STM4559_S,,,
16,0.0173241387549215,0.00182646084988392,STM2927,STM1463,STM3747,STM1749,STM2463,STM4275,STM2555,STM4568,STM3869,STM0694,STM3045,STM0974,STM0152,STM2338,STM2466,STM2332
