Deletion size,Max growth rate,Min production rate,Deleted genes,,,,,,,,,,,,,,,,,,
12,0.359777929581919,0.236541156620969,STM2927,STM1749,STM2463,STM3680,STM2009,STM4567,STM0974,STM0152,STM0542,STM0935,STM0208,STM3708,,,,,,,
13,0.356648605572925,0.269751648356432,STM2927,STM1749,STM2463,STM4275,STM2009,STM0974,STM0152,STM0542,STM4569,STM2338,STM2466,STM0208,STM3708,,,,,,
19,0.364525941455332,0.188554141688796,STM3747,STM1749,STM2463,STM4275,STM4567,STM4570,STM0974,STM0152,STM2338,STM2466,STM2422,STM3885,STM3793,STM3802,STM2196,STM3240,STM3708,STM2971,STM1826
