Deletion size,Max growth rate,Min production rate,Deleted genes,,,,,,,,,,,,,,,,,,,,,,,,
24,0.243297754369505,0.0802509737185322,STM3646,STM2285,STM3526,STM0322,STM0169,STM4567,STM0861,STM4326,STM1511,STM2952,STM3068,STM2141,STM1135,STM1448,STM4184,STM4484,STM2317,STM3179,STM1480,STM4126,STM2338,STM2466,STM0977,STM2041,
24,0.255911384357212,0.0638208777743789,STM2285,STM3526,STM4326,STM1511,STM2952,STM0840,STM0842,STM1620,STM3542,STM4485,STM0369,STM1448,STM0518,STM4184,STM4484,STM2317,STM3179,STM4569,STM1480,STM4126,STM4578,STM2338,STM2466,STM1124,
25,0.239655947768659,0.0211956834703072,STM3646,STM1749,STM2463,STM2285,STM3526,STM0322,STM1290,STM4570,STM4326,STM1511,STM1885,STM0840,STM0842,STM0517,STM2947,STM1135,STM4183,STM0369,STM1448,STM4484,STM2317,STM3179,STM1480,STM4126,STM3708
