Deletion size,Max growth rate,Min production rate,Deleted genes,,,,,,,,,,,,,,,,,,,,,,,,,,,,,,,,,,,,,,
27,0.295047583520163,0.00501826486284642,STM2285,STM3526,STM4326,STM1299,STM2947,STM3709,STM1620,STM0370,STM1448,STM1326,STM4062,STM3069,STM0518,STM4184,STM4484,STM2317,STM3179,STM4569,STM1480,STM4126,STM1124,STM3802,STM2196,STM3240,STM3708,STM2971,STM1826,,,,,,,,,,,,
31,0.295088165409255,0.00509160514013227,STM3646,STM2285,STM3526,STM1290,STM4326,STM1299,STM2947,STM3709,STM0525,STM3247,STM2959,STM2492,STM1135,STM4183,STM0370,STM1448,STM1326,STM4062,STM4484,STM2317,STM3179,STM4569,STM1480,STM4126,STM1124,STM3802,STM2196,STM3240,STM3708,STM2971,STM1826,,,,,,,,
39,0.27182879876006,0.0149734440193506,STM3646,STM0158,STM2927,STM1597,STM1749,STM2463,STM2122,STM2285,STM3526,STM4570,STM4326,STM1299,STM0517,STM2947,STM3709,STM1135,STM0141,STM4183,STM3597,STM1326,STM4062,STM4408,STM1291,STM3069,STM4484,STM2317,STM3179,STM1480,STM4126,STM1124,STM4467,STM3802,STM2196,STM3240,STM0402,STM0608,STM3708,STM2971,STM1826
