Deletion size,Max growth rate,Min production rate,Deleted genes,,,,,,,,,,,,,,,,,,,,,,,,,
16,0.173551667608576,0.40545487690049,STM2927,STM3747,STM1749,STM2463,STM4275,STM4570,STM3709,STM0974,STM0152,STM0150,STM0542,STM2338,STM2466,STM2332,STM0208,STM4559_S,,,,,,,,,,
16,0.184125829180976,0.375535492038518,STM2927,STM1463,STM3747,STM0413,STM1749,STM2463,STM3680,STM3709,STM0974,STM0152,STM0150,STM0542,STM0935,STM2332,STM0208,STM4559_S,,,,,,,,,,
26,0.213319387716157,0.327847047211018,STM3009,STM2927,STM2421,STM1749,STM2463,STM4275,STM0598,STM2009,STM4567,STM4568,STM4570,STM1511,STM0506,STM0974,STM0152,STM0150,STM3279,STM2338,STM2466,STM2196,STM3240,STM2970,STM3243,STM3708,STM2971,STM1826
