Deletion size,Max growth rate,Min production rate,Deleted genes,,,,,,,,,,,,,,,,
14,0.426983448272209,0.0262395561745151,STM2927,STM4275,STM2555,STM2009,STM2460,STM3553,STM0974,STM0152,STM0150,STM2338,STM2466,STM2332,STM0208,STM4559_S,,,
16,0.42599793811647,0.0293509739376046,STM3009,STM3747,STM0051,STM2421,STM4275,STM2555,STM4568,STM4570,STM0506,STM0974,STM0152,STM0150,STM4569,STM2338,STM2466,STM3968,
17,0.182945144370591,0.0112425889377933,STM2927,STM4275,STM2555,STM2009,STM0169,STM0861,STM2458,STM0974,STM0152,STM0785,STM2338,STM2466,STM2332,STM0208,STM0007,STM2473,STM4559_S
