Deletion size,Max growth rate,Min production rate,Deleted genes,,,,,,,,,,,,,,,,
13,0.348878994185717,0.374864722749102,STM2927,STM3747,STM1749,STM2463,STM3680,STM4570,STM0694,STM3045,STM0974,STM0152,STM0542,STM0935,STM3708,,,,
13,0.358501438366955,0.426341024050374,STM2927,STM1749,STM2463,STM4275,STM2009,STM0694,STM3045,STM0974,STM0152,STM0542,STM2338,STM2466,STM3708,,,,
12,0.371533259030998,0.252588000752535,STM1749,STM2463,STM3680,STM4568,STM4570,STM3709,STM0974,STM0152,STM0170,STM0317,STM0542,STM0935,,,,,
17,0.369633158025716,0.242571753779845,STM2927,STM1749,STM2463,STM2122,STM3680,STM4570,STM4109,STM3068,STM2141,STM0974,STM0152,STM0542,STM0935,STM2501,STM2332,STM0218,STM3708
