{"PFK": 9.794162e+00, "PFL": 1.785371e+01, "PGI": 9.957578e+00, "PGK": -1.944990e+01, "PGL": 0, "ACALD": -1.344009e+01, "AKGt2r": 0, "PGM": -1.914033e+01, "PIt2r": 7.612523e-01, "ALCD2x": -1.344009e+01, "ACALDt": 0, "ACKr": 0, "PPC": 5.929933e-01, "ACONTa": 3.638066e+00, "ACONTb": 3.638066e+00, "ATPM": 8.390000e+00, "PPCK": 0, "ACt2r": 0, "PPS": 0, "ADK1": 0, "AKGDH": 3.414804e+00, "ATPS4r": -6.907586e-01, "PTAr": 0, "PYK": 8.439916e+00, "BIOMASS_Ecoli_core_w_GAM": 2.069351e-01, "PYRt2": 0, "CO2t": -6.459877e+00, "RPE": -1.487450e-01, "CS": 3.638066e+00, "RPI": -1.487450e-01, "SUCCt2_2": 0, "CYTBD": 3.414804e+00, "D_LACt2": 0, "ENO": 1.914033e+01, "SUCCt3": 0, "ETOHt2r": -1.344009e+01, "SUCDi": 3.414804e+00, "SUCOAS": -3.414804e+00, "TALA": -3.702070e-02, "THD2": 1.333266e-01, "TKT1": -3.702070e-02, "TKT2": -1.117243e-01, "TPI": 9.794162e+00, "EX_ac_e": 0, "EX_acald_e": 0, "EX_akg_e": 0, "EX_co2_e": 6.459877e+00, "EX_etoh_e": 1.344009e+01, "EX_for_e": 1.785371e+01, "EX_fru_e": 0, "EX_fum_e": 0, "EX_glc__D_e": -10, "EX_gln__L_e": 0, "EX_glu__L_e": 0, "EX_h_e": 2.200483e+01, "EX_h2o_e": -5.472817e+00, "EX_lac__D_e": 0, "EX_mal__L_e": 0, "EX_nh4_e": -1.128376e+00, "EX_o2_e": -1.707402e+00, "EX_pi_e": -7.612523e-01, "EX_pyr_e": 0, "EX_succ_e": 0, "FBA": 9.794162e+00, "FBP": 0, "FORt2": 0, "FORt": -1.785371e+01, "FRD7": 0, "FRUpts2": 0, "FUM": 3.414804e+00, "FUMt2_2": 0, "G6PDH2r": 0, "GAPD": 1.944990e+01, "GLCpts": 10, "GLNS": 5.291332e-02, "GLNabc": 0, "GLUDy": -1.075463e+00, "GLUN": 0, "GLUSy": 0, "GLUt2r": 0, "GND": 0, "H2Ot": 5.472817e+00, "ICDHyr": 3.638066e+00, "ICL": 0, "LDH_D": 0, "MALS": 0, "MALt2_2": 0, "MDH": 3.414804e+00, "ME1": 0, "ME2": 0, "NADH16": 0, "NADTRHD": 0, "NH4t": 1.128376e+00, "O2t": 1.707402e+00, "PDH": 0}