{"PFK": 9.920533e+00, "PFL": 0, "PGI": 9.983623e+00, "PGK": -1.978763e+01, "PGL": 0, "ACALD": 0, "AKGt2r": 0, "PGM": -1.966811e+01, "PIt2r": 2.938914e-01, "ALCD2x": 0, "ACALDt": 0, "ACKr": 0, "PPC": 9.138338e-01, "ACONTa": 7.710944e-01, "ACONTb": 7.710944e-01, "ATPM": 1.446615e+01, "PPCK": 0, "ACt2r": 0, "PPS": 0, "ADK1": 0, "AKGDH": 6.849010e-01, "ATPS4r": 0, "PTAr": 0, "PYK": 8.712808e+00, "BIOMASS_Ecoli_core_w_GAM": 7.989001e-02, "PYRt2": 0, "CO2t": -2.297569e+00, "RPE": -5.742494e-02, "CS": 7.710944e-01, "RPI": -5.742494e-02, "SUCCt2_2": 0, "CYTBD": 4.410416e+00, "D_LACt2": 0, "ENO": 1.966811e+01, "SUCCt3": 0, "ETOHt2r": 0, "SUCDi": 6.849010e-01, "SUCOAS": -6.849010e-01, "TALA": -1.429232e-02, "THD2": 0, "TKT1": -1.429232e-02, "TKT2": -4.313262e-02, "TPI": 9.920533e+00, "EX_ac_e": 0, "EX_acald_e": 0, "EX_akg_e": 0, "EX_co2_e": 2.297569e+00, "EX_etoh_e": 0, "EX_for_e": 0, "EX_fru_e": 0, "EX_fum_e": 0, "EX_glc__D_e": -10, "EX_gln__L_e": 0, "EX_glu__L_e": 0, "EX_h_e": 1.970348e+01, "EX_h2o_e": 2.879519e+00, "EX_lac__D_e": 0, "EX_mal__L_e": 0, "EX_nh4_e": -4.356242e-01, "EX_o2_e": -2.205208e+00, "EX_pi_e": -2.938914e-01, "EX_pyr_e": 0, "EX_succ_e": 0, "FBA": 9.920533e+00, "FBP": 0, "FORt2": 0, "FORt": 0, "FRD7": 0, "FRUpts2": 0, "FUM": 6.849010e-01, "FUMt2_2": 0, "G6PDH2r": 0, "GAPD": 1.978763e+01, "GLCpts": 10, "GLNS": 2.042787e-02, "GLNabc": 0, "GLUDy": -4.151964e-01, "GLUN": 0, "GLUSy": 0, "GLUt2r": 0, "GND": 0, "H2Ot": -2.879519e+00, "ICDHyr": 7.710944e-01, "ICL": 0, "LDH_D": -1.810089e+01, "MALS": 0, "MALt2_2": 0, "MDH": 0, "ME1": 0, "ME2": 6.849010e-01, "NADH16": 3.725515e+00, "NADTRHD": 0, "NH4t": 4.356242e-01, "O2t": 2.205208e+00, "PDH": 1.070506e+00, "Transport": 1.810089e+01}