{"PFK": 9.537965e+00, "PFL": 0, "PGI": 9.919294e+00, "PGK": -1.867173e+01, "PGL": 0, "ACALD": 0, "AKGt2r": -6.750247e+00, "PGM": -1.808277e+01, "PIt2r": 1.659561e+00, "ALCD2x": 0, "ACALDt": 0, "ACKr": 0, "PPC": 7.878405e+00, "ACONTa": 7.174999e+00, "ACONTb": 7.174999e+00, "ATPM": 1.526192e+01, "PPCK": 0, "ACt2r": 0, "PPS": 0, "ADK1": 0, "AKGDH": 0, "ATPS4r": 3.182147e+01, "PTAr": 0, "PYK": 0, "BIOMASS_Ecoli_core_w_GAM": 3.936899e-01, "PYRt2": -2.342849e-01, "CO2t": -7.947064e+00, "RPE": -3.534155e-01, "CS": 7.174999e+00, "RPI": -3.534155e-01, "SUCCt2_2": 0, "CYTBD": 2.871862e+01, "D_LACt2": 0, "ENO": 1.808277e+01, "SUCCt3": 0, "ETOHt2r": 0, "SUCDi": 0, "SUCOAS": 0, "TALA": 0, "THD2": 0, "TKT1": 0, "TKT2": -3.534155e-01, "TPI": 9.537965e+00, "EX_ac_e": 0, "EX_acald_e": 0, "EX_akg_e": 6.750247e+00, "EX_co2_e": 7.947064e+00, "EX_etoh_e": 0, "EX_for_e": 0, "EX_fru_e": 0, "EX_fum_e": 0, "EX_glc__D_e": -10, "EX_gln__L_e": 0, "EX_glu__L_e": 0, "EX_h_e": 2.163220e+01, "EX_h2o_e": 2.476093e+01, "EX_lac__D_e": 0, "EX_mal__L_e": 0, "EX_nh4_e": -2.146712e+00, "EX_o2_e": -1.435931e+01, "EX_pi_e": -1.659561e+00, "EX_pyr_e": 2.342849e-01, "EX_succ_e": 0, "FBA": 9.537965e+00, "FBP": 0, "FORt2": 0, "FORt": 0, "FRD7": 0, "FRUpts2": 0, "FUM": 0, "FUMt2_2": 0, "G6PDH2r": 0, "GAPD": 1.867173e+01, "GLCpts": 10, "GLNS": 2.146712e+00, "GLNabc": 0, "GLUDy": 0, "GLUN": 0, "GLUSy": 2.046046e+00, "GLUt2r": 0, "GND": 0, "H2Ot": -2.476093e+01, "ICDHyr": 7.174999e+00, "ICL": 0, "LDH_D": 0, "MALS": 0, "MALt2_2": 0, "MDH": 0, "ME1": 0, "ME2": 0, "NADH16": 2.871862e+01, "NADTRHD": 0, "NH4t": 2.146712e+00, "O2t": 1.435931e+01, "PDH": 8.650470e+00, "Transport": 2.112934e-01}