{"SK_5mta_c": 7.209237e-05, "SK_apoACP_c": -2.879575e-05, "SK_gcald_c": 5.149455e-04, "SK_pap_c": 2.879575e-05, "ACt2r": -5.745277e-01, "ADCL": 5.149455e-04, "ADCS": 5.149455e-04, "CO2t": -2.741956e+00, "BIOMASS_Ecoli_TM": 1.029891e-02, "ALAR": 5.684998e-04, "DM_dip_d_d_c": 0, "DM_pydx5p_c": 0, "ARBabc": 0, "ACGK": 5.489319e-03, "ACCOAC": 1.943713e-03, "ALCD19": 0, "ACALD": 0, "ACGS": 0, "CRTNsyn": 0, "ACKr": -5.683848e-01, "CSNt2": 0, "ACOATA": 2.951565e-04, "ACLS": 8.577498e-03, "ACHBS": 2.842499e-03, "ACYP_2": 0, "DCYTD": 0, "DM_sprm_c": 0, "DM_thmpp_c": 0, "ADAPAT": 3.641694e-03, "ADA": 0, "ADK1": 2.484231e-02, "EX_ac_e": 5.745277e-01, "DHNPA": 5.149455e-04, "EX_ala__L_e": 0, "ADK3": -5.688139e-03, "EX_amylose300_e": 0, "EX_arab__L_e": 0, "EX_cell4_e": 0, "EX_cell500_e": 0, "EX_cell6_e": 0, "CYTD": 0, "DHPPDA": 1.029891e-07, "ADMDC": 7.209237e-05, "CHORM": 3.161765e-03, "EX_cellb_e": 0, "ADPT": 0, "BACCL": 0, "ADSL2r": 5.022830e-03, "EX_co2_e": 2.741956e+00, "EX_csn_e": 0, "EX_fe2_e": 0, "ADSL1r": 3.082412e-03, "EX_fe3_e": 0, "ATPS1": 0, "EX_fru_e": 0, "BGLA1": 0, "ADSS": 3.082412e-03, "BGLA": 0, "EX_gal_e": 0, "AGDC": 0, "EX_galman4_e": 0, "EX_galman6_e": 0, "BTS3r": 0, "AGPAT160": 2.879575e-05, "AGPR": -5.489319e-03, "CDPMEK": 1.583766e-04, "EX_galman600_e": 0, "EX_glc__D_e": 0, "AHCi": 0, "EX_glcman4_e": 0, "BUTKr": 0, "EX_glcman6_e": 0, "AHCYSNS": 0, "EX_glcman600_e": 0, "EX_glucan1500_e": 0, "EX_glucan4_e": 0, "EX_glucan6_e": 0, "EX_glyc_e": 0, "CBPS": 6.108283e-03, "CEL6abc": 0, "CEPA": 0, "CELabc": 0, "CELASE2": 0, "CELASE1": 0, "EX_glyc3p_e": 0, "EX_glycogen1500_e": 0, "AHEXASE3": 0, "EX_h_e": 5.336009e-01, "EX_h2_e": 1.186363e+00, "AHMMPS": 0, "EX_h2o_e": -2.556660e+00, "EX_h2s_e": 3.997499e+00, "CELLBabc": 0, "CHORS": 4.232852e-03, "AHSERL2": 1.575733e-03, "CRTNh": 0, "EX_hco3_e": -1.378690e-01, "CS": 1.143800e-02, "AICART": 5.949732e-03, "CTPS2": 1.559255e-03, "EX_ile__L_e": 0, "EX_inost_e": 0, "CYSS": 9.254085e-04, "EX_k_e": 0, "CYSTRS": 0, "ALKP": 7.198938e-05, "CYTDK2": 0, "EX_lac__L_e": 0, "AIRCr": 5.022830e-03, "EX_lcts_e": 0, "EX_leu__L_e": 0, "EX_lmn30_e": 0, "EX_lmn2_e": 0, "EX_malt_e": -3.542762e-01, "CYTK1": 2.021779e-04, "CYTK2": 0, "DAPDA": 3.641694e-03, "DAPDC": 3.641694e-03, "DAPE": 3.641694e-03, "DASYN160": 1.439788e-05, "EX_malttr_e": 0, "EX_maltttr_e": 0, "DB4PS": 3.300953e-02, "AKP1": 5.149455e-04, "DCMPDA": 0, "EX_man_e": 0, "EX_manb_e": 0, "EX_mantr_e": 0, "EX_manttr_e": 0, "DDGLK": 0, "EX_melib_e": 0, "ALAALAr": 2.842499e-04, "DDPA": 4.232852e-03, "ALATRS": 0, "EX_mg2_e": 0, "EX_na1_e": 0, "EX_nh4_e": -1.068109e-01, "ALAabc": 0, "ALR2": 0, "EX_oxa_e": 0, "DDPGA": 0, "DHAD1": 8.577498e-03, "DHAD2": 2.842499e-03, "EX_pi_e": -4.092676e-02, "EX_ptrc_e": 0, "AMYLe": 0, "EX_pullulan1200_e": 0, "DHDPRx_r": 3.641694e-03, "DHDPS": 3.641694e-03, "DHFR": 5.149455e-04, "DHFS": 5.149455e-04, "EX_raffin_e": 0, "EX_rib__D_e": 0, "EX_rmn_e": 0, "DHORTS": -3.214290e-03, "APRAUR": 1.029891e-07, "DHORD_NAD": 3.214290e-03, "DHQTi": 4.232852e-03, "EX_s_e": -4, "EX_spmd_e": 0, "EX_starch1200_e": 0, "DHQS": 4.232852e-03, "AMYe": 0, "DMATT": 1.439788e-05, "EX_sucr_e": 0, "EX_thr__L_e": 0, "EX_tre_e": 0, "DNMPPA": 0, "ARAI": 0, "DNTPPA": 0, "DPCOAK": 2.940339e-05, "EX_ura_e": 0, "EX_val__L_e": 0, "EX_xan_e": 0, "DPR": 2.940339e-05, "EX_xtsn_e": 0, "ANPRT": 5.561411e-04, "EX_xyl__D_e": 0, "DRBK": 0, "DRPA": 0, "EX_xyl3_e": 0, "ANS": 5.561411e-04, "EX_xylan12_e": 0, "DTMPK": 2.543831e-04, "ARGSL": 2.893994e-03, "DURIK1": 0, "DUTPDP": 0, "EX_xylan4_e": 0, "EX_xylan8_e": 0, "EX_xylb_e": 0, "EX_zn2_e": 0, "ARGSS": 2.893994e-03, "DM_4hba_c": 0, "FASC300": 1.439788e-05, "FASC320": 1.439788e-05, "FERIRDe": 0, "ARGTRS": 0, "FRUabc": 0, "AROH": 0, "ASAD": -1.054196e-02, "GDH1": -3.388547e-02, "GLCURT": 0, "ASNTRAT": 0, "ASP1DC": 2.940339e-05, "G3PAT160": 2.879575e-05, "ASPCT": 3.214290e-03, "ASPO2": 2.811602e-05, "GLUR": -2.842499e-04, "ASPK": 1.054196e-02, "G5SADs": 2.162771e-03, "ASPTA6": 1.853067e-02, "EDA": 0, "FPGS_tm": 0, "DXPRIi": 1.583766e-04, "ASPTRS_Asn": 0, "DXPS": 1.583766e-04, "H2Ot": 2.556660e+00, "ASPTRS": 0, "FE3abc": 0, "ASPT": -1.099924e-02, "EGLUCe": 0, "ENO": 6.839269e-01, "H2St1": 3.997499e+00, "FBA": 0, "ATPPRT": 9.269019e-04, "FBA2": 0, "FBA3": 0, "H2td": 1.186363e+00, "FBP": 0, "HEX4": 0, "FCI": 0, "FMETTRS": 0, "FMNAT": 1.029891e-07, "FOLD3": 5.149455e-04, "FRUK": 0, "GALM2": 0, "HCO3E": -9.984837e-02, "GLYCOe": 0, "GLNTRAT": 0, "GLU5K": 0, "GTPCII": 1.029891e-07, "IMPCT2": 0, "GRTT": 1.439788e-05, "FTCD": 0, "FTHFLi": 3.352458e-02, "GalMr": 0, "FUCASE2": 0, "IPDDI": 1.439788e-05, "FUCASE": 0, "FUM": 0, "G1PACT": 5.684998e-04, "GALS3": 0, "GLS3e": 0, "GLSe": 0, "GLCMAN4": 0, "G3PD1ir": 4.319363e-05, "G5SD": 0, "G6PDA": -5.684998e-04, "GLCMAN6abc": 0, "GLCMAN4abc": 0, "GLCMAN6": 0, "GALUi": 1.439788e-04, "G6PDH2r": 2.029013e+00, "GALKr": 0, "GALM1": 0, "GALMAN6abc": 0, "GALMAN4abc": 0, "GALMAN4": 0, "GALT": 0, "L_LACt2r": 0, "GALMAN6": 0, "GALMAN600b_e": 0, "LCADi": 0, "GALMAN600c_e": 0, "GALMAN600a_e": 0, "GALabc": 0, "KAS14": 2.951565e-04, "GLCabc": 0, "IMPC": -5.949732e-03, "GAPD": 6.595177e-01, "GARFT": 5.022830e-03, "MANabc": 0, "LEUabc": 0, "GF6PTA": 0, "GHMT2r": -4.580378e-03, "GLCAASE3": 0, "GLCS1": 1.586032e-03, "ILEabc": 0, "HSDy": -6.900269e-03, "LMNe": 0, "LMN2": 0, "KARA2": 2.842499e-03, "KARA1": -8.577498e-03, "IMP": 0, "GLNS": 2.515323e-02, "GLCURS1": 0, "GLGC": 1.586032e-03, "GLNSP2": 0, "NADHPO": 0, "NAt": 2.730371e-02, "GLS": 0, "MANA2": 0, "GLUCAN2abc": 0, "GLUCANabc": 0, "GluForTx": 0, "MANA3": 0, "GLUFT": 0, "NDPK2": 3.672385e-03, "NDPK3": -5.941441e-05, "GLUPRT": 5.022830e-03, "MANA1": 0, "GLUSy": 0, "NDPK4": 2.543831e-04, "NDPK5": 2.615923e-04, "LMN2abc": 0, "NDPK7": 2.615923e-04, "NDPK8": 2.543831e-04, "GLYC3Pabc": 0, "NH3c": -3.388547e-02, "GLYCDx": -7.198938e-05, "MALTTRabc": 0, "GLUTRS": 0, "GLUTRS_Gln": 0, "HCO3abc": 1.378690e-01, "GLYCK2": 2.440929e-02, "HEX1": 7.085524e-01, "MCOATA": 1.943713e-03, "HEX7": 0, "GLYCL_2": 1.559717e-02, "GLYCt": 0, "NTPP1": 0, "NTPP2": 0, "NTPP3": 0, "HPYRRx": 2.440929e-02, "GMPS2": 2.867319e-03, "HISTD": 9.269019e-04, "GLYK": 0, "GLYTRS": 0, "GND": 2.029013e+00, "NTPP4": 0, "NTPP5": 0, "MELIBabc": 0, "MDH": 0, "GNK": 0, "MCLORi": 0, "GPDDA1": 0, "HISTP": 9.269019e-04, "GPDDA2": 0, "GTPCI": 5.149455e-04, "ME1": 0, "HISTRS": 0, "GUI1": 0, "HMPK1": 0, "GUI2": 0, "MECDPDH2": 1.583766e-04, "MECDPS": 1.583766e-04, "HPPK": 5.149455e-04, "MEPCT": 1.583766e-04, "HPROb": 0, "METAT": 7.209237e-05, "METB1": 0, "OMCDC": 4.407933e-03, "HSERTA": 1.575733e-03, "OXAt": 0, "MHPGLUT": 0, "HSK": 5.324536e-03, "METS": 1.575733e-03, "METTRS": 0, "MGSA": 0, "MI1PS2": 0, "PC": 2.996867e-02, "PDIPS": 0, "MGt5": 0, "HSTPT": 9.269019e-04, "MLTG1": 0, "PGMT": -1.730011e-03, "MLTG2": 0, "HXPRT": 0, "MNLDH2": 0, "MNLDHr": 0, "PMDPHT": 1.029891e-07, "PPTGS_TM": 2.842499e-04, "HYDFDN": 5.931815e-01, "ORNTAC": 5.489319e-03, "MNNH": 0, "MOHMT": 2.940339e-05, "ICDHyr": 1.143800e-02, "MTHFC": -2.255202e-02, "MTHFD": -2.255202e-02, "PPCOAC": 0, "MTHFR2": 2.090679e-03, "IGPDH": 9.269019e-04, "ORNTA": 2.162771e-03, "IG3PS": 9.269019e-04, "PULLe": 0, "IGPS": 5.561411e-04, "PPNDH": 1.812608e-03, "MTRI": 0, "ILETA": -2.842499e-03, "NADHDH": 0, "NTPP6": 0, "OAADC": 0, "PMPK": 0, "P5CR": 2.162771e-03, "NADK": 5.458422e-06, "EDD": 0, "OCBT": 2.893994e-03, "LEUTA": -4.407933e-03, "OCTDPS": 0, "NH4t": 1.068109e-01, "NADS1": 2.811602e-05, "ILETRS": 0, "IMPD": 2.867319e-03, "PUNP1": 0, "IPDPS": 1.583766e-04, "PNP": 0, "NMNAT": 0, "NNATr": 2.811602e-05, "OMPDC": 3.214290e-03, "INSTabc": 0, "ORNDC": 4.325542e-04, "NNAM": 0, "NNDPR": 2.811602e-05, "OOR2r": 3.089673e-08, "IPMD": 4.407933e-03, "ORPT": -3.214290e-03, "NOX": 0, "NP1": 0, "LCTSabc": 0, "NTD8": 0, "NTD1": 0, "IPPS": 4.407933e-03, "NTD3": 0, "NTD7": 0, "IPPMIa": -4.407933e-03, "NTD9": 0, "IPPMIb": -4.407933e-03, "NT5C": 0, "Kt1": 0, "LACZ": 0, "RBFK": 1.029891e-07, "LDH_L": 0, "SPRMS": 0, "LEUTRS": 0, "LYSTRS": 0, "MALT": 3.542762e-01, "SUCOAS": 0,