{"THDPS": 1.433815e-03, "NADTRHD_copy1": 0, "TDPGDH": 5.132775e-05, "TDPDRR": 5.132775e-05, "TDPDRE": 5.132775e-05, "TDMS4": 1.828520e-05, "TDMS3": 3.638821e-05, "TDMS2": 3.648759e-05, "TDMS1": 5.482247e-05, "RBFK": 0, "TATSO": 1.883177e-05, "TATS": 1.947771e-05, "THZSN": 0, "R05224": 0, "TAS": 1.452878e-04, "R05219": 0, "TARTRt7": 0, "R05217": 0, "TARTD": 0, "QULNS": 0, "TALA": 0, "THZPSN": 0, "SULabc": 1.068293e-03, "QRr": 0, "SULR": 9.422343e-04, "PYRt2": 0, "CYANST_copy1": 0, "SUCOAS": 0, "SUCD1": 0, "THRt2r": 0, "SUCCt2r": 0, "THRS": 0, "SUCBZS": 0, "THRD_L": -2.270975e-03, "PYRDC": 0, "PYK": 8.753248e-01, "PYDXO": 0, "PYDXNO": 0, "PYAM5PO": 0, "PUNP7": 0, "THMDP": 0, "THFGLUS": 0, "SUCBZL": 0, "PUNP6": 0, "PUNP5": 0, "PUNP4": 0, "PUNP3": 0, "PUNP2": 0, "PMANM": -1.060393e-03, "PUNP1": 0, "SSALy": 3.587277e-01, "PLIPA1E180": 0, "PTPATi": 0, "SSALx": 0, "PTAr": -1.377939e-01, "PLIPA1E160": 0, "PLCD": 0, "PSSA180": 0, "SPODM": 0, "PIt": -1.835607e-02, "PSSA160": 6.726105e-05, "SPMS": 0, "PSP_L": 1.581082e-02, "SOTA": 0, "PSERT": 1.581082e-02, "PIabc": 0, "SKMt2": 0, "PHYCBOXL": 0, "PHTO": 0, "PSD180": 0, "PSD160": 6.726105e-05, "PSCVT": 1.574506e-02, "PRPPS": 1.535763e-02, "PROt2r": 0, "PHTHS2": 1.006738e-02, "PHTHS": 4.521612e-06, "PHTHDLS2": 1.006738e-02, "SHSL4r": 3.024064e-02, "PHTHDLS": 4.521612e-06, "PHTHCLS": 0, "PROabc": 0, "PHTHCLR2": -9.999981e+05, "PROD2": 1.858110e+00, "PHTHCLR1": 9.999981e+05, "SHSL1": 5.778554e-04, "PRMICI": 6.727264e-04, "SHKK": 1.574506e-02, "PRFGS": 6.506285e-03, "PREPTTA": 0, "PHEt2r": 0, "PHETA1": -7.966981e-04, "SHK3Dr": 1.574506e-02, "PHDCAt": 0, "PREPTHS2": 1.006738e-02, "PREPTHS": 4.521612e-06, "PREPPACPH": 1.006738e-02, "PHDCATA": -1.068790e-04, "PREPHACPH": 4.521612e-06, "SHCHF3": 0, "PRDX": 0, "PGSA190": 9.622918e-05, "PRATPP": 6.727264e-04, "SHCHF2": 0, "PGSA160190": 2.956107e-04, "SHCHF": 0, "PGSA160": 1.074421e-04, "PRASCSi": 6.506285e-03, "PRAMPC": 6.727264e-04, "PGPPT3": 1.618174e-05, "PGPP190": 9.622918e-05, "PGPP160190": 2.956107e-04, "PGPP160": 1.074421e-04, "PRAIi": 3.333074e-04, "PRAIS": 6.506285e-03, "PRAGSr": 6.506285e-03, "PPTGS_TB2": 3.122065e-04, "PPTGS_TB1": 3.122065e-04, "PGMT": -1.958090e-03, "SHCHD3": 0, "PGM": -9.075515e-01, "PGLYCP": 0, "PGLS": 1.961021e-05, "PPTGS": 0, "PPPGO": 0, "PPNDH": 7.966981e-04, "PPND": 4.392771e-03, "PGL": 0, "PGK": -9.233623e-01, "PPNCL3": 0, "SHCHD2": 0, "PPNCL2": 0, "PGI": -5.554229e-03, "SHCHCS2": 0, "PGCD": 1.581082e-02, "PGAMT": -5.251413e-03, "PPNCL": 0, "PPK2": 0, "PFL": 5.642211e-01, "PFK": 0, "SHCHCS": 0, "PERD": 0, "G6PP": 2.702234e-03, "PEPCK_re": 0, "PPDK": 0, "SGSAD": 0, "PPDIMAT": 1.004341e-02, "PEAMNO": 0, "PPDIMAS": 1.006738e-02, "PPCSCT": 1.197779e-01, "PPCOAC": 0, "PPCK": 0, "PDX5POi": 0, "PDIMAT": 0, "PDIMAS": 4.521612e-06, "SGDS": 0, "PDHcr_copy1": 0, "PDHcr_copy2": 0, "PPCDC": 0, "PPBNGS": 0, "PPAtr": -1.197779e-01, "SERt2r": 0, "PPA": 5.359490e-02, "SERD_L": 0, "PNTK": 0, "PNCDC": 0, "PDHbr": 0, "PDHa": 0, "PMPK": 0, "SERD_D": 0, "PMDPHT": 0, "PDH": 0, "PDE4": 0, "PDE1": 0, "PC8XM": 0, "SERAT": 9.422343e-04, "PC6YM": 0, "SELCYSLY": 0, "PC6AR": 0, "EX_mal__L_e": 0, "PC20M": 0, "SDPTA": -1.433815e-03, "PC17M": 0, "SDPDS": 1.433815e-03, "PC11M": 0, "MPML": 0, "MOTS": 0, "MOTH": 0, "PC": 0, "PATS": 2.071991e-05, "PAPSR": 9.422343e-04, "PAPPT3": 1.633080e-05, "SALCS": 4.803177e-05, "PAPPT2": 3.289017e-04, "SADT2": 0, "PAPPT1": 3.289017e-04, "MOHMT": 0, "PAPA160": 0, "SADT": 1.068293e-03, "PANTS": 0, "PACt2r": 0, "MNDNS2": 0, "MNDNS1": 0, "MN6PP": 1.574531e-03, "P5CRx": 1.860397e+00, "SADH": 0, "P5CR": 0, "P5CD": 0, "MMSAD3": 0, "RZ5PP": 0, "OXGDC2": 0, "RRPPDIMAS": 1.961021e-05, "RPPDIMAS": 1.961021e-05, "MTHFD": 0, "RPI": -1.535763e-02, "MTHFC": 0, "MTAN": 0, "RPE": -1.574506e-02, "MSHS": 0, "MSHOXH": 0, "RNTR4": 0, "MSHAMID": 0, "MMSAD2": 0, "RNDR4": 6.050347e-05, "MMSAD1": 0, "UDPGALM": 3.632196e-04, "UDPG4E": 1.282018e-03, "UDPDPS2": 0, "RNDR3": 1.103571e-04, "UDPDPS": 0, "UDCPDPS": 7.801023e-05, "MMM2": 2.244253e-01, "UDCPDP": 7.024233e-04, "RNDR2": 1.102909e-04, "UAPGR": 7.365755e-04, "UAMRH": 1.618174e-05, "MME": 2.244253e-01, "MMCD": 1.197779e-01, "UAMAS": 6.741342e-04, "MI4PP": 0, "RNDR1": 5.783688e-05, "MI3PP": 0, "UAMAGS": 6.741342e-04, "UAGPT3": 1.633080e-05, "UAGPT2": 3.289017e-04, "RIBabc": 0, "MI1PS": 2.691601e-04, "RBK_L1": 0, "MI1PP": 2.691601e-04, "MHPGLUT": 0, "UAGPT1": 3.289017e-04, "UAGDP": 1.438999e-03, "RBK_Dr": -3.874342e-04, "UAGCVT": 7.365755e-04, "UAAGLS2": 3.289017e-04, "MGt5": 0, "RBK": 0, "METabc": 0, "UAAGLS1": 3.289017e-04, "UAAGDS": 1.633080e-05, "TYRt2r": -3.866806e-03, "TYRTA": -4.392771e-03, "METSOXR2": 0, "METSOXR1": 0, "TTDCAt2": 0, "METS": 1.200766e-02, "RBFSb": 0, "METOX2s": 0, "METOX1s": 0, "TSULabc": 0, "TRPt2r": 0, "TRPTA": 0, "METAT": 1.142981e-02, "RBFSa": 0, "MEPCT": 8.581125e-04, "MEOHt2": 0, "TRPS3": 0, "TRPS2": 0, "IPPMIa": -1.381814e-01, "TRPS1": 3.333074e-04, "TRIATS": 0, "TREabc": 0, "MECDPS": 8.581125e-04, "MECDPDH": 8.581125e-04, "ME1": 0, "MDH": 1.552717e-01, "TRESULT": 1.260586e-04, "TRE6PS": 6.247443e-04, "TRE6PP": 5.172360e-04, "MDFDH": 0, "IPMD": 1.381814e-01, "MCOATA": 9.016985e-02, "MCD": 0, "TRDR": 1.281223e-03, "TPI": 9.688178e-01, "TMPPP": 0, "TMPK": 0, "TMN": 0, "TMHAS6": 0, "MCBTS3": 2.481090e-05, "MCBTS2": 0, "MCBTS": 2.322088e-05, "MANAT3": 2.110086e-05, "MANAT2": 8.791471e-05, "TMHAS5": 0, "MANAT1": 2.784187e-05, "TMHAS4": 1.816926e-05, "IPDPS": 7.801023e-04, "TMHAS3": 1.828520e-05, "TMHAS2": 1.821895e-05, "MAN6PI": -2.634924e-03, "MAN1PT2": 1.060393e-03, "MAN1PT": 0, "MALt2r": 0, "TMHAS1": 1.831832e-05, "IPDDI": 0, "TMDS": 6.050347e-05, "TMDPP": 0, "TMDK1": 0, "BIOMASS_Mtb_9_60atp": 1.656268e-02, "YUMPS": 0, "TKT2": -1.574506e-02, "XYLabc": 0, "INSK": 1.107002e-02, "TKT1": 0, "INSH": 3.597911e-04, "MALTabc": 0, "XYLK": 0, "MALTHPabc": 0, "INDPYRD": 0, "MALT": 0, "XPPT": 0, "VALt2r": 0, "VALTA": -3.409047e-03, "URIK2": 0, "URIDK2r": -6.050347e-05, "UMPK_copy1": 5.075965e-03, "UREA": 0, "MALS": 0, "L_LACt3": 0, "L_LACt2r": 0, "UPPRT": 0, "IMPD": 4.145805e-03, "UPPDC2": 0, "UPPDC1": 0, "UPP3S": 0, "UPP3MT": 0, "L_LACD3": 0, "L_LACD2": 0, "L_LACD": 0, "LYSt5r": 0, "LPLIPAL2E180": 0, "UMPK_copy2": 0, "UGMDDS2": 1.618174e-05, "LPLIPAL2E160": 0, "IMPC": -7.179011e-03, "LO": 0, "UGMDDS": 1.633080e-05, "LEUt2r": -1.347909e-01, "UGMAS": 1.618174e-05, "ILEt2r": -2.651660e-02, "UGMAGS": 1.618174e-05, "UGLDDS2": 3.289017e-04, "LEUTA": -1.381814e-01, "LDH_L": 0, "UGLDDS1": 3.289017e-04, "LCTSabc": 0, "ILETA": -2.796966e-02, "UGGPT3": 1.618174e-05, "LACZ": 0, "Kt3r": 0, "Kabc": 0, "UGAGDS": 1.618174e-05, "UDPGD": 0, "KARA2": 2.796966e-02, "IGPS": 3.333074e-04, "KARA1": -1.415904e-01, "GLYCTO1": 0, "IGPDH": 6.727264e-04, "IGAMD": 0, "IG3PS": 6.727264e-04, "GLYCL": 0, "IPPS": 1.381814e-01, "ID3ACALDt": 0, "IPPMIb": -1.381814e-01, "GLYCK": 0, "ICL": 0, "GLYC3Pabc": 0, "GLYBabc": 0, "ICHORS": 0, "ICDHyr": 0, "GLXO1": 0, "IACGAMS": 0, "HXPRT": 3.597911e-04, "HSTPT": 6.727264e-04, "GLUt2r": 3.661521e-01, "EX_lys__L_e": 0, "HSST": 3.081849e-02, "EX_leu__L_e": 1.347909e-01, "GLUTRR": 0, "GLUSy": 0, "GLUR": -6.903160e-04, "HSK": 0, "GLUPRT": 6.506285e-03, "GLUDxi": 0, "HSERTA": 0, "GLUDC": 0, "GLUCYS": 0, "GLU5K": 0, "GLNSP3": 0, "EX_lcts_e": 0, "EX_lac__L_e": 0, "EX_k_e": 0, "EX_ile__L_e": 2.651660e-02, "GLNSP2": 0, "GLNSP1": 0, "HSDy": 9.999990e+05, "GLNS": 3.371614e-02, "GLGC": 0, "EX_id3acald_e": 0, "HSDxi": 999999, "EX_his__L_e": 0, "GLCabc": 0, "GLCS1": 0, "GLCP": 0, "HPPK2": 0, "EX_hdca_e": 0, "HPPK": 0, "EX_h_e": -1.473402e-01, "GK1": 1.102909e-04, "GHMT2r": 1.206817e-02, "EX_h2s_e": 0, "EX_h2o_e": 9.165929e-01, "GGLUCT2": 0, "HOPNTAL": 0, "GFUCS": 1.961021e-05, "GF6PTA": 5.251413e-03, "GCCc": 0, "EX_h2co3_e": 1.430755e+00, "EX_h2_e": 0, "GCCb": 0, "HMPK4": 0, "GCCa": 0, "GCC2": 0, "GARFT": 6.506285e-03, "GAPD": 9.233623e-01, "GALt2": 0, "EX_gthrd_e": 0, "EX_glyc_e": -1, "EX_glyc3p_e": 0, "EX_glyb_e": 0, "EX_gly_e": 0, "EX_glu__L_e": -3.661521e-01, "GALUi": 1.906762e-03,