{"THDPS": 8.773366e-04, "NADTRHD_copy1": 0, "TDPGDH": 3.140693e-05, "TDPDRR": 3.140693e-05, "TDPDRE": 3.140693e-05, "TDMS4": 1.118853e-05, "TDMS3": 2.226557e-05, "TDMS2": 2.232638e-05, "TDMS1": 3.354531e-05, "RBFK": 0, "TATSO": 1.152297e-05, "TATS": 1.191821e-05, "THZSN": 0, "R05224": 0, "TAS": 8.890015e-05, "R05219": 0, "TARTRt7": 0, "R05217": 0, "TARTD": 0, "QULNS": 0, "TALA": 0, "THZPSN": 0, "SULabc": 6.536775e-04, "QRr": 0, "SULR": 5.765436e-04, "PYRt2": 0, "CYANST_copy1": 0, "SUCOAS": 0, "SUCD1": 0, "THRt2r": 0, "SUCCt2r": 0, "THRS": 0, "SUCBZS": 0, "THRD_L": -1.389587e-03, "PYRDC": 0, "PYK": 9.215217e-01, "PYDXO": 0, "PYDXNO": 0, "PYAM5PO": 0, "PUNP7": 0, "THMDP": 0, "THFGLUS": 0, "SUCBZL": 0, "PUNP6": 0, "PUNP5": 0, "PUNP4": 0, "PUNP3": 0, "PUNP2": 0, "PMANM": -6.488434e-04, "PUNP1": 0, "SSALy": 0, "PLIPA1E180": 0, "PTPATi": 0, "SSALx": 0, "PTAr": -3.485724e-02, "PLIPA1E160": 0, "PLCD": 0, "PSSA180": 0, "SPODM": 0, "PIt": -1.123189e-02, "PSSA160": 4.115635e-05, "SPMS": 0, "PSP_L": 9.674478e-03, "SOTA": 0, "PSERT": 9.674478e-03, "PIabc": 0, "SKMt2": -1.118709e-02, "PHYCBOXL": 0, "PHTO": 0, "PSD180": 0, "PSD160": 4.115635e-05, "PSCVT": 1.122724e-03, "PRPPS": 1.207275e-02, "PROt2r": 0, "PHTHS2": 1.466467e-05, "PHTHS": 2.766728e-06, "PHTHDLS2": 1.466467e-05, "SHSL4r": 2.278700e-03, "PHTHDLS": 2.766728e-06, "PHTHCLS": 0, "PROabc": 0, "PHTHCLR2": 1.056690e+00, "PROD2": 0, "PHTHCLR1": -1.056690e+00, "SHSL1": 3.535838e-04, "PRMICI": 4.116344e-04, "SHKK": 1.122724e-03, "PRFGS": 3.981129e-03, "PREPTTA": 0, "PHEt2r": 0, "PHETA1": -4.874914e-04, "SHK3Dr": 1.230981e-02, "PHDCAt": 0, "PREPTHS2": 1.466467e-05, "PREPTHS": 2.766728e-06, "PREPPACPH": 1.466467e-05, "PHDCATA": -6.539816e-05, "PREPHACPH": 2.766728e-06, "SHCHF3": 0, "PRDX": 0, "PGSA190": 5.888165e-05, "PRATPP": 4.116344e-04, "SHCHF2": 0, "PGSA160190": 1.808812e-04, "SHCHF": 0, "PGSA160": 6.574273e-05, "PRASCSi": 3.981129e-03, "PRAMPC": 4.116344e-04, "PGPPT3": 9.901441e-06, "PGPP190": 5.888165e-05, "PGPP160190": 1.808812e-04, "PGPP160": 6.574273e-05, "PRAIi": 2.039474e-04, "PRAIS": 3.981129e-03, "PRAGSr": 3.981129e-03, "PPTGS_TB2": 1.910360e-04, "PPTGS_TB1": 1.910360e-04, "PGMT": -1.198135e-03, "SHCHD3": 0, "PGM": -9.354050e-01, "PGLYCP": 0, "PGLS": 1.199929e-05, "PPTGS": 0, "PPPGO": 0, "PPNDH": 4.874914e-04, "PPND": 3.218323e-04, "PGL": 0, "PGK": -9.450795e-01, "PPNCL3": 0, "SHCHD2": 0, "PPNCL2": 0, "PGI": -3.398576e-03, "SHCHCS2": 0, "PGCD": 9.674478e-03, "PGAMT": -3.213286e-03, "PPNCL": 0, "PPK2": 0, "PFL": 5.017775e-02, "PFK": 0, "SHCHCS": 0, "PERD": 0, "G6PP": 1.653470e-03, "PEPCK_re": 0, "PPDK": 0, "SGSAD": 0, "PPDIMAT": 0, "PEAMNO": 0, "PPDIMAS": 1.466467e-05, "PPCSCT": 4.107375e-03, "PPCOAC": 0, "PPCK": 0, "PDX5POi": 0, "PDIMAT": 0, "PDIMAS": 2.766728e-06, "SGDS": 0, "PDHcr_copy1": 0, "PDHcr_copy2": 0, "PPCDC": 0, "PPBNGS": 0, "PPAtr": -4.107375e-03, "SERt2r": 0, "PPA": 2.585439e-02, "SERD_L": 0, "PNTK": 0, "PNCDC": 0, "PDHbr": 0, "PDHa": 0, "PMPK": 0, "SERD_D": 0, "PMDPHT": 0, "PDH": 0, "PDE4": 0, "PDE1": 0, "PC8XM": 0, "SERAT": 5.765436e-04, "PC6YM": 0, "SELCYSLY": 0, "PC6AR": 0, "EX_mal__L_e": 0, "PC20M": 0, "SDPTA": -8.773366e-04, "PC17M": 0, "SDPDS": 8.773366e-04, "PC11M": 0, "MPML": 0, "MOTS": 0, "MOTH": 0, "PC": 0, "PATS": 1.267830e-05, "PAPSR": 5.765436e-04, "PAPPT3": 9.992652e-06, "SALCS": 2.939015e-05, "PAPPT2": 2.012516e-04, "SADT2": 0, "PAPPT1": 2.012516e-04, "MOHMT": 0, "PAPA160": 0, "SADT": 6.536775e-04, "PANTS": 0, "PACt2r": 0, "MNDNS2": 0, "MNDNS1": 0, "MN6PP": 9.634396e-04, "P5CRx": 1.398910e-03, "SADH": 0, "P5CR": 0, "P5CD": 0, "MMSAD3": 0, "RZ5PP": 0, "OXGDC2": 0, "RRPPDIMAS": 1.199929e-05, "RPPDIMAS": 1.199929e-05, "MTHFD": -9.999990e+05, "RPI": -1.207275e-02, "MTHFC": 6.145461e-03, "MTAN": 0, "RPE": -1.230981e-02, "MSHS": 0, "MSHOXH": 0, "RNTR4": 3.702146e-05, "MSHAMID": 0, "MMSAD2": 0, "RNDR4": 0, "MMSAD1": 0, "UDPGALM": 2.222504e-04, "UDPG4E": 7.844536e-04, "UDPDPS2": 0, "RNDR3": 6.752641e-05, "UDPDPS": 0, "UDCPDPS": 4.773366e-05, "MMM2": 6.685439e-03, "UDCPDP": 4.298057e-04, "RNDR2": 6.748587e-05, "UAPGR": 4.507031e-04, "UAMRH": 9.901441e-06, "MME": 6.685439e-03, "MMCD": 4.107375e-03, "UAMAS": 4.124959e-04, "MI4PP": 0, "RNDR1": 3.538980e-05, "MI3PP": 0, "UAMAGS": 4.124959e-04, "UAGPT3": 9.992652e-06, "UAGPT2": 2.012516e-04, "RIBabc": 0, "MI1PS": 1.646963e-04, "RBK_L1": 0, "MI1PP": 1.646963e-04, "MHPGLUT": 0, "UAGPT1": 2.012516e-04, "UAGDP": 8.805087e-04, "RBK_Dr": -2.370671e-04, "UAGCVT": 4.507031e-04, "UAAGLS2": 2.012516e-04, "MGt5": 0, "RBK": 0, "METabc": 0, "UAAGLS1": 2.012516e-04, "UAAGDS": 9.992652e-06, "TYRt2r": 0, "TYRTA": -3.218323e-04, "METSOXR2": 4.677382e-01, "METSOXR1": 0, "TTDCAt2": 0, "METS": 1.201905e-03, "RBFSb": 0, "METOX2s": 4.677382e-01, "METOX1s": 0, "TSULabc": 0, "TRPt2r": 0, "TRPTA": 0, "METAT": 8.483214e-04, "RBFSa": 0, "MEPCT": 5.250703e-04, "MEOHt2": 0, "TRPS3": 0, "TRPS2": 0, "IPPMIa": -2.074600e-03, "TRPS1": 2.039474e-04, "TRIATS": 0, "TREabc": 0, "MECDPS": 5.250703e-04, "MECDPDH": 5.250703e-04, "ME1": 0, "MDH": 0, "TRESULT": 7.713395e-05, "TRE6PS": 3.822747e-04, "TRE6PP": 3.164914e-04, "MDFDH": 0, "IPMD": 2.074600e-03, "MCOATA": 6.010327e-03, "MCD": 0, "TRDR": 4.685221e-01, "TPI": 9.782444e-01, "TMPPP": 0, "TMPK": 0, "TMN": 0, "TMHAS6": 0, "MCBTS3": 1.518153e-05, "MCBTS2": 0, "MCBTS": 1.420862e-05, "MANAT3": 1.291140e-05, "MANAT2": 5.379412e-05, "TMHAS5": 0, "MANAT1": 1.703615e-05, "TMHAS4": 1.111759e-05, "IPDPS": 4.773366e-04, "TMHAS3": 1.118853e-05, "TMHAS2": 1.114799e-05, "MAN6PI": -1.612283e-03, "MAN1PT2": 6.488434e-04, "MAN1PT": 0, "MALt2r": 0, "TMHAS1": 1.120880e-05, "IPDDI": 0, "TMDS": 3.702146e-05, "TMDPP": 0, "TMDK1": 0, "BIOMASS_Mtb_9_60atp": 1.013454e-02, "YUMPS": 0, "TKT2": -1.230981e-02, "XYLabc": 0, "INSK": 6.281689e-04, "TKT1": 0, "INSH": 2.201525e-04, "MALTabc": 0, "XYLK": 0, "MALTHPabc": 0, "INDPYRD": 0, "MALT": 0, "XPPT": 0, "VALt2r": -4.280085e-01, "VALTA": -4.300944e-01, "URIK2": 0, "URIDK2r": -3.702146e-05, "UMPK_copy1": 5.781499e-03, "UREA": 0, "MALS": 0, "L_LACt3": 0, "L_LACt2r": 0, "UPPRT": 0, "IMPD": 2.536776e-03, "UPPDC2": 0, "UPPDC1": 0, "UPP3S": 0, "UPP3MT": 0, "L_LACD3": 0, "L_LACD2": 0, "L_LACD": 0, "LYSt5r": 0, "LPLIPAL2E180": 0, "UMPK_copy2": 0, "UGMDDS2": 9.901441e-06, "LPLIPAL2E160": 0, "IMPC": -4.392764e-03, "LO": 0, "UGMDDS": 9.992652e-06, "LEUt2r": 0, "UGMAS": 9.901441e-06, "ILEt2r": 0, "UGMAGS": 9.901441e-06, "UGLDDS2": 2.012516e-04, "LEUTA": -2.074600e-03, "LDH_L": 0, "UGLDDS1": 2.012516e-04, "LCTSabc": 0, "ILETA": -8.891129e-04, "UGGPT3": 9.901441e-06, "LACZ": 0, "Kt3r": 0, "Kabc": 0, "UGAGDS": 9.901441e-06, "UDPGD": 0, "KARA2": 8.891129e-04, "IGPS": 2.039474e-04, "KARA1": -4.321690e-01, "GLYCTO1": 0, "IGPDH": 4.116344e-04, "IGAMD": 0, "IG3PS": 4.116344e-04, "GLYCL": 0, "IPPS": 2.074600e-03, "ID3ACALDt": 0, "IPPMIb": -2.074600e-03, "GLYCK": 0, "ICL": 0, "GLYC3Pabc": 0, "GLYBabc": 0, "ICHORS": 0, "ICDHyr": 0, "GLXO1": 0, "IACGAMS": 0, "HXPRT": 2.201525e-04, "HSTPT": 4.116344e-04, "GLUt2r": 4.542866e-03, "EX_lys__L_e": 0, "HSST": 2.632283e-03, "EX_leu__L_e": 0, "GLUTRR": 0, "GLUSy": 0, "GLUR": -4.223973e-04, "HSK": 0, "GLUPRT": 3.981129e-03, "GLUDxi": -9.473932e-01, "HSERTA": 0, "GLUDC": 0, "GLUCYS": 0, "GLU5K": 0, "GLNSP3": 0, "EX_lcts_e": 0, "EX_lac__L_e": 0, "EX_k_e": 0, "EX_ile__L_e": 0, "GLNSP2": 0, "GLNSP1": 0, "HSDy": 9.999990e+05, "GLNS": 2.330613e-02, "GLGC": 0, "EX_id3acald_e": 0, "HSDxi": 999999, "EX_his__L_e": 0, "GLCabc": 0, "GLCS1": 0, "GLCP": 0, "HPPK2": 0, "EX_hdca_e": 0, "HPPK": 0, "EX_h_e": 4.469675e-01, "GK1": 6.748587e-05, "GHMT2r": 7.384388e-03, "EX_h2s_e": 0, "EX_h2o_e": 1.565191e+00, "GGLUCT2": 0, "HOPNTAL": 0, "GFUCS": 1.199929e-05, "GF6PTA": 3.213286e-03, "GCCc": 0, "EX_h2co3_e": 4.870149e-01, "EX_h2_e": 0, "GCCb": 0, "HMPK4": 0, "GCCa": 0, "GCC2": 0, "GARFT": 3.981129e-03, "GAPD": 9.450795e-01, "GALt2": 0, "EX_gthrd_e": 0, "EX_glyc_e": -1, "EX_glyc3p_e": 0, "EX_glyb_e": 0, "EX_gly_e": 0, "EX_glu__L_e": -4.542866e-03, "GALUi": 1.166728e-03, "GALT": -5.622032e-04,