{"THDPS": 1.113816e-03, "NADTRHD_copy1": 0, "TDPGDH": 3.987241e-05, "TDPDRR": 3.987241e-05, "TDPDRE": 3.987241e-05, "TDMS4": 1.420431e-05, "TDMS3": 2.826708e-05, "TDMS2": 2.834428e-05, "TDMS1": 4.258719e-05, "RBFK": 0, "TATSO": 1.462889e-05, "TATS": 1.513067e-05, "THZSN": 0, "R05224": 0, "TAS": 1.128625e-04, "R05219": 0, "TARTRt7": 0, "R05217": 0, "TARTD": 0, "QULNS": 0, "TALA": -1.532686e-02, "THZPSN": 0, "SULabc": 8.298711e-04, "QRr": 0, "SULR": 7.319463e-04, "PYRt2": 0, "CYANST_copy1": 0, "SUCOAS": 0, "SUCD1": 0, "THRt2r": 0, "SUCCt2r": 0, "THRS": 0, "SUCBZS": 0, "THRD_L": -1.764139e-03, "PYRDC": 0, "PYK": 5.889290e-01, "PYDXO": 0, "PYDXNO": 0, "PYAM5PO": 0, "PUNP7": 0, "THMDP": 0, "THFGLUS": 0, "SUCBZL": 0, "PUNP6": 0, "PUNP5": 0, "PUNP4": 0, "PUNP3": 0, "PUNP2": 0, "PMANM": -8.237340e-04, "PUNP1": 0, "SSALy": 0, "PLIPA1E180": 0, "PTPATi": 0, "SSALx": 0, "PTAr": -3.201532e-02, "PLIPA1E160": 0, "PLCD": 0, "PSSA180": 0, "SPODM": 0, "PIt": -1.425936e-02, "PSSA160": 5.224972e-05, "SPMS": 0, "PSP_L": 3.038973e-01, "SOTA": 0, "PSERT": 3.038973e-01, "PIabc": 0, "SKMt2": 0, "PHYCBOXL": 0, "PHTO": 0, "PSD180": 0, "PSD160": 5.224972e-05, "PSCVT": 1.425345e-03, "PRPPS": 1.532686e-02, "PROt2r": -2.447482e-02, "PHTHS2": 1.861742e-05, "PHTHS": 3.512478e-06, "PHTHDLS2": 1.861742e-05, "SHSL4r": 2.892905e-03, "PHTHDLS": 3.512478e-06, "PHTHCLS": 0, "PROabc": 0, "PHTHCLR2": 8.777294e-01, "PROD2": 0, "PHTHCLR1": -8.777294e-01, "SHSL1": 4.488895e-04, "PRMICI": 5.225872e-04, "SHKK": 1.425345e-03, "PRFGS": 5.054211e-03, "PREPTTA": 0, "PHEt2r": 0, "PHETA1": -6.188909e-04, "SHK3Dr": 1.425345e-03, "PHDCAt": 0, "PREPTHS2": 1.861742e-05, "PREPTHS": 3.512478e-06, "PREPPACPH": 1.861742e-05, "PHDCATA": -8.302571e-05, "PREPHACPH": 3.512478e-06, "SHCHF3": 0, "PRDX": 0, "PGSA190": 7.475273e-05, "PRATPP": 5.225872e-04, "SHCHF2": 0, "PGSA160190": 2.296363e-04, "SHCHF": 0, "PGSA160": 8.346316e-05, "PRASCSi": 5.054211e-03, "PRAMPC": 5.225872e-04, "PGPPT3": 1.257030e-05, "PGPP190": 7.475273e-05, "PGPP160190": 2.296363e-04, "PGPP160": 8.346316e-05, "PRAIi": 2.589198e-04, "PRAIS": 5.054211e-03, "PRAGSr": 5.054211e-03, "PPTGS_TB2": 2.425282e-04, "PPTGS_TB1": 2.425282e-04, "PGMT": -1.521083e-03, "SHCHD3": 0, "PGM": -5.923519e-01, "PGLYCP": 0, "PGLS": 1.523360e-05, "PPTGS": 0, "PPPGO": 0, "PPNDH": 6.188909e-04, "PPND": 4.085797e-04, "PGL": 0, "PGK": -8.962492e-01, "PPNCL3": 0, "SHCHD2": 0, "PPNCL2": 0, "PGI": -4.314635e-03, "SHCHCS2": 0, "PGCD": 3.038973e-01, "PGAMT": -4.079402e-03, "PPNCL": 0, "PPK2": 0, "PFL": 7.594017e-02, "PFK": 0, "SHCHCS": 0, "PERD": 0, "G6PP": 2.099149e-03, "PEPCK_re": 0, "PPDK": 0, "SGSAD": 0, "PPDIMAT": 0, "PEAMNO": 0, "PPDIMAS": 1.861742e-05, "PPCSCT": 5.214486e-03, "PPCOAC": 0, "PPCK": 0, "PDX5POi": 0, "PDIMAT": 0, "PDIMAS": 3.512478e-06, "SGDS": 0, "PDHcr_copy1": 0, "PDHcr_copy2": 0, "PPCDC": 0, "PPBNGS": 0, "PPAtr": -5.214486e-03, "SERt2r": 0, "PPA": 3.282323e-02, "SERD_L": 0, "PNTK": 0, "PNCDC": 0, "PDHbr": 0, "PDHa": 0, "PMPK": 0, "SERD_D": 0, "PMDPHT": 0, "PDH": 0, "PDE4": 0, "PDE1": 0, "PC8XM": 0, "SERAT": 7.319463e-04, "PC6YM": 0, "SELCYSLY": 0, "PC6AR": 0, "EX_mal__L_e": 0, "PC20M": 0, "SDPTA": -1.113816e-03, "PC17M": 0, "SDPDS": 1.113816e-03, "PC11M": 0, "MPML": 0, "MOTS": 0, "MOTH": 0, "PC": 0, "PATS": 1.609564e-05, "PAPSR": 7.319463e-04, "PAPPT3": 1.268609e-05, "SALCS": 3.731204e-05, "PAPPT2": 2.554974e-04, "SADT2": 0, "PAPPT1": 2.554974e-04, "MOHMT": 0, "PAPA160": 0, "SADT": 8.298711e-04, "PANTS": 0, "PACt2r": 0, "MNDNS2": 0, "MNDNS1": 0, "MN6PP": 1.223127e-03, "P5CRx": 2.625079e-02, "SADH": 0, "P5CR": 0, "P5CD": 0, "MMSAD3": 0, "RZ5PP": 0, "OXGDC2": 0, "RRPPDIMAS": 1.523360e-05, "RPPDIMAS": 1.523360e-05, "MTHFD": -9.999984e+05, "RPI": 0, "MTHFC": 5.910323e-01, "MTAN": 0, "RPE": -3.207906e-02, "MSHS": 0, "MSHOXH": 0, "RNTR4": 0, "MSHAMID": 0, "MMSAD2": 0, "RNDR4": 4.700030e-05, "MMSAD1": 0, "UDPGALM": 2.821562e-04, "UDPG4E": 9.958968e-04, "UDPDPS2": 0, "RNDR3": 8.572762e-05, "UDPDPS": 0, "UDCPDPS": 6.059989e-05, "MMM2": 8.487446e-03, "UDCPDP": 5.456564e-04, "RNDR2": 8.567615e-05, "UAPGR": 5.721865e-04, "UAMRH": 1.257030e-05, "MME": 8.487446e-03, "MMCD": 5.214486e-03, "UAMAS": 5.236809e-04, "MI4PP": 0, "RNDR1": 4.492884e-05, "MI3PP": 0, "UAMAGS": 5.236809e-04, "UAGPT3": 1.268609e-05, "UAGPT2": 2.554974e-04, "RIBabc": 0, "MI1PS": 2.090889e-04, "RBK_L1": 0, "MI1PP": 2.090889e-04, "MHPGLUT": 0, "UAGPT1": 2.554974e-04, "UAGDP": 1.117843e-03, "RBK_Dr": -3.207906e-02, "UAGCVT": 5.721865e-04, "UAAGLS2": 2.554974e-04, "MGt5": 0, "RBK": 0, "METabc": 0, "UAAGLS1": 2.554974e-04, "UAAGDS": 1.268609e-05, "TYRt2r": 0, "TYRTA": -4.085797e-04, "METSOXR2": 9.995984e-01, "METSOXR1": 0, "TTDCAt2": 0, "METS": 1.525869e-03, "RBFSb": 0, "METOX2s": 9.995984e-01, "METOX1s": 0, "TSULabc": 0, "TRPt2r": 0, "TRPTA": 0, "METAT": 1.076980e-03, "RBFSa": 0, "MEPCT": 6.665988e-04, "MEOHt2": 0, "TRPS3": 0, "TRPS2": 0, "IPPMIa": -2.633792e-03, "TRPS1": 2.589198e-04, "TRIATS": 0, "TREabc": 0, "MECDPS": 6.665988e-04, "MECDPDH": 6.665988e-04, "ME1": 0, "MDH": 0, "TRESULT": 9.792479e-05, "TRE6PS": 4.853138e-04, "TRE6PP": 4.017992e-04, "MDFDH": 0, "IPMD": 2.633792e-03, "MCOATA": 7.630363e-03, "MCD": 0, "TRDR": 1.000594e+00, "TPI": 9.559291e-01, "TMPPP": 0, "TMPK": 0, "TMN": 0, "TMHAS6": 0, "MCBTS3": 1.927360e-05, "MCBTS2": 0, "MCBTS": 1.803844e-05, "MANAT3": 1.639156e-05, "MANAT2": 6.829389e-05, "TMHAS5": 0, "MANAT1": 2.162811e-05, "TMHAS4": 1.411424e-05, "IPDPS": 6.059989e-04, "TMHAS3": 1.420431e-05, "TMHAS2": 1.415284e-05, "MAN6PI": -2.046861e-03, "MAN1PT2": 8.237340e-04, "MAN1PT": 0, "MALt2r": 0, "TMHAS1": 1.423004e-05, "IPDDI": 0, "TMDS": 4.700030e-05, "TMDPP": 0, "TMDK1": 0, "BIOMASS_Mtb_9_60atp": 1.286622e-02, "YUMPS": 0, "TKT2": -1.675220e-02, "XYLabc": 0, "INSK": 7.974869e-04, "TKT1": -1.532686e-02, "INSH": 2.794929e-04, "MALTabc": 0, "XYLK": 0, "MALTHPabc": 0, "INDPYRD": 0, "MALT": 0, "XPPT": 0, "VALt2r": -2.467653e-01, "VALTA": -2.494135e-01, "URIK2": 0, "URIDK2r": -4.700030e-05, "UMPK_copy1": 7.339856e-03, "UREA": 0, "MALS": 0, "L_LACt3": 0, "L_LACt2r": 0, "UPPRT": 0, "IMPD": 3.220543e-03, "UPPDC2": 0, "UPPDC1": 0, "UPP3S": 0, "UPP3MT": 0, "L_LACD3": 0, "L_LACD2": 0, "L_LACD": 0, "LYSt5r": 0, "LPLIPAL2E180": 0, "UMPK_copy2": 0, "UGMDDS2": 1.257030e-05, "LPLIPAL2E160": 0, "IMPC": -5.576798e-03, "LO": 0, "UGMDDS": 1.268609e-05, "LEUt2r": 0, "UGMAS": 1.257030e-05, "ILEt2r": 0, "UGMAGS": 1.257030e-05, "UGLDDS2": 2.554974e-04, "LEUTA": -2.633792e-03, "LDH_L": 0, "UGLDDS1": 2.554974e-04, "LCTSabc": 0, "ILETA": -1.128766e-03, "UGGPT3": 1.257030e-05, "LACZ": 0, "Kt3r": 0, "Kabc": 0, "UGAGDS": 1.257030e-05, "UDPGD": 0, "KARA2": 1.128766e-03, "IGPS": 2.589198e-04, "KARA1": -2.520473e-01, "GLYCTO1": 0, "IGPDH": 5.225872e-04, "IGAMD": 0, "IG3PS": 5.225872e-04, "GLYCL": 2.916152e-01, "IPPS": 2.633792e-03, "ID3ACALDt": 0, "IPPMIb": -2.633792e-03, "GLYCK": 0, "ICL": 0, "GLYC3Pabc": 0, "GLYBabc": 0, "ICHORS": 0, "ICDHyr": 0, "GLXO1": 0, "IACGAMS": 0, "HXPRT": 2.794929e-04, "HSTPT": 5.225872e-04, "GLUt2r": 3.024218e-02, "EX_lys__L_e": 0, "HSST": 3.341795e-03, "EX_leu__L_e": 0, "GLUTRR": 0, "GLUSy": 0, "GLUR": -5.362512e-04, "HSK": 0, "GLUPRT": 5.054211e-03, "GLUDxi": -1.591309e+00, "HSERTA": 0, "GLUDC": 0, "GLUCYS": 0, "GLU5K": 0, "GLNSP3": 0, "EX_lcts_e": 0, "EX_lac__L_e": 0, "EX_k_e": 0, "EX_ile__L_e": 0, "GLNSP2": 0, "GLNSP1": 0, "HSDy": 9.999990e+05, "GLNS": 2.958811e-02, "GLGC": 0, "EX_id3acald_e": 0, "HSDxi": 999999, "EX_his__L_e": 0, "GLCabc": 0, "GLCS1": 0, "GLCP": 0, "HPPK2": 0, "EX_hdca_e": 0, "HPPK": 0, "EX_h_e": 2.443946e-01, "GK1": 8.567615e-05, "GHMT2r": 3.009900e-01, "EX_h2s_e": 0, "EX_h2o_e": 7.361781e-01, "GGLUCT2": 0, "HOPNTAL": 0, "GFUCS": 1.523360e-05, "GF6PTA": 4.079402e-03, "GCCc": 0, "EX_h2co3_e": 1.208759e+00, "EX_h2_e": 6.563415e-01, "GCCb": 0, "HMPK4": 0, "GCCa": 0, "GCC2": 0, "GARFT": 5.054211e-03, "GAPD": 8.962492e-01, "GALt2": 0, "EX_gthrd_e": 0, "EX_glyc_e": -1, "EX_glyc3p_e": 0, "EX_glyb_e": 0, "EX_gly_e": 0, "EX_glu__L_e": -3.024218e-02, "GALUi": 1.481211e-03,