{"THDPS": 1.230721e-03, "NADTRHD_copy1": 0, "TDPGDH": 4.405738e-05, "TDPDRR": 4.405738e-05, "TDPDRE": 4.405738e-05, "TDMS4": 1.569518e-05, "TDMS3": 3.123397e-05, "TDMS2": 3.131927e-05, "TDMS1": 4.705710e-05, "RBFK": 0, "TATSO": 1.616433e-05, "TATS": 1.671878e-05, "THZSN": 0, "R05224": 0, "TAS": 1.247084e-04, "R05219": 0, "TARTRt7": 0, "R05217": 0, "TARTD": 0, "QULNS": 0, "TALA": 0, "THZPSN": 0, "SULabc": 9.169736e-04, "QRr": 0, "SULR": 8.087708e-04, "PYRt2": 0, "CYANST_copy1": 0, "SUCOAS": 0, "SUCD1": 0, "THRt2r": 0, "SUCCt2r": 0, "THRS": 0, "SUCBZS": 8.620803e-03, "THRD_L": -1.949301e-03, "PYRDC": 0, "PYK": 8.240181e-01, "PYDXO": 0, "PYDXNO": 0, "PYAM5PO": 0, "PUNP7": 0, "THMDP": 0, "THFGLUS": 0, "SUCBZL": 8.620803e-03, "PUNP6": 0, "PUNP5": 0, "PUNP4": 0, "PUNP3": 0, "PUNP2": 0, "PMANM": -9.101923e-04, "PUNP1": 0, "SSALy": 7.145485e-01, "PLIPA1E180": 0, "PTPATi": 0, "SSALx": 0, "PTAr": -1.303002e-01, "PLIPA1E160": 0, "PLCD": 0, "PSSA180": 0, "SPODM": 0, "PIt": -1.575601e-02, "PSSA160": 5.773380e-05, "SPMS": 0, "PSP_L": 1.357128e-02, "SOTA": 0, "PSERT": 1.357128e-02, "PIabc": 0, "SKMt2": 0, "PHYCBOXL": 0, "PHTO": 0, "PSD180": 0, "PSD160": 5.773380e-05, "PSCVT": 1.351484e-02, "PRPPS": 1.318229e-02, "PROt2r": 0, "PHTHS2": 2.057149e-05, "PHTHS": 3.881144e-06, "PHTHDLS2": 2.057149e-05, "SHSL4r": 2.595718e-02, "PHTHDLS": 3.881144e-06, "PHTHCLS": 0, "PROabc": 0, "PHTHCLR2": -9.999972e+05, "PROD2": 2.011487e+00, "PHTHCLR1": 9.999972e+05, "SHSL1": 4.960046e-04, "PRMICI": 5.774375e-04, "SHKK": 1.351484e-02, "PRFGS": 5.584696e-03, "PREPTTA": 0, "PHEt2r": 0, "PHETA1": -6.838491e-04, "SHK3Dr": 1.351484e-02, "PHDCAt": 0, "PREPTHS2": 2.057149e-05, "PREPTHS": 3.881144e-06, "PREPPACPH": 2.057149e-05, "PHDCATA": -9.174001e-05, "PREPHACPH": 3.881144e-06, "SHCHF3": 0, "PRDX": 0, "PGSA190": 8.259871e-05, "PRATPP": 5.774375e-04, "SHCHF2": 0, "PGSA160190": 2.537387e-04, "SHCHF": 0, "PGSA160": 9.222338e-05, "PRASCSi": 5.584696e-03, "PRAMPC": 5.774375e-04, "PGPPT3": 1.388966e-05, "PGPP190": 8.259871e-05, "PGPP160190": 2.537387e-04, "PGPP160": 9.222338e-05, "PRAIi": 2.860958e-04, "PRAIS": 5.584696e-03, "PRAGSr": 5.584696e-03, "PPTGS_TB2": 2.679838e-04, "PPTGS_TB1": 2.679838e-04, "PGMT": -1.680734e-03, "SHCHD3": 0, "PGM": -8.516800e-01, "PGLYCP": 0, "PGLS": 1.683251e-05, "PPTGS": 0, "PPPGO": 0, "PPNDH": 6.838491e-04, "PPND": 3.770553e-03, "PGL": 0, "PGK": -8.652513e-01, "PPNCL3": 0, "SHCHD2": 0, "PPNCL2": 0, "PGI": -4.767495e-03, "SHCHCS2": 8.620803e-03, "PGCD": 1.357128e-02, "PGAMT": -4.507572e-03, "PPNCL": 0, "PPK2": 0, "PFL": 1.174683e-02, "PFK": 0, "SHCHCS": 0, "PERD": 0, "G6PP": 2.319474e-03, "PEPCK_re": 0, "PPDK": 0, "SGSAD": 0, "PPDIMAT": 0, "PEAMNO": 0, "PPDIMAS": 2.057149e-05, "PPCSCT": 7.289311e-01, "PPCOAC": 0, "PPCK": 0, "PDX5POi": 0, "PDIMAT": 0, "PDIMAS": 3.881144e-06, "SGDS": 0, "PDHcr_copy1": 0, "PDHcr_copy2": 0, "PPCDC": 0, "PPBNGS": 0, "PPAtr": -7.289311e-01, "SERt2r": 0, "PPA": 1.818225e-01, "SERD_L": 0, "PNTK": 0, "PNCDC": 0, "PDHbr": 0, "PDHa": 0, "PMPK": 0, "SERD_D": 0, "PMDPHT": 0, "PDH": 0, "PDE4": 0, "PDE1": 0, "PC8XM": 0, "SERAT": 8.087708e-04, "PC6YM": 0, "SELCYSLY": 0, "PC6AR": 0, "EX_mal__L_e": 0, "PC20M": 0, "SDPTA": -1.230721e-03, "PC17M": 0, "SDPDS": 1.230721e-03, "PC11M": 0, "MPML": 0, "MOTS": 0, "MOTH": 0, "PC": 0, "PATS": 1.778502e-05, "PAPSR": 8.087708e-04, "PAPPT3": 1.401761e-05, "SALCS": 4.122827e-05, "PAPPT2": 2.823141e-04, "SADT2": 0, "PAPPT1": 2.823141e-04, "MOHMT": 0, "PAPA160": 0, "SADT": 9.169736e-04, "PANTS": 0, "PACt2r": 0, "MNDNS2": 0, "MNDNS1": 0, "MN6PP": 1.351505e-03, "P5CRx": 0, "SADH": 0, "P5CR": 2.013449e+00, "P5CD": 0, "MMSAD3": 0, "RZ5PP": 0, "OXGDC2": 8.620803e-03, "RRPPDIMAS": 1.683251e-05, "RPPDIMAS": 1.683251e-05, "MTHFD": 0, "RPI": -1.318229e-02, "MTHFC": 0, "MTAN": 0, "RPE": -1.351484e-02, "MSHS": 0, "MSHOXH": 0, "RNTR4": 5.193341e-05, "MSHAMID": 0, "MMSAD2": 0, "RNDR4": 0, "MMSAD1": 0, "UDPGALM": 3.117710e-04, "UDPG4E": 1.100425e-03, "UDPDPS2": 0, "RNDR3": 9.472551e-05, "UDPDPS": 0, "UDCPDPS": 6.696040e-05, "MMM2": 7.325476e-01, "UDCPDP": 6.029279e-04, "RNDR2": 9.466864e-05, "UAPGR": 6.322427e-04, "UAMRH": 1.388966e-05, "MME": 7.325476e-01, "MMCD": 7.289311e-01, "UAMAS": 5.786459e-04, "MI4PP": 0, "RNDR1": 4.964453e-05, "MI3PP": 0, "UAMAGS": 5.786459e-04, "UAGPT3": 1.401761e-05, "UAGPT2": 2.823141e-04, "RIBabc": 0, "MI1PS": 2.310347e-04, "RBK_L1": 0, "MI1PP": 2.310347e-04, "MHPGLUT": 0, "UAGPT1": 2.823141e-04, "UAGDP": 1.235171e-03, "RBK_Dr": -3.325558e-04, "UAGCVT": 6.322427e-04, "UAAGLS2": 2.823141e-04, "MGt5": 0, "RBK": 0, "METabc": 0, "UAAGLS1": 2.823141e-04, "UAAGDS": 1.401761e-05, "TYRt2r": -3.319089e-03, "TYRTA": -3.770553e-03, "METSOXR2": 0, "METSOXR1": 0, "TTDCAt2": 0, "METS": 1.030683e-02, "RBFSb": 0, "METOX2s": 0, "METOX1s": 0, "TSULabc": 0, "TRPt2r": 0, "TRPTA": 0, "METAT": 9.810822e-03, "RBFSa": 0, "MEPCT": 6.970299e-02, "MEOHt2": 0, "TRPS3": 0, "TRPS2": 0, "IPPMIa": -2.910233e-03, "TRPS1": 2.860958e-04, "TRIATS": 0, "TREabc": 0, "MECDPS": 6.970299e-02, "MECDPDH": 6.970299e-02, "ME1": 0, "MDH": 0, "TRESULT": 1.082029e-04, "TRE6PS": 5.362519e-04, "TRE6PP": 4.439716e-04, "MDFDH": 0, "IPMD": 2.910233e-03, "MCOATA": 8.431239e-03, "MCD": 0, "TRDR": 1.099743e-03, "TPI": 9.732346e-01, "TMPPP": 0, "TMPK": 0, "TMN": 0, "TMHAS6": 0, "MCBTS3": 2.129654e-05, "MCBTS2": 0, "MCBTS": 1.993174e-05, "MANAT3": 1.811201e-05, "MANAT2": 7.546196e-05, "TMHAS5": 0, "MANAT1": 2.389818e-05, "TMHAS4": 1.559566e-05, "IPDPS": 6.101523e-02, "TMHAS3": 1.569518e-05, "TMHAS2": 1.563831e-05, "MAN6PI": -2.261698e-03, "MAN1PT2": 9.101923e-04, "MAN1PT": 0, "MALt2r": 0, "TMHAS1": 1.572361e-05, "IPDDI": 0, "TMDS": 5.193341e-05, "TMDPP": 0, "TMDK1": 0, "BIOMASS_Mtb_9_60atp": 1.421665e-02, "YUMPS": 0, "TKT2": -1.351484e-02, "XYLabc": 0, "INSK": 9.501994e-03, "TKT1": 0, "INSH": 3.088282e-04, "MALTabc": 0, "XYLK": 0, "MALTHPabc": 0, "INDPYRD": 0, "MALT": 0, "XPPT": 0, "VALt2r": -1.416663e-01, "VALTA": -1.445925e-01, "URIK2": 6.685264e-02, "URIDK2r": -5.193341e-05, "UMPK_copy1": 7.120961e-02, "UREA": 0, "MALS": 0, "L_LACt3": 0, "L_LACt2r": 0, "UPPRT": 0, "IMPD": 3.558569e-03, "UPPDC2": 0, "UPPDC1": 0, "UPP3S": 0, "UPP3MT": 0, "L_LACD3": 0, "L_LACD2": 0, "L_LACD": 0, "LYSt5r": 0, "LPLIPAL2E180": 0, "UMPK_copy2": 0, "UGMDDS2": 1.388966e-05, "LPLIPAL2E160": 0, "IMPC": -6.162134e-03, "LO": 0, "UGMDDS": 1.401761e-05, "LEUt2r": 0, "UGMAS": 1.388966e-05, "ILEt2r": -2.276064e-02, "UGMAGS": 1.388966e-05, "UGLDDS2": 2.823141e-04, "LEUTA": -2.910233e-03, "LDH_L": 0, "UGLDDS1": 2.823141e-04, "LCTSabc": 0, "ILETA": -2.400788e-02, "UGGPT3": 1.388966e-05, "LACZ": 0, "Kt3r": 0, "Kabc": 0, "UGAGDS": 1.388966e-05, "UDPGD": 0, "KARA2": 2.400788e-02, "IGPS": 2.860958e-04, "KARA1": -1.475027e-01, "GLYCTO1": 0, "IGPDH": 5.774375e-04, "IGAMD": 0, "IG3PS": 5.774375e-04, "GLYCL": 0, "IPPS": 2.910233e-03, "ID3ACALDt": 0, "IPPMIb": -2.910233e-03, "GLYCK": 0, "ICL": 0, "GLYC3Pabc": 0, "GLYBabc": 0, "ICHORS": 8.620803e-03, "ICDHyr": 0, "GLXO1": 0, "IACGAMS": 0, "HXPRT": 3.088282e-04, "HSTPT": 5.774375e-04, "GLUt2r": 7.295420e-01, "EX_lys__L_e": 0, "HSST": 2.645318e-02, "EX_leu__L_e": 0, "GLUTRR": 0, "GLUSy": 0, "GLUR": -5.925356e-04, "HSK": 0, "GLUPRT": 5.584696e-03, "GLUDxi": 0, "HSERTA": 0, "GLUDC": 0, "GLUCYS": 0, "GLU5K": 0, "GLNSP3": 0, "EX_lcts_e": 0, "EX_lac__L_e": 0, "EX_k_e": 0, "EX_ile__L_e": 2.276064e-02, "GLNSP2": 0, "GLNSP1": 0, "HSDy": 9.999990e+05, "GLNS": 2.894038e-02, "GLGC": 0, "EX_id3acald_e": 0, "HSDxi": 999999, "EX_his__L_e": 0, "GLCabc": 0, "GLCS1": 0, "GLCP": 0, "HPPK2": 0, "EX_hdca_e": 0, "HPPK": 0, "EX_h_e": -3.660386e-01, "GK1": 9.466864e-05, "GHMT2r": 1.035876e-02, "EX_h2s_e": 0, "EX_h2o_e": 4.281966e-01, "GGLUCT2": 0, "HOPNTAL": 0, "GFUCS": 1.683251e-05, "GF6PTA": 4.507572e-03, "GCCc": 0, "EX_h2co3_e": 1.707183e+00, "EX_h2_e": 0, "GCCb": 0, "HMPK4": 0, "GCCa": 0, "GCC2": 0, "GARFT": 5.584696e-03, "GAPD": 8.652513e-01, "GALt2": 0, "EX_gthrd_e": 0, "EX_glyc_e": -1, "EX_glyc3p_e": 0, "EX_glyb_e": 0, "EX_gly_e": 0, "EX_glu__L_e": -7.295420e-01,