{"THDPS": 9.369728e-04, "NADTRHD_copy1": 0, "TDPGDH": 3.354178e-05, "TDPDRR": 3.354178e-05, "TDPDRE": 3.354178e-05, "TDMS4": 1.194906e-05, "TDMS3": 2.377906e-05, "TDMS2": 2.384400e-05, "TDMS1": 3.582552e-05, "RBFK": 0, "TATSO": 1.230623e-05, "TATS": 1.272834e-05, "THZSN": 0, "R05224": 0, "TAS": 9.494305e-05, "R05219": 0, "TARTRt7": 0, "R05217": 0, "TARTD": 0, "QULNS": 0, "TALA": 0, "THZPSN": 0, "SULabc": 6.981107e-04, "QRr": 0, "SULR": 6.157336e-04, "PYRt2": 0, "CYANST_copy1": 0, "SUCOAS": 0, "SUCD1": 0, "THRt2r": 0, "SUCCt2r": 0, "THRS": 0, "SUCBZS": 0, "THRD_L": -1.484043e-03, "PYRDC": 0, "PYK": 9.185269e-01, "PYDXO": 0, "PYDXNO": 0, "PYAM5PO": 0, "PUNP7": 0, "THMDP": 0, "THFGLUS": 0, "SUCBZL": 0, "PUNP6": 0, "PUNP5": 0, "PUNP4": 0, "PUNP3": 0, "PUNP2": 0, "PMANM": -6.929479e-04, "PUNP1": 0, "SSALy": 0, "PLIPA1E180": 0, "PTPATi": 0, "SSALx": 0, "PTAr": -7.085834e-03, "PLIPA1E160": 0, "PLCD": 0, "PSSA180": 0, "SPODM": 0, "PIt": -1.199537e-02, "PSSA160": 4.395391e-05, "SPMS": 0, "PSP_L": 1.033209e-02, "SOTA": 0, "PSERT": 1.033209e-02, "PIabc": 0, "SKMt2": 0, "PHYCBOXL": 0, "PHTO": 0, "PSD180": 0, "PSD160": 4.395391e-05, "PSCVT": 1.028912e-02, "PRPPS": 1.003594e-02, "PROt2r": 0, "PHTHS2": 1.566149e-05, "PHTHS": 2.954794e-06, "PHTHDLS2": 1.566149e-05, "SHSL4r": 2.433592e-03, "PHTHDLS": 2.954794e-06, "PHTHCLS": 0, "PROabc": 0, "PHTHCLR2": 999999, "PROD2": 1.030603e+00, "PHTHCLR1": -999999, "SHSL1": 3.776183e-04, "PRMICI": 4.396149e-04, "SHKK": 1.028912e-02, "PRFGS": 4.251743e-03, "PREPTTA": 0, "PHEt2r": 0, "PHETA1": -5.206282e-04, "SHK3Dr": 1.028912e-02, "PHDCAt": 0, "PREPTHS2": 1.566149e-05, "PREPTHS": 2.954794e-06, "PREPPACPH": 1.566149e-05, "PHDCATA": -6.984354e-05, "PREPHACPH": 2.954794e-06, "SHCHF3": 0, "PRDX": 0, "PGSA190": 6.288408e-05, "PRATPP": 4.396149e-04, "SHCHF2": 0, "PGSA160190": 1.931764e-04, "SHCHF": 0, "PGSA160": 7.021153e-05, "PRASCSi": 4.251743e-03, "PRAMPC": 4.396149e-04, "PGPPT3": 1.057448e-05, "PGPP190": 6.288408e-05, "PGPP160190": 1.931764e-04, "PGPP160": 7.021153e-05, "PRAIi": 2.178105e-04, "PRAIS": 4.251743e-03, "PRAGSr": 4.251743e-03, "PPTGS_TB2": 2.040215e-04, "PPTGS_TB1": 2.040215e-04, "PGMT": -1.279577e-03, "SHCHD3": 0, "PGM": -9.395865e-01, "PGLYCP": 0, "PGLS": 1.281493e-05, "PPTGS": 0, "PPPGO": 0, "PPNDH": 5.206282e-04, "PPND": 9.433791e-03, "PGL": 0, "PGK": -9.499186e-01, "PPNCL3": 0, "SHCHD2": 0, "PPNCL2": 0, "PGI": -3.629591e-03, "SHCHCS2": 0, "PGCD": 1.033209e-02, "PGAMT": -3.431706e-03, "PPNCL": 0, "PPK2": 0, "PFL": 8.372933e-02, "PFK": 0, "SHCHCS": 0, "PERD": 0, "G6PP": 1.765863e-03, "PEPCK_re": 0, "PPDK": 0, "SGSAD": 0, "PPDIMAT": 0, "PEAMNO": 0, "PPDIMAS": 1.566149e-05, "PPCSCT": 4.386570e-03, "PPCOAC": 0, "PPCK": 0, "PDX5POi": 0, "PDIMAT": 0, "PDIMAS": 2.954794e-06, "SGDS": 0, "PDHcr_copy1": 0, "PDHcr_copy2": 0, "PPCDC": 0, "PPBNGS": 0, "PPAtr": -4.386570e-03, "SERt2r": 0, "PPA": 2.189694e-02, "SERD_L": 0, "PNTK": 0, "PNCDC": 0, "PDHbr": 0, "PDHa": 0, "PMPK": 0, "SERD_D": 0, "PMDPHT": 0, "PDH": 0, "PDE4": 0, "PDE1": 0, "PC8XM": 0, "SERAT": 6.157336e-04, "PC6YM": 0, "SELCYSLY": 0, "PC6AR": 0, "EX_mal__L_e": 0, "PC20M": 0, "SDPTA": -9.369728e-04, "PC17M": 0, "SDPDS": 9.369728e-04, "PC11M": 0, "MPML": 0, "MOTS": 0, "MOTH": 0, "PC": 1.698891e-02, "PATS": 1.354010e-05, "PAPSR": 6.157336e-04, "PAPPT3": 1.067189e-05, "SALCS": 3.138792e-05, "PAPPT2": 2.149315e-04, "SADT2": 0, "PAPPT1": 2.149315e-04, "MOHMT": 0, "PAPA160": 0, "SADT": 6.981107e-04, "PANTS": 0, "PACt2r": 0, "MNDNS2": 0, "MNDNS1": 0, "MN6PP": 1.028929e-03, "P5CRx": 0, "SADH": 0, "P5CR": 1.032097e+00, "P5CD": 0, "MMSAD3": 0, "RZ5PP": 0, "OXGDC2": 0, "RRPPDIMAS": 1.281493e-05, "RPPDIMAS": 1.281493e-05, "MTHFD": 1.204874e+00, "RPI": -1.003594e-02, "MTHFC": 6.563193e-03, "MTAN": 0, "RPE": -1.028912e-02, "MSHS": 0, "MSHOXH": 0, "RNTR4": 0, "MSHAMID": 0, "MMSAD2": 0, "RNDR4": 3.953796e-05, "MMSAD1": 0, "UDPGALM": 2.373576e-04, "UDPG4E": 8.377761e-04, "UDPDPS2": 0, "RNDR3": 7.211646e-05, "UDPDPS": 0, "UDCPDPS": 5.097831e-05, "MMM2": 7.139876e-03, "UDCPDP": 4.590213e-04, "RNDR2": 7.207316e-05, "UAPGR": 4.813392e-04, "UAMRH": 1.057448e-05, "MME": 7.139876e-03, "MMCD": 4.386570e-03, "UAMAS": 4.405349e-04, "MI4PP": 0, "RNDR1": 3.779539e-05, "MI3PP": 0, "UAMAGS": 4.405349e-04, "UAGPT3": 1.067189e-05, "UAGPT2": 2.149315e-04, "RIBabc": 0, "MI1PS": 1.758914e-04, "RBK_L1": 0, "MI1PP": 1.758914e-04, "MHPGLUT": 0, "UAGPT1": 2.149315e-04, "UAGDP": 9.403605e-04, "RBK_Dr": -2.531815e-04, "UAGCVT": 4.813392e-04, "UAAGLS2": 2.149315e-04, "MGt5": 0, "RBK": 0, "METabc": 0, "UAAGLS1": 2.149315e-04, "UAAGDS": 1.067189e-05, "TYRt2r": -9.090083e-03, "TYRTA": -9.433791e-03, "METSOXR2": 0, "METSOXR1": 0, "TTDCAt2": 0, "METS": 1.283604e-03, "RBFSb": 0, "METOX2s": 0, "METOX1s": 0, "TSULabc": 0, "TRPt2r": 0, "TRPTA": 0, "METAT": 9.059853e-04, "RBFSa": 0, "MEPCT": 5.607615e-04, "MEOHt2": 0, "TRPS3": 2.178105e-04, "TRPS2": 2.178105e-04, "IPPMIa": -2.215619e-03, "TRPS1": 0, "TRIATS": 0, "TREabc": 0, "MECDPS": 5.607615e-04, "MECDPDH": 5.607615e-04, "ME1": 0, "MDH": 0, "TRESULT": 8.237706e-05, "TRE6PS": 4.082595e-04, "TRE6PP": 3.380046e-04, "MDFDH": 0, "IPMD": 2.215619e-03, "MCOATA": 6.418873e-03, "MCD": 0, "TRDR": 8.372566e-04, "TPI": 9.796230e-01, "TMPPP": 0, "TMPK": 0, "TMN": 0, "TMHAS6": 0, "MCBTS3": 1.621349e-05, "MCBTS2": 0, "MCBTS": 1.517444e-05, "MANAT3": 1.378904e-05, "MANAT2": 5.745072e-05, "TMHAS5": 0, "MANAT1": 1.819417e-05, "TMHAS4": 1.187329e-05, "IPDPS": 5.097831e-04, "TMHAS3": 1.194906e-05, "TMHAS2": 1.190576e-05, "MAN6PI": -1.721876e-03, "MAN1PT2": 6.929479e-04, "MAN1PT": 0, "MALt2r": 0, "TMHAS1": 1.197070e-05, "IPDDI": 0, "TMDS": 3.953796e-05, "TMDPP": 0, "TMDK1": 0, "BIOMASS_Mtb_9_60atp": 1.082342e-02, "YUMPS": 0, "TKT2": -1.028912e-02, "XYLabc": 0, "INSK": 6.708681e-04, "TKT1": 0, "INSH": 2.351172e-04, "MALTabc": 0, "XYLK": 0, "MALTHPabc": 0, "INDPYRD": 0, "MALT": 0, "XPPT": 0, "VALt2r": 0, "VALTA": -2.227752e-03, "URIK2": 0, "URIDK2r": -3.953796e-05, "UMPK_copy1": 3.317054e-03, "UREA": 0, "MALS": 0, "L_LACt3": 0, "L_LACt2r": 0, "UPPRT": 0, "IMPD": 2.709211e-03, "UPPDC2": 0, "UPPDC1": 0, "UPP3S": 0, "UPP3MT": 0, "L_LACD3": 0, "L_LACD2": 0, "L_LACD": 0, "LYSt5r": 0, "LPLIPAL2E180": 0, "UMPK_copy2": 0, "UGMDDS2": 1.057448e-05, "LPLIPAL2E160": 0, "IMPC": -4.691358e-03, "LO": 0, "UGMDDS": 1.067189e-05, "LEUt2r": 0, "UGMAS": 1.057448e-05, "ILEt2r": 0, "UGMAGS": 1.057448e-05, "UGLDDS2": 2.149315e-04, "LEUTA": -2.215619e-03, "LDH_L": 0, "UGLDDS1": 2.149315e-04, "LCTSabc": 0, "ILETA": -9.495496e-04, "UGGPT3": 1.057448e-05, "LACZ": 0, "Kt3r": 0, "Kabc": 0, "UGAGDS": 1.057448e-05, "UDPGD": 0, "KARA2": 9.495496e-04, "IGPS": 2.178105e-04, "KARA1": -4.443372e-03, "GLYCTO1": 0, "IGPDH": 4.396149e-04, "IGAMD": 0, "IG3PS": 4.396149e-04, "GLYCL": 0, "IPPS": 2.215619e-03, "ID3ACALDt": 0, "IPPMIb": -2.215619e-03, "GLYCK": 0, "ICL": 0, "GLYC3Pabc": 0, "GLYBabc": 0, "ICHORS": 0, "ICDHyr": 0, "GLXO1": 0, "IACGAMS": 0, "HXPRT": 2.351172e-04, "HSTPT": 4.396149e-04, "GLUt2r": 4.851664e-03, "EX_lys__L_e": 0, "HSST": 2.811210e-03, "EX_leu__L_e": 0, "GLUTRR": 0, "GLUSy": 0, "GLUR": -4.511094e-04, "HSK": 0, "GLUPRT": 4.251743e-03, "GLUDxi": -8.525352e-01, "HSERTA": 0, "GLUDC": 0, "GLUCYS": 0, "GLU5K": 0, "GLNSP3": 0, "EX_lcts_e": 0, "EX_lac__L_e": 0, "EX_k_e": 0, "EX_ile__L_e": 0, "GLNSP2": 0, "GLNSP1": 0, "HSDy": -999999, "GLNS": 2.203290e-02, "GLGC": 0, "EX_id3acald_e": 0, "HSDxi": -9.999990e+05, "EX_his__L_e": 0, "GLCabc": 0, "GLCS1": 0, "GLCP": 0, "HPPK2": 0, "EX_hdca_e": 0, "HPPK": 0, "EX_h_e": 1.870630e+00, "GK1": 7.207316e-05, "GHMT2r": 7.886334e-03, "EX_h2s_e": 0, "EX_h2o_e": 999999, "GGLUCT2": 0, "HOPNTAL": 0, "GFUCS": 1.281493e-05, "GF6PTA": 3.431706e-03, "GCCc": 0, "EX_h2co3_e": -9.999974e+05, "EX_h2_e": 0, "GCCb": 0, "HMPK4": 0, "GCCa": 0, "GCC2": 0, "GARFT": 4.251743e-03, "GAPD": 9.499186e-01, "GALt2": 0, "EX_gthrd_e": 0, "EX_glyc_e": -1, "EX_glyc3p_e": 0, "EX_glyb_e": 0, "EX_gly_e": 0, "EX_glu__L_e": -4.851664e-03, "GALUi": 1.246036e-03, "GALT": -6.004185e-04, "GALKr": -6.004185e-04,